pokemon,id,form,rank,item,raito
リザード,5,0,1,しんかのきせき,100.0
リザードン,6,0,1,こだわりスカーフ,46.4
リザードン,6,0,2,いのちのたま,23.5
リザードン,6,0,3,こだわりメガネ,7.9
リザードン,6,0,4,もくたん,4.7
リザードン,6,0,5,オボンのみ,3.1
リザードン,6,0,6,ものしりメガネ,2.9
リザードン,6,0,7,こうかくレンズ,1.4
リザードン,6,0,8,とつげきチョッキ,1.2
リザードン,6,0,9,ひのたまプレート,1.1
リザードン,6,0,10,ぼうじんゴーグル,1.0
ピカチュウ,25,0,1,でんきだま,91.9
ピカチュウ,25,0,2,しんかのきせき,4.5
ピカチュウ,25,0,3,きあいのタスキ,3.3
ピカチュウ,25,0,4,オボンのみ,0.3
ライチュウ,26,0,1,きあいのタスキ,54.3
ライチュウ,26,0,2,とつげきチョッキ,12.8
ライチュウ,26,0,3,ふうせん,8.9
ライチュウ,26,0,4,じしゃく,5.1
ライチュウ,26,0,5,いのちのたま,4.1
ライチュウ,26,0,6,オボンのみ,2.8
ライチュウ,26,0,7,ものしりメガネ,1.2
ライチュウ,26,0,8,おんみつマント,1.2
ライチュウ,26,0,9,こだわりメガネ,1.2
ライチュウ,26,0,10,こうかくレンズ,1.1
ライチュウ,26,1,1,きあいのタスキ,29.8
ライチュウ,26,1,2,ぼうじんゴーグル,19.0
ライチュウ,26,1,3,じしゃく,10.0
ライチュウ,26,1,4,いのちのたま,9.7
ライチュウ,26,1,5,おうじゃのしるし,8.7
ライチュウ,26,1,6,エレキシード,6.3
ライチュウ,26,1,7,こだわりメガネ,3.4
ライチュウ,26,1,8,メンタルハーブ,2.1
ライチュウ,26,1,9,ひかりのこな,1.9
ライチュウ,26,1,10,だっしゅつボタン,1.6
プリン,39,0,1,しんかのきせき,99.3
プリン,39,0,2,ゆきだま,0.7
プクリン,40,0,1,のどスプレー,85.4
プクリン,40,0,2,こだわりメガネ,4.2
プクリン,40,0,3,サンのみ,2.2
プクリン,40,0,4,いのちのたま,1.8
プクリン,40,0,5,とつげきチョッキ,1.7
プクリン,40,0,6,からぶりほけん,1.4
プクリン,40,0,7,たつじんのおび,1.3
プクリン,40,0,8,せんせいのツメ,0.5
プクリン,40,0,9,ひかりのねんど,0.3
プクリン,40,0,10,ラムのみ,0.3
コンパン,48,0,1,しんかのきせき,91.2
コンパン,48,0,2,くろいてっきゅう,8.8
モルフォン,49,0,1,ゴツゴツメット,61.5
モルフォン,49,0,2,きあいのタスキ,12.3
モルフォン,49,0,3,こうかくレンズ,8.9
モルフォン,49,0,4,カムラのみ,5.4
モルフォン,49,0,5,ひかりのこな,4.3
モルフォン,49,0,6,ぼうじんゴーグル,1.3
モルフォン,49,0,7,こだわりスカーフ,1.3
モルフォン,49,0,8,いのちのたま,1.1
モルフォン,49,0,9,メンタルハーブ,1.1
モルフォン,49,0,10,ホズのみ,0.7
ダグトリオ,51,0,1,きあいのタスキ,62.5
ダグトリオ,51,0,2,ゴツゴツメット,9.4
ダグトリオ,51,0,3,だっしゅつボタン,6.3
ダグトリオ,51,0,4,こだわりスカーフ,6.3
ダグトリオ,51,0,5,こだわりハチマキ,5.2
ダグトリオ,51,0,6,クリアチャーム,4.2
ダグトリオ,51,0,7,オボンのみ,3.1
ダグトリオ,51,0,8,とつげきチョッキ,2.1
ダグトリオ,51,0,9,じゃくてんほけん,1.0
ダグトリオ,51,1,1,きあいのタスキ,83.3
ダグトリオ,51,1,2,こだわりスカーフ,4.2
ダグトリオ,51,1,3,いのちのたま,4.2
ダグトリオ,51,1,4,ゴツゴツメット,3.9
ダグトリオ,51,1,5,メンタルハーブ,1.9
ダグトリオ,51,1,6,シュカのみ,1.4
ダグトリオ,51,1,7,やわらかいすな,0.6
ダグトリオ,51,1,8,とつげきチョッキ,0.6
ニャース,52,0,1,ぼうじんゴーグル,100.0
ペルシアン,53,0,1,せんせいのツメ,31.7
ペルシアン,53,0,2,きあいのタスキ,29.6
ペルシアン,53,0,3,ゴツゴツメット,12.3
ペルシアン,53,0,4,いのちのたま,11.9
ペルシアン,53,0,5,ノーマルジュエル,5.3
ペルシアン,53,0,6,シルクのスカーフ,3.7
ペルシアン,53,0,7,ぼうじんゴーグル,1.6
ペルシアン,53,0,8,クリアチャーム,1.6
ペルシアン,53,0,9,サイコシード,0.8
ペルシアン,53,0,10,のどスプレー,0.4
ペルシアン,53,1,1,こだわりスカーフ,29.8
ペルシアン,53,1,2,オボンのみ,12.1
ペルシアン,53,1,3,とつげきチョッキ,9.8
ペルシアン,53,1,4,ゴツゴツメット,8.7
ペルシアン,53,1,5,きあいのタスキ,8.7
ペルシアン,53,1,6,くろいメガネ,8.2
ペルシアン,53,1,7,ロゼルのみ,5.6
ペルシアン,53,1,8,だっしゅつボタン,3.5
ペルシアン,53,1,9,おんみつマント,2.6
ペルシアン,53,1,10,ぼうじんゴーグル,2.0
コダック,54,0,1,きあいのタスキ,71.4
コダック,54,0,2,しんかのきせき,28.6
ゴルダック,55,0,1,きあいのタスキ,39.2
ゴルダック,55,0,2,いのちのたま,10.2
ゴルダック,55,0,3,こだわりスカーフ,9.3
ゴルダック,55,0,4,オボンのみ,7.4
ゴルダック,55,0,5,ぼうじんゴーグル,7.1
ゴルダック,55,0,6,おんみつマント,6.2
ゴルダック,55,0,7,たべのこし,4.7
ゴルダック,55,0,8,とつげきチョッキ,3.5
ゴルダック,55,0,9,ものしりメガネ,2.2
ゴルダック,55,0,10,しんぴのしずく,1.8
オコリザル,57,0,1,しんかのきせき,97.4
オコリザル,57,0,2,パンチグローブ,1.5
オコリザル,57,0,3,きあいのタスキ,0.7
オコリザル,57,0,4,こだわりスカーフ,0.3
ガーディ,58,0,1,ぼうじんゴーグル,100.0
ウインディ,59,0,1,ぼうじんゴーグル,39.6
ウインディ,59,0,2,オボンのみ,16.7
ウインディ,59,0,3,ゴツゴツメット,9.3
ウインディ,59,0,4,とつげきチョッキ,7.2
ウインディ,59,0,5,たべのこし,4.9
ウインディ,59,0,6,こだわりハチマキ,4.2
ウインディ,59,0,7,フィラのみ,2.2
ウインディ,59,0,8,バンジのみ,1.8
ウインディ,59,0,9,いのちのたま,1.8
ウインディ,59,0,10,おんみつマント,1.7
ウインディ,59,1,1,とつげきチョッキ,40.3
ウインディ,59,1,2,こだわりハチマキ,21.6
ウインディ,59,1,3,クリアチャーム,9.1
ウインディ,59,1,4,いのちのたま,7.3
ウインディ,59,1,5,ぼうじんゴーグル,5.8
ウインディ,59,1,6,オボンのみ,5.1
ウインディ,59,1,7,こだわりスカーフ,2.4
ウインディ,59,1,8,きあいのタスキ,1.2
ウインディ,59,1,9,ゴツゴツメット,1.0
ウインディ,59,1,10,こうかくレンズ,0.7
ヤドン,79,0,1,しんかのきせき,94.2
ヤドン,79,0,2,きあいのタスキ,5.8
ヤドン,79,1,1,しんかのきせき,100.0
ヤドラン,80,0,1,たべのこし,32.1
ヤドラン,80,0,2,ぼうじんゴーグル,12.8
ヤドラン,80,0,3,ゴツゴツメット,12.6
ヤドラン,80,0,4,オボンのみ,11.8
ヤドラン,80,0,5,おんみつマント,8.2
ヤドラン,80,0,6,しんかのきせき,4.8
ヤドラン,80,0,7,いのちのたま,3.3
ヤドラン,80,0,8,とつげきチョッキ,2.7
ヤドラン,80,0,9,ラムのみ,1.9
ヤドラン,80,0,10,カゴのみ,1.7
ヤドラン,80,2,1,せんせいのツメ,51.4
ヤドラン,80,2,2,オボンのみ,11.8
ヤドラン,80,2,3,とつげきチョッキ,10.6
ヤドラン,80,2,4,ものまねハーブ,6.8
ヤドラン,80,2,5,メンタルハーブ,2.7
ヤドラン,80,2,6,こだわりメガネ,2.2
ヤドラン,80,2,7,おんみつマント,2.2
ヤドラン,80,2,8,いのちのたま,2.0
ヤドラン,80,2,9,くろいヘドロ,1.9
ヤドラン,80,2,10,つめたいいわ,1.5
コイル,81,0,1,ヤタピのみ,100.0
レアコイル,82,0,1,しんかのきせき,68.3
レアコイル,82,0,2,こだわりスカーフ,14.9
レアコイル,82,0,3,こだわりメガネ,6.9
レアコイル,82,0,4,じしゃく,4.0
レアコイル,82,0,5,ゴツゴツメット,3.0
レアコイル,82,0,6,ぼうじんゴーグル,3.0
ベトベター,88,1,1,フィラのみ,100.0
ベトベトン,89,0,1,とつげきチョッキ,41.0
ベトベトン,89,0,2,くろいヘドロ,27.9
ベトベトン,89,0,3,たべのこし,13.3
ベトベトン,89,0,4,スターのみ,8.3
ベトベトン,89,0,5,メンタルハーブ,6.1
ベトベトン,89,0,6,クリアチャーム,1.0
ベトベトン,89,0,7,ふうせん,0.4
ベトベトン,89,0,8,ひかりのこな,0.4
ベトベトン,89,0,9,オボンのみ,0.4
ベトベトン,89,0,10,おうじゃのしるし,0.4
ベトベトン,89,1,1,たべのこし,44.2
ベトベトン,89,1,2,くろいヘドロ,33.1
ベトベトン,89,1,3,とつげきチョッキ,8.1
ベトベトン,89,1,4,フィラのみ,2.6
ベトベトン,89,1,5,バンジのみ,2.4
ベトベトン,89,1,6,オボンのみ,2.1
ベトベトン,89,1,7,ひかりのこな,1.0
ベトベトン,89,1,8,ゴツゴツメット,0.7
ベトベトン,89,1,9,ぼうじんゴーグル,0.6
ベトベトン,89,1,10,ちからのハチマキ,0.5
パルシェン,91,0,1,きあいのタスキ,39.4
パルシェン,91,0,2,しろいハーブ,14.2
パルシェン,91,0,3,おうじゃのしるし,13.0
パルシェン,91,0,4,とけないこおり,9.4
パルシェン,91,0,5,とつげきチョッキ,5.1
パルシェン,91,0,6,クリアチャーム,3.7
パルシェン,91,0,7,おんみつマント,3.5
パルシェン,91,0,8,たつじんのおび,2.2
パルシェン,91,0,9,ピントレンズ,2.0
パルシェン,91,0,10,ものまねハーブ,1.6
ゴース,92,0,1,たつじんのおび,50.0
ゴース,92,0,2,きあいのタスキ,50.0
ゴースト,93,0,1,しんかのきせき,65.0
ゴースト,93,0,2,きあいのタスキ,22.0
ゴースト,93,0,3,かえんだま,12.0
ゴースト,93,0,4,かわらずのいし,1.0
ゲンガー,94,0,1,きあいのタスキ,73.6
ゲンガー,94,0,2,こだわりスカーフ,4.4
ゲンガー,94,0,3,こだわりメガネ,3.4
ゲンガー,94,0,4,くろいヘドロ,3.1
ゲンガー,94,0,5,ふうせん,2.3
ゲンガー,94,0,6,こうかくレンズ,2.2
ゲンガー,94,0,7,のろいのおふだ,1.7
ゲンガー,94,0,8,たべのこし,1.6
ゲンガー,94,0,9,いのちのたま,1.0
ゲンガー,94,0,10,たつじんのおび,1.0
スリープ,96,0,1,しんかのきせき,97.5
スリープ,96,0,2,メンタルハーブ,2.5
スリーパー,97,0,1,メンタルハーブ,74.3
スリーパー,97,0,2,オボンのみ,13.3
スリーパー,97,0,3,バンジのみ,7.5
スリーパー,97,0,4,ひかりのねんど,3.5
スリーパー,97,0,5,サンのみ,1.2
スリーパー,97,0,6,まがったスプーン,0.2
ビリリダマ,100,1,1,しんかのきせき,100.0
マルマイン,101,0,1,きあいのタスキ,22.5
マルマイン,101,0,2,いのちのたま,15.2
マルマイン,101,0,3,ふうせん,13.0
マルマイン,101,0,4,こだわりハチマキ,12.0
マルマイン,101,0,5,じしゃく,8.3
マルマイン,101,0,6,ノーマルジュエル,6.2
マルマイン,101,0,7,おんみつマント,5.8
マルマイン,101,0,8,エレキシード,3.6
マルマイン,101,0,9,シュカのみ,3.3
マルマイン,101,0,10,ひかりのねんど,2.2
マルマイン,101,1,1,いかさまダイス,68.3
マルマイン,101,1,2,こだわりメガネ,6.5
マルマイン,101,1,3,きあいのタスキ,5.6
マルマイン,101,1,4,きあいのハチマキ,4.8
マルマイン,101,1,5,おんみつマント,2.7
マルマイン,101,1,6,こだわりスカーフ,2.3
マルマイン,101,1,7,いのちのたま,1.7
マルマイン,101,1,8,ひかりのねんど,1.2
マルマイン,101,1,9,ゴツゴツメット,1.2
マルマイン,101,1,10,ものしりメガネ,1.2
ラッキー,113,0,1,しんかのきせき,100.0
ストライク,123,0,1,しんかのきせき,94.1
ストライク,123,0,2,いのちのたま,2.3
ストライク,123,0,3,ちからのハチマキ,1.8
ストライク,123,0,4,こだわりハチマキ,0.9
ストライク,123,0,5,きあいのタスキ,0.9
ケンタロス,128,0,1,いのちのたま,79.4
ケンタロス,128,0,2,とつげきチョッキ,7.9
ケンタロス,128,0,3,ゴツゴツメット,4.0
ケンタロス,128,0,4,オボンのみ,3.2
ケンタロス,128,0,5,クリアチャーム,1.6
ケンタロス,128,0,6,カムラのみ,1.6
ケンタロス,128,0,7,こだわりハチマキ,0.8
ケンタロス,128,0,8,こだわりスカーフ,0.8
ケンタロス,128,0,9,シルクのスカーフ,0.8
ケンタロス,128,1,1,オボンのみ,26.8
ケンタロス,128,1,2,たべのこし,19.5
ケンタロス,128,1,3,ちからのハチマキ,17.1
ケンタロス,128,1,4,とつげきチョッキ,7.3
ケンタロス,128,1,5,くろいメガネ,4.9
ケンタロス,128,1,6,ゴツゴツメット,4.9
ケンタロス,128,1,7,いのちのたま,4.9
ケンタロス,128,1,8,ラムのみ,4.9
ケンタロス,128,1,9,こだわりスカーフ,2.4
ケンタロス,128,1,10,カゴのみ,2.4
ケンタロス,128,2,1,ぼうじんゴーグル,29.3
ケンタロス,128,2,2,とつげきチョッキ,16.1
ケンタロス,128,2,3,オボンのみ,13.9
ケンタロス,128,2,4,おんみつマント,9.5
ケンタロス,128,2,5,いのちのたま,8.3
ケンタロス,128,2,6,クリアチャーム,4.0
ケンタロス,128,2,7,たべのこし,3.0
ケンタロス,128,2,8,きあいのタスキ,2.9
ケンタロス,128,2,9,かいがらのすず,2.9
ケンタロス,128,2,10,ものまねハーブ,2.7
ケンタロス,128,3,1,ゴツゴツメット,15.4
ケンタロス,128,3,2,とつげきチョッキ,15.2
ケンタロス,128,3,3,こだわりハチマキ,13.2
ケンタロス,128,3,4,いのちのたま,10.6
ケンタロス,128,3,5,ものまねハーブ,9.3
ケンタロス,128,3,6,オボンのみ,7.8
ケンタロス,128,3,7,ぼうじんゴーグル,4.1
ケンタロス,128,3,8,しんぴのしずく,3.7
ケンタロス,128,3,9,ラムのみ,2.8
ケンタロス,128,3,10,こだわりスカーフ,2.6
コイキング,129,0,1,きあいのハチマキ,100.0
ギャラドス,130,0,1,オボンのみ,27.4
ギャラドス,130,0,2,ゴツゴツメット,21.8
ギャラドス,130,0,3,ぼうじんゴーグル,11.6
ギャラドス,130,0,4,ラムのみ,8.9
ギャラドス,130,0,5,いのちのたま,5.7
ギャラドス,130,0,6,たべのこし,4.4
ギャラドス,130,0,7,クリアチャーム,3.1
ギャラドス,130,0,8,とつげきチョッキ,2.8
ギャラドス,130,0,9,フィラのみ,2.7
ギャラドス,130,0,10,おんみつマント,1.4
メタモン,132,0,1,こだわりスカーフ,33.0
メタモン,132,0,2,オボンのみ,20.9
メタモン,132,0,3,せんせいのツメ,16.9
メタモン,132,0,4,きあいのタスキ,11.9
メタモン,132,0,5,おんみつマント,3.1
メタモン,132,0,6,ラムのみ,3.0
メタモン,132,0,7,ひかりのこな,2.7
メタモン,132,0,8,ものまねハーブ,1.9
メタモン,132,0,9,とつげきチョッキ,1.4
メタモン,132,0,10,ぼうじんゴーグル,1.4
イーブイ,133,0,1,しんかのきせき,85.7
イーブイ,133,0,2,こだわりハチマキ,14.3
シャワーズ,134,0,1,たべのこし,50.0
シャワーズ,134,0,2,しんぴのしずく,9.1
シャワーズ,134,0,3,オボンのみ,8.3
シャワーズ,134,0,4,こうかくレンズ,7.7
シャワーズ,134,0,5,とつげきチョッキ,5.4
シャワーズ,134,0,6,マゴのみ,2.4
シャワーズ,134,0,7,こだわりメガネ,2.4
シャワーズ,134,0,8,フォーカスレンズ,2.1
シャワーズ,134,0,9,バンジのみ,2.0
シャワーズ,134,0,10,いのちのたま,1.9
サンダース,135,0,1,いのちのたま,20.1
サンダース,135,0,2,こだわりメガネ,19.5
サンダース,135,0,3,きあいのタスキ,18.1
サンダース,135,0,4,じしゃく,14.5
サンダース,135,0,5,かえんだま,9.9
サンダース,135,0,6,ふうせん,5.2
サンダース,135,0,7,せんせいのツメ,3.6
サンダース,135,0,8,こだわりスカーフ,1.4
サンダース,135,0,9,オボンのみ,1.2
サンダース,135,0,10,いかさまダイス,0.9
ブースター,136,0,1,どくどくだま,45.4
ブースター,136,0,2,ラムのみ,31.2
ブースター,136,0,3,かえんだま,7.1
ブースター,136,0,4,いのちのたま,4.6
ブースター,136,0,5,とつげきチョッキ,3.9
ブースター,136,0,6,フィラのみ,1.8
ブースター,136,0,7,オボンのみ,1.8
ブースター,136,0,8,たべのこし,1.1
ブースター,136,0,9,ぼうじんゴーグル,1.1
ブースター,136,0,10,こだわりハチマキ,1.1
フリーザー,144,0,1,ひかりのこな,78.1
フリーザー,144,0,2,とつげきチョッキ,3.6
フリーザー,144,0,3,じゃくてんほけん,3.6
フリーザー,144,0,4,とけないこおり,3.1
フリーザー,144,0,5,いのちのたま,2.0
フリーザー,144,0,6,こだわりメガネ,1.5
フリーザー,144,0,7,たべのこし,1.1
フリーザー,144,0,8,おんみつマント,1.0
フリーザー,144,0,9,ゴツゴツメット,0.9
フリーザー,144,0,10,つららのプレート,0.8
フリーザー,144,1,1,オボンのみ,20.0
フリーザー,144,1,2,おんみつマント,12.7
フリーザー,144,1,3,メンタルハーブ,9.7
フリーザー,144,1,4,ぼうじんゴーグル,8.8
フリーザー,144,1,5,きあいのタスキ,8.1
フリーザー,144,1,6,じゃくてんほけん,5.5
フリーザー,144,1,7,いのちのたま,5.4
フリーザー,144,1,8,ビビリだま,4.6
フリーザー,144,1,9,たべのこし,4.0
フリーザー,144,1,10,のどスプレー,3.0
サンダー,145,0,1,ゴツゴツメット,47.9
サンダー,145,0,2,オボンのみ,13.2
サンダー,145,0,3,ぼうじんゴーグル,8.5
サンダー,145,0,4,おんみつマント,6.7
サンダー,145,0,5,たべのこし,4.6
サンダー,145,0,6,いのちのたま,4.2
サンダー,145,0,7,こだわりスカーフ,2.7
サンダー,145,0,8,こだわりメガネ,2.4
サンダー,145,0,9,とつげきチョッキ,1.5
サンダー,145,0,10,じしゃく,1.0
サンダー,145,1,1,グラスシード,41.9
サンダー,145,1,2,こだわりスカーフ,10.5
サンダー,145,1,3,きあいのタスキ,7.2
サンダー,145,1,4,いのちのたま,6.8
サンダー,145,1,5,ぼうじんゴーグル,4.2
サンダー,145,1,6,オボンのみ,3.3
サンダー,145,1,7,こだわりハチマキ,3.0
サンダー,145,1,8,おんみつマント,2.7
サンダー,145,1,9,するどいくちばし,2.4
サンダー,145,1,10,とつげきチョッキ,2.4
ファイヤー,146,0,1,ゴツゴツメット,25.5
ファイヤー,146,0,2,オボンのみ,25.5
ファイヤー,146,0,3,ぼうじんゴーグル,19.4
ファイヤー,146,0,4,こだわりスカーフ,11.6
ファイヤー,146,0,5,おんみつマント,3.2
ファイヤー,146,0,6,もくたん,2.2
ファイヤー,146,0,7,グラスシード,2.0
ファイヤー,146,0,8,ひのたまプレート,1.7
ファイヤー,146,0,9,きあいのタスキ,1.4
ファイヤー,146,0,10,いのちのたま,1.1
ファイヤー,146,1,1,オボンのみ,66.0
ファイヤー,146,1,2,カゴのみ,10.4
ファイヤー,146,1,3,じゃくてんほけん,9.3
ファイヤー,146,1,4,とつげきチョッキ,3.7
ファイヤー,146,1,5,たべのこし,1.7
ファイヤー,146,1,6,いのちのたま,1.7
ファイヤー,146,1,7,くろいメガネ,1.3
ファイヤー,146,1,8,ぼうじんゴーグル,0.7
ファイヤー,146,1,9,こだわりメガネ,0.7
ファイヤー,146,1,10,おんみつマント,0.6
ハクリュー,148,0,1,しんかのきせき,80.0
ハクリュー,148,0,2,たつじんのおび,20.0
カイリュー,149,0,1,こだわりハチマキ,72.0
カイリュー,149,0,2,とつげきチョッキ,5.0
カイリュー,149,0,3,ラムのみ,3.7
カイリュー,149,0,4,シルクのスカーフ,3.5
カイリュー,149,0,5,じゃくてんほけん,3.3
カイリュー,149,0,6,いのちのたま,2.3
カイリュー,149,0,7,クリアチャーム,1.9
カイリュー,149,0,8,ぼうじんゴーグル,1.8
カイリュー,149,0,9,ゴツゴツメット,1.1
カイリュー,149,0,10,ちからのハチマキ,1.1
マグマラシ,156,0,1,ひのたまプレート,66.7
マグマラシ,156,0,2,しんかのきせき,33.3
バクフーン,157,0,1,もくたん,31.8
バクフーン,157,0,2,こだわりスカーフ,25.2
バクフーン,157,0,3,こだわりメガネ,17.5
バクフーン,157,0,4,いのちのたま,6.2
バクフーン,157,0,5,きあいのタスキ,5.1
バクフーン,157,0,6,おんみつマント,2.9
バクフーン,157,0,7,パワフルハーブ,1.8
バクフーン,157,0,8,ものしりメガネ,1.7
バクフーン,157,0,9,あつぞこブーツ,1.7
バクフーン,157,0,10,とつげきチョッキ,1.0
バクフーン,157,1,1,こだわりスカーフ,56.0
バクフーン,157,1,2,もくたん,18.5
バクフーン,157,1,3,こだわりメガネ,15.1
バクフーン,157,1,4,いのちのたま,2.8
バクフーン,157,1,5,きあいのタスキ,2.3
バクフーン,157,1,6,くろいてっきゅう,0.8
バクフーン,157,1,7,たべのこし,0.8
バクフーン,157,1,8,ものしりメガネ,0.6
バクフーン,157,1,9,ひのたまプレート,0.4
バクフーン,157,1,10,きゅうこん,0.3
ピチュー,172,0,1,きあいのタスキ,100.0
ププリン,174,0,1,きあいのタスキ,100.0
モココ,180,0,1,しんかのきせき,100.0
デンリュウ,181,0,1,ゴツゴツメット,19.1
デンリュウ,181,0,2,せんせいのツメ,18.0
デンリュウ,181,0,3,とつげきチョッキ,15.0
デンリュウ,181,0,4,ひかりのねんど,13.6
デンリュウ,181,0,5,じしゃく,10.7
デンリュウ,181,0,6,たべのこし,5.5
デンリュウ,181,0,7,ふうせん,4.9
デンリュウ,181,0,8,おんみつマント,2.5
デンリュウ,181,0,9,オボンのみ,1.8
デンリュウ,181,0,10,シュカのみ,1.6
マリル,183,0,1,しんかのきせき,100.0
マリルリ,184,0,1,とつげきチョッキ,31.2
マリルリ,184,0,2,いのちのたま,23.9
マリルリ,184,0,3,オボンのみ,23.0
マリルリ,184,0,4,こだわりハチマキ,4.1
マリルリ,184,0,5,ぼうじんゴーグル,3.3
マリルリ,184,0,6,しんぴのしずく,2.8
マリルリ,184,0,7,クリアチャーム,2.5
マリルリ,184,0,8,たべのこし,1.8
マリルリ,184,0,9,フィラのみ,1.3
マリルリ,184,0,10,ゴツゴツメット,0.9
ウソッキー,185,0,1,とつげきチョッキ,30.0
ウソッキー,185,0,2,ちからのハチマキ,22.5
ウソッキー,185,0,3,こうかくレンズ,14.2
ウソッキー,185,0,4,いのちのたま,11.7
ウソッキー,185,0,5,こだわりハチマキ,10.0
ウソッキー,185,0,6,いかさまダイス,7.5
ウソッキー,185,0,7,じゃくてんほけん,4.2
ポポッコ,188,0,1,しんかのきせき,100.0
ワタッコ,189,0,1,ゴツゴツメット,31.9
ワタッコ,189,0,2,メンタルハーブ,19.7
ワタッコ,189,0,3,こうかくレンズ,16.4
ワタッコ,189,0,4,きあいのタスキ,15.2
ワタッコ,189,0,5,おんみつマント,9.1
ワタッコ,189,0,6,ひかりのねんど,3.4
ワタッコ,189,0,7,こだわりスカーフ,1.0
ワタッコ,189,0,8,バンジのみ,0.7
ワタッコ,189,0,9,ひかりのこな,0.6
ワタッコ,189,0,10,オボンのみ,0.5
ヒマナッツ,191,0,1,きあいのタスキ,100.0
キマワリ,192,0,1,いのちのたま,56.6
キマワリ,192,0,2,おうじゃのしるし,15.7
キマワリ,192,0,3,こだわりメガネ,12.0
キマワリ,192,0,4,きせきのタネ,6.0
キマワリ,192,0,5,きあいのタスキ,4.8
キマワリ,192,0,6,たべのこし,2.4
キマワリ,192,0,7,とつげきチョッキ,1.2
キマワリ,192,0,8,ルームサービス,1.2
ウパー,194,1,1,しんかのきせき,100.0
ヌオー,195,0,1,たべのこし,77.4
ヌオー,195,0,2,ゴツゴツメット,6.4
ヌオー,195,0,3,オボンのみ,5.6
ヌオー,195,0,4,やわらかいすな,3.8
ヌオー,195,0,5,ウイのみ,3.8
ヌオー,195,0,6,リンドのみ,1.3
ヌオー,195,0,7,おんみつマント,0.9
ヌオー,195,0,8,グラスシード,0.4
ヌオー,195,0,9,ぼうじんゴーグル,0.4
エーフィ,196,0,1,きあいのタスキ,49.6
エーフィ,196,0,2,いのちのたま,13.6
エーフィ,196,0,3,おんみつマント,9.0
エーフィ,196,0,4,オボンのみ,6.5
エーフィ,196,0,5,こだわりメガネ,3.9
エーフィ,196,0,6,ひかりのこな,3.6
エーフィ,196,0,7,まがったスプーン,2.7
エーフィ,196,0,8,ひかりのねんど,2.1
エーフィ,196,0,9,ものしりメガネ,1.8
エーフィ,196,0,10,こだわりスカーフ,1.1
ブラッキー,197,0,1,たべのこし,40.1
ブラッキー,197,0,2,ゴツゴツメット,16.2
ブラッキー,197,0,3,ぼうじんゴーグル,15.1
ブラッキー,197,0,4,オボンのみ,8.2
ブラッキー,197,0,5,くろいメガネ,4.6
ブラッキー,197,0,6,バンジのみ,3.0
ブラッキー,197,0,7,ばんのうがさ,2.5
ブラッキー,197,0,8,ひかりのねんど,2.0
ブラッキー,197,0,9,ものまねハーブ,1.4
ブラッキー,197,0,10,おんみつマント,1.3
ヤミカラス,198,0,1,しんかのきせき,77.9
ヤミカラス,198,0,2,きあいのタスキ,14.8
ヤミカラス,198,0,3,おんみつマント,5.0
ヤミカラス,198,0,4,ロゼルのみ,0.9
ヤミカラス,198,0,5,いのちのたま,0.5
ヤミカラス,198,0,6,ゴツゴツメット,0.2
ヤミカラス,198,0,7,だっしゅつボタン,0.1
ヤミカラス,198,0,8,しめったいわ,0.1
ヤミカラス,198,0,9,メンタルハーブ,0.1
ヤミカラス,198,0,10,するどいくちばし,0.1
ヤドキング,199,0,1,ぼうじんゴーグル,21.6
ヤドキング,199,0,2,おんみつマント,18.3
ヤドキング,199,0,3,ゴツゴツメット,14.9
ヤドキング,199,0,4,オボンのみ,9.5
ヤドキング,199,0,5,きあいのタスキ,5.7
ヤドキング,199,0,6,メンタルハーブ,5.7
ヤドキング,199,0,7,ナモのみ,4.6
ヤドキング,199,0,8,つめたいいわ,3.3
ヤドキング,199,0,9,たべのこし,2.9
ヤドキング,199,0,10,こうかくレンズ,2.4
ヤドキング,199,1,1,メンタルハーブ,35.9
ヤドキング,199,1,2,くろいヘドロ,13.0
ヤドキング,199,1,3,いのちのたま,8.9
ヤドキング,199,1,4,オボンのみ,7.4
ヤドキング,199,1,5,おんみつマント,6.9
ヤドキング,199,1,6,ゴツゴツメット,5.3
ヤドキング,199,1,7,つめたいいわ,3.7
ヤドキング,199,1,8,たべのこし,3.2
ヤドキング,199,1,9,ヤタピのみ,3.1
ヤドキング,199,1,10,せんせいのツメ,2.3
ムウマ,200,0,1,しんかのきせき,99.7
ムウマ,200,0,2,ひかりのこな,0.2
ムウマ,200,0,3,きあいのタスキ,0.1
キリンリキ,203,0,1,こだわりスカーフ,77.9
キリンリキ,203,0,2,しんかのきせき,20.2
キリンリキ,203,0,3,こだわりハチマキ,1.9
フォレトス,205,0,1,ノーマルジュエル,31.9
フォレトス,205,0,2,たべのこし,18.0
フォレトス,205,0,3,とつげきチョッキ,16.5
フォレトス,205,0,4,いかさまダイス,6.9
フォレトス,205,0,5,ゴツゴツメット,4.9
フォレトス,205,0,6,ぼうじんゴーグル,4.4
フォレトス,205,0,7,グラスシード,4.0
フォレトス,205,0,8,おんみつマント,2.7
フォレトス,205,0,9,いのちのたま,2.0
フォレトス,205,0,10,オボンのみ,1.5
ノコッチ,206,0,1,しんかのきせき,97.8
ノコッチ,206,0,2,たべのこし,2.2
ハリーセン,211,0,1,いのちのたま,41.4
ハリーセン,211,0,2,きあいのタスキ,18.8
ハリーセン,211,0,3,くろいヘドロ,12.4
ハリーセン,211,0,4,クリアチャーム,10.2
ハリーセン,211,0,5,ひかりのこな,4.8
ハリーセン,211,0,6,しんぴのしずく,3.8
ハリーセン,211,0,7,しんかのきせき,3.8
ハリーセン,211,0,8,たつじんのおび,2.7
ハリーセン,211,0,9,たべのこし,1.6
ハリーセン,211,0,10,こだわりスカーフ,0.5
ハリーセン,211,1,1,しんかのきせき,99.0
ハリーセン,211,1,2,くろいヘドロ,0.6
ハリーセン,211,1,3,きあいのタスキ,0.3
ハッサム,212,0,1,こだわりハチマキ,26.6
ハッサム,212,0,2,いのちのたま,10.9
ハッサム,212,0,3,クリアチャーム,10.7
ハッサム,212,0,4,オボンのみ,8.6
ハッサム,212,0,5,たつじんのおび,5.6
ハッサム,212,0,6,メタルコート,5.3
ハッサム,212,0,7,ぼうじんゴーグル,4.0
ハッサム,212,0,8,とつげきチョッキ,3.9
ハッサム,212,0,9,ラムのみ,3.8
ハッサム,212,0,10,ゴツゴツメット,3.6
ヘラクロス,214,0,1,いかさまダイス,39.1
ヘラクロス,214,0,2,こだわりスカーフ,18.0
ヘラクロス,214,0,3,かえんだま,17.7
ヘラクロス,214,0,4,いのちのたま,16.0
ヘラクロス,214,0,5,きあいのタスキ,1.7
ヘラクロス,214,0,6,とつげきチョッキ,1.6
ヘラクロス,214,0,7,どくどくだま,1.0
ヘラクロス,214,0,8,ルームサービス,1.0
ヘラクロス,214,0,9,ラムのみ,1.0
ヘラクロス,214,0,10,ぎんのこな,0.7
ニューラ,215,0,1,しんかのきせき,70.1
ニューラ,215,0,2,きあいのタスキ,23.9
ニューラ,215,0,3,こだわりスカーフ,6.0
ニューラ,215,1,1,しんかのきせき,82.1
ニューラ,215,1,2,じゃくてんほけん,14.3
ニューラ,215,1,3,こだわりスカーフ,3.6
ヒメグマ,216,0,1,バンジのみ,50.0
ヒメグマ,216,0,2,でんきだま,50.0
リングマ,217,0,1,しんかのきせき,78.8
リングマ,217,0,2,かえんだま,15.1
リングマ,217,0,3,どくどくだま,5.4
リングマ,217,0,4,オボンのみ,0.8
デリバード,225,0,1,きあいのタスキ,92.9
デリバード,225,0,2,するどいくちばし,3.6
デリバード,225,0,3,こだわりハチマキ,3.6
ヘルガー,229,0,1,きあいのタスキ,42.4
ヘルガー,229,0,2,せんせいのツメ,15.8
ヘルガー,229,0,3,もくたん,11.1
ヘルガー,229,0,4,いのちのたま,5.9
ヘルガー,229,0,5,ぼうじんゴーグル,5.0
ヘルガー,229,0,6,こだわりスカーフ,4.0
ヘルガー,229,0,7,とつげきチョッキ,3.4
ヘルガー,229,0,8,こだわりメガネ,2.8
ヘルガー,229,0,9,パワフルハーブ,2.5
ヘルガー,229,0,10,おんみつマント,2.5
ゴマゾウ,231,0,1,きあいのタスキ,100.0
ドンファン,232,0,1,ゴツゴツメット,16.7
ドンファン,232,0,2,ものまねハーブ,14.4
ドンファン,232,0,3,たつじんのおび,13.6
ドンファン,232,0,4,フォーカスレンズ,12.5
ドンファン,232,0,5,こだわりハチマキ,8.7
ドンファン,232,0,6,ちからのハチマキ,6.8
ドンファン,232,0,7,ラムのみ,6.8
ドンファン,232,0,8,とつげきチョッキ,5.3
ドンファン,232,0,9,するどいツメ,4.2
ドンファン,232,0,10,おんみつマント,3.8
オドシシ,234,0,1,しんかのきせき,96.6
オドシシ,234,0,2,オボンのみ,1.6
オドシシ,234,0,3,きあいのタスキ,1.1
オドシシ,234,0,4,こだわりスカーフ,0.5
オドシシ,234,0,5,メンタルハーブ,0.3
ハピナス,242,0,1,たべのこし,43.8
ハピナス,242,0,2,からぶりほけん,8.5
ハピナス,242,0,3,ゴツゴツメット,7.9
ハピナス,242,0,4,しんかのきせき,5.6
ハピナス,242,0,5,クリアチャーム,5.1
ハピナス,242,0,6,たつじんのおび,4.8
ハピナス,242,0,7,とつげきチョッキ,3.1
ハピナス,242,0,8,こうこうのしっぽ,2.8
ハピナス,242,0,9,カゴのみ,2.8
ハピナス,242,0,10,こだわりスカーフ,2.0
バンギラス,248,0,1,とつげきチョッキ,30.8
バンギラス,248,0,2,じゃくてんほけん,20.9
バンギラス,248,0,3,こだわりハチマキ,9.3
バンギラス,248,0,4,オボンのみ,7.2
バンギラス,248,0,5,さらさらいわ,4.3
バンギラス,248,0,6,こだわりスカーフ,4.2
バンギラス,248,0,7,クリアチャーム,3.8
バンギラス,248,0,8,いのちのたま,3.7
バンギラス,248,0,9,たべのこし,1.7
バンギラス,248,0,10,ラムのみ,1.6
ペリッパー,279,0,1,しめったいわ,54.1
ペリッパー,279,0,2,きあいのタスキ,25.4
ペリッパー,279,0,3,ゴツゴツメット,7.6
ペリッパー,279,0,4,オボンのみ,4.3
ペリッパー,279,0,5,ぼうじんゴーグル,1.5
ペリッパー,279,0,6,おんみつマント,1.0
ペリッパー,279,0,7,いのちのたま,0.9
ペリッパー,279,0,8,こだわりメガネ,0.7
ペリッパー,279,0,9,こだわりスカーフ,0.7
ペリッパー,279,0,10,だっしゅつボタン,0.4
サーナイト,282,0,1,こだわりスカーフ,23.8
サーナイト,282,0,2,おんみつマント,9.0
サーナイト,282,0,3,メンタルハーブ,9.0
サーナイト,282,0,4,きあいのタスキ,8.6
サーナイト,282,0,5,オボンのみ,6.1
サーナイト,282,0,6,こうかくレンズ,5.4
サーナイト,282,0,7,とつげきチョッキ,5.1
サーナイト,282,0,8,ものしりメガネ,3.7
サーナイト,282,0,9,こだわりメガネ,3.3
サーナイト,282,0,10,たべのこし,3.2
アメタマ,283,0,1,きあいのタスキ,50.0
アメタマ,283,0,2,しんかのきせき,50.0
アメモース,284,0,1,きあいのタスキ,24.6
アメモース,284,0,2,オボンのみ,14.6
アメモース,284,0,3,おんみつマント,14.6
アメモース,284,0,4,ぼうじんゴーグル,7.6
アメモース,284,0,5,こだわりスカーフ,6.7
アメモース,284,0,6,とつげきチョッキ,5.3
アメモース,284,0,7,ひかりのこな,5.3
アメモース,284,0,8,だっしゅつボタン,5.0
アメモース,284,0,9,メンタルハーブ,3.1
アメモース,284,0,10,たべのこし,2.5
キノココ,285,0,1,しんかのきせき,100.0
キノガッサ,286,0,1,きあいのタスキ,52.8
キノガッサ,286,0,2,いかさまダイス,31.6
キノガッサ,286,0,3,どくどくだま,4.0
キノガッサ,286,0,4,せんせいのツメ,1.8
キノガッサ,286,0,5,ちからのハチマキ,1.7
キノガッサ,286,0,6,たつじんのおび,1.5
キノガッサ,286,0,7,こだわりハチマキ,1.3
キノガッサ,286,0,8,いのちのたま,1.0
キノガッサ,286,0,9,こだわりスカーフ,0.8
キノガッサ,286,0,10,ものまねハーブ,0.7
ヤルキモノ,288,0,1,しんかのきせき,100.0
ケッキング,289,0,1,クリアチャーム,26.8
ケッキング,289,0,2,とつげきチョッキ,21.4
ケッキング,289,0,3,いのちのたま,9.6
ケッキング,289,0,4,かえんだま,7.8
ケッキング,289,0,5,こだわりハチマキ,5.1
ケッキング,289,0,6,ぼうじんゴーグル,4.2
ケッキング,289,0,7,ゴツゴツメット,4.2
ケッキング,289,0,8,たべのこし,4.1
ケッキング,289,0,9,オボンのみ,3.6
ケッキング,289,0,10,こだわりスカーフ,2.5
ハリテヤマ,297,0,1,かえんだま,79.6
ハリテヤマ,297,0,2,とつげきチョッキ,8.3
ハリテヤマ,297,0,3,どくどくだま,3.3
ハリテヤマ,297,0,4,オボンのみ,2.5
ハリテヤマ,297,0,5,おんみつマント,0.9
ハリテヤマ,297,0,6,だっしゅつボタン,0.9
ハリテヤマ,297,0,7,ぼうじんゴーグル,0.8
ハリテヤマ,297,0,8,いのちのたま,0.8
ハリテヤマ,297,0,9,パンチグローブ,0.8
ハリテヤマ,297,0,10,イアのみ,0.4
ルリリ,298,0,1,きあいのタスキ,100.0
ヤミラミ,302,0,1,ロゼルのみ,20.4
ヤミラミ,302,0,2,ひかりのねんど,19.4
ヤミラミ,302,0,3,きあいのタスキ,10.0
ヤミラミ,302,0,4,だっしゅつボタン,7.5
ヤミラミ,302,0,5,こうかくレンズ,7.4
ヤミラミ,302,0,6,オボンのみ,7.1
ヤミラミ,302,0,7,ぼうじんゴーグル,4.9
ヤミラミ,302,0,8,メンタルハーブ,4.4
ヤミラミ,302,0,9,たべのこし,3.2
ヤミラミ,302,0,10,ゴツゴツメット,3.0
チャーレム,308,0,1,きあいのタスキ,71.9
チャーレム,308,0,2,こだわりスカーフ,6.4
チャーレム,308,0,3,いのちのたま,5.2
チャーレム,308,0,4,とつげきチョッキ,4.8
チャーレム,308,0,5,メンタルハーブ,2.8
チャーレム,308,0,6,ぼうじんゴーグル,1.8
チャーレム,308,0,7,オボンのみ,1.5
チャーレム,308,0,8,おんみつマント,1.4
チャーレム,308,0,9,せんせいのツメ,0.9
チャーレム,308,0,10,ふうせん,0.8
マルノーム,317,0,1,くろいヘドロ,24.6
マルノーム,317,0,2,フィラのみ,21.3
マルノーム,317,0,3,たべのこし,19.7
マルノーム,317,0,4,リュガのみ,11.5
マルノーム,317,0,5,オボンのみ,11.5
マルノーム,317,0,6,メンタルハーブ,6.6
マルノーム,317,0,7,ウイのみ,4.9
ドンメル,322,0,1,しんかのきせき,89.3
ドンメル,322,0,2,きあいのタスキ,10.7
バクーダ,323,0,1,もくたん,32.4
バクーダ,323,0,2,ぼうじんゴーグル,10.9
バクーダ,323,0,3,オボンのみ,9.2
バクーダ,323,0,4,せんせいのツメ,7.2
バクーダ,323,0,5,いのちのたま,6.6
バクーダ,323,0,6,ゴツゴツメット,6.3
バクーダ,323,0,7,とつげきチョッキ,5.4
バクーダ,323,0,8,バンジのみ,4.0
バクーダ,323,0,9,パワフルハーブ,2.6
バクーダ,323,0,10,ピントレンズ,2.6
コータス,324,0,1,もくたん,49.2
コータス,324,0,2,こだわりメガネ,18.1
コータス,324,0,3,あついいわ,8.5
コータス,324,0,4,だっしゅつパック,7.1
コータス,324,0,5,オボンのみ,2.5
コータス,324,0,6,ぼうじんゴーグル,2.4
コータス,324,0,7,とつげきチョッキ,2.0
コータス,324,0,8,たべのこし,1.6
コータス,324,0,9,いのちのたま,1.3
コータス,324,0,10,ひのたまプレート,1.1
バネブー,325,0,1,きあいのタスキ,100.0
ブーピッグ,326,0,1,メンタルハーブ,27.5
ブーピッグ,326,0,2,こだわりスカーフ,23.9
ブーピッグ,326,0,3,おんみつマント,10.7
ブーピッグ,326,0,4,オボンのみ,10.7
ブーピッグ,326,0,5,とつげきチョッキ,9.4
ブーピッグ,326,0,6,フィラのみ,7.8
ブーピッグ,326,0,7,バンジのみ,6.5
ブーピッグ,326,0,8,ヤタピのみ,1.9
ブーピッグ,326,0,9,ナモのみ,1.3
ブーピッグ,326,0,10,たべのこし,0.3
ノクタス,332,0,1,きあいのタスキ,57.2
ノクタス,332,0,2,ひかりのこな,10.7
ノクタス,332,0,3,いのちのたま,10.4
ノクタス,332,0,4,いかさまダイス,7.6
ノクタス,332,0,5,おんみつマント,6.7
ノクタス,332,0,6,じゃくてんほけん,4.0
ノクタス,332,0,7,ゴツゴツメット,2.1
ノクタス,332,0,8,こうかくレンズ,0.6
ノクタス,332,0,9,あつぞこブーツ,0.3
ノクタス,332,0,10,くろいメガネ,0.3
チルット,333,0,1,オボンのみ,100.0
チルタリス,334,0,1,たべのこし,45.0
チルタリス,334,0,2,ゴツゴツメット,18.0
チルタリス,334,0,3,オボンのみ,7.0
チルタリス,334,0,4,ものしりメガネ,4.0
チルタリス,334,0,5,メンタルハーブ,4.0
チルタリス,334,0,6,おんみつマント,3.5
チルタリス,334,0,7,ヤチェのみ,3.0
チルタリス,334,0,8,バンジのみ,3.0
チルタリス,334,0,9,じゃくてんほけん,2.0
チルタリス,334,0,10,いのちのたま,2.0
ザングース,335,0,1,どくどくだま,84.7
ザングース,335,0,2,オボンのみ,6.1
ザングース,335,0,3,シルクのスカーフ,3.1
ザングース,335,0,4,こだわりスカーフ,3.1
ザングース,335,0,5,かえんだま,1.2
ザングース,335,0,6,ものまねハーブ,1.2
ザングース,335,0,7,くろいヘドロ,0.6
ハブネーク,336,0,1,きあいのタスキ,63.0
ハブネーク,336,0,2,こだわりハチマキ,14.8
ハブネーク,336,0,3,キーのみ,13.0
ハブネーク,336,0,4,こだわりスカーフ,3.7
ハブネーク,336,0,5,くろいヘドロ,1.9
ハブネーク,336,0,6,おんみつマント,1.9
ハブネーク,336,0,7,とつげきチョッキ,1.9
ナマズン,340,0,1,こだわりハチマキ,42.9
ナマズン,340,0,2,オボンのみ,16.7
ナマズン,340,0,3,いのちのたま,14.3
ナマズン,340,0,4,きあいのタスキ,9.5
ナマズン,340,0,5,フィラのみ,7.1
ナマズン,340,0,6,リンドのみ,4.8
ナマズン,340,0,7,とつげきチョッキ,4.8
カゲボウズ,353,0,1,きあいのタスキ,100.0
ジュペッタ,354,0,1,いのちのたま,37.3
ジュペッタ,354,0,2,ゴツゴツメット,23.5
ジュペッタ,354,0,3,ピントレンズ,17.6
ジュペッタ,354,0,4,のろいのおふだ,7.8
ジュペッタ,354,0,5,きあいのタスキ,5.9
ジュペッタ,354,0,6,ぼうじんゴーグル,3.9
ジュペッタ,354,0,7,メンタルハーブ,3.9
トロピウス,357,0,1,オボンのみ,86.7
トロピウス,357,0,2,いのちのたま,9.0
トロピウス,357,0,3,フィラのみ,1.4
トロピウス,357,0,4,おんみつマント,0.8
トロピウス,357,0,5,ヤチェのみ,0.8
トロピウス,357,0,6,だっしゅつボタン,0.5
トロピウス,357,0,7,オッカのみ,0.5
トロピウス,357,0,8,ウイのみ,0.2
トロピウス,357,0,9,たべのこし,0.2
ユキワラシ,361,0,1,しんかのきせき,100.0
オニゴーリ,362,0,1,たべのこし,44.1
オニゴーリ,362,0,2,だっしゅつパック,15.7
オニゴーリ,362,0,3,しろいハーブ,10.5
オニゴーリ,362,0,4,こうかくレンズ,8.0
オニゴーリ,362,0,5,こだわりスカーフ,6.2
オニゴーリ,362,0,6,ものまねハーブ,4.0
オニゴーリ,362,0,7,ゴツゴツメット,2.8
オニゴーリ,362,0,8,ゆきだま,2.5
オニゴーリ,362,0,9,オボンのみ,1.9
オニゴーリ,362,0,10,きあいのタスキ,0.9
ラブカス,370,0,1,ひかりのこな,80.0
ラブカス,370,0,2,たべのこし,20.0
コモルー,372,0,1,しんかのきせき,100.0
ボーマンダ,373,0,1,ぼうじんゴーグル,18.5
ボーマンダ,373,0,2,いのちのたま,12.9
ボーマンダ,373,0,3,こうかくレンズ,7.4
ボーマンダ,373,0,4,こだわりメガネ,6.5
ボーマンダ,373,0,5,きあいのタスキ,5.1
ボーマンダ,373,0,6,クリアチャーム,4.8
ボーマンダ,373,0,7,とつげきチョッキ,4.7
ボーマンダ,373,0,8,こだわりハチマキ,4.7
ボーマンダ,373,0,9,ラムのみ,4.6
ボーマンダ,373,0,10,オボンのみ,3.7
ムクバード,397,0,1,しんかのきせき,100.0
ムクホーク,398,0,1,こだわりスカーフ,68.6
ムクホーク,398,0,2,おんみつマント,7.2
ムクホーク,398,0,3,きあいのタスキ,6.5
ムクホーク,398,0,4,こだわりハチマキ,4.9
ムクホーク,398,0,5,ぼうじんゴーグル,4.8
ムクホーク,398,0,6,とつげきチョッキ,1.4
ムクホーク,398,0,7,オボンのみ,1.3
ムクホーク,398,0,8,ゴツゴツメット,1.2
ムクホーク,398,0,9,だっしゅつパック,0.8
ムクホーク,398,0,10,ラムのみ,0.7
コロトック,402,0,1,きあいのタスキ,57.5
コロトック,402,0,2,たべのこし,30.0
コロトック,402,0,3,こだわりハチマキ,10.0
コロトック,402,0,4,ひかりのこな,2.5
レントラー,405,0,1,とつげきチョッキ,25.1
レントラー,405,0,2,オボンのみ,12.2
レントラー,405,0,3,かえんだま,10.3
レントラー,405,0,4,たつじんのおび,9.4
レントラー,405,0,5,ふうせん,8.9
レントラー,405,0,6,こだわりスカーフ,8.3
レントラー,405,0,7,ホズのみ,7.0
レントラー,405,0,8,フィラのみ,5.5
レントラー,405,0,9,ぼうじんゴーグル,4.0
レントラー,405,0,10,おんみつマント,2.6
ビークイン,416,0,1,たべのこし,47.4
ビークイン,416,0,2,だっしゅつボタン,19.1
ビークイン,416,0,3,ゴツゴツメット,14.5
ビークイン,416,0,4,ヤタピのみ,7.2
ビークイン,416,0,5,きあいのタスキ,6.6
ビークイン,416,0,6,オボンのみ,2.6
ビークイン,416,0,7,おんみつマント,2.0
ビークイン,416,0,8,クリアチャーム,0.7
パチリス,417,0,1,オボンのみ,37.6
パチリス,417,0,2,こだわりスカーフ,20.2
パチリス,417,0,3,エレキシード,8.9
パチリス,417,0,4,ゴツゴツメット,8.2
パチリス,417,0,5,ふうせん,6.6
パチリス,417,0,6,イアのみ,5.5
パチリス,417,0,7,たべのこし,3.2
パチリス,417,0,8,ぼうじんゴーグル,2.6
パチリス,417,0,9,バンジのみ,1.7
パチリス,417,0,10,とつげきチョッキ,1.3
フローゼル,419,0,1,いのちのたま,36.4
フローゼル,419,0,2,しんぴのしずく,26.0
フローゼル,419,0,3,こだわりハチマキ,25.8
フローゼル,419,0,4,きあいのタスキ,4.3
フローゼル,419,0,5,ぼうじんゴーグル,3.4
フローゼル,419,0,6,ラムのみ,0.9
フローゼル,419,0,7,レッドカード,0.9
フローゼル,419,0,8,こだわりスカーフ,0.7
フローゼル,419,0,9,オボンのみ,0.6
フローゼル,419,0,10,ちからのハチマキ,0.4
トリトドン,423,0,1,たべのこし,40.9
トリトドン,423,0,2,ゴツゴツメット,21.5
トリトドン,423,0,3,オボンのみ,14.3
トリトドン,423,0,4,おんみつマント,3.5
トリトドン,423,0,5,とつげきチョッキ,3.5
トリトドン,423,0,6,たつじんのおび,2.5
トリトドン,423,0,7,ぼうじんゴーグル,2.1
トリトドン,423,0,8,いのちのたま,1.9
トリトドン,423,0,9,リンドのみ,1.7
トリトドン,423,0,10,せんせいのツメ,1.2
フワンテ,425,0,1,きあいのタスキ,100.0
フワライド,426,0,1,サイコシード,34.5
フワライド,426,0,2,グラスシード,17.5
フワライド,426,0,3,きあいのタスキ,14.2
フワライド,426,0,4,オボンのみ,8.6
フワライド,426,0,5,じゃくてんほけん,7.2
フワライド,426,0,6,かえんだま,6.0
フワライド,426,0,7,メンタルハーブ,3.1
フワライド,426,0,8,ものまねハーブ,2.5
フワライド,426,0,9,たべのこし,2.3
フワライド,426,0,10,ひかりのこな,0.8
ムウマージ,429,0,1,きあいのタスキ,40.2
ムウマージ,429,0,2,ものまねハーブ,8.9
ムウマージ,429,0,3,じしゃく,6.7
ムウマージ,429,0,4,カシブのみ,6.7
ムウマージ,429,0,5,メンタルハーブ,5.6
ムウマージ,429,0,6,こだわりスカーフ,5.6
ムウマージ,429,0,7,こだわりメガネ,4.5
ムウマージ,429,0,8,おんみつマント,3.9
ムウマージ,429,0,9,ものしりメガネ,3.4
ムウマージ,429,0,10,ぼうじんゴーグル,2.8
ドンカラス,430,0,1,ピントレンズ,23.0
ドンカラス,430,0,2,くろいメガネ,22.2
ドンカラス,430,0,3,きあいのタスキ,16.3
ドンカラス,430,0,4,ロゼルのみ,11.3
ドンカラス,430,0,5,いのちのたま,8.6
ドンカラス,430,0,6,するどいツメ,5.4
ドンカラス,430,0,7,するどいくちばし,4.3
ドンカラス,430,0,8,パワフルハーブ,3.5
ドンカラス,430,0,9,たつじんのおび,2.3
ドンカラス,430,0,10,オボンのみ,1.6
スカタンク,435,0,1,たべのこし,64.9
スカタンク,435,0,2,シュカのみ,18.4
スカタンク,435,0,3,くろいヘドロ,7.9
スカタンク,435,0,4,とつげきチョッキ,3.5
スカタンク,435,0,5,おうじゃのしるし,2.6
スカタンク,435,0,6,こだわりハチマキ,1.8
スカタンク,435,0,7,くろいメガネ,0.9
ドーミラー,436,0,1,しんかのきせき,100.0
ドータクン,437,0,1,メンタルハーブ,36.4
ドータクン,437,0,2,たべのこし,25.1
ドータクン,437,0,3,ぼうじんゴーグル,8.8
ドータクン,437,0,4,きあいのタスキ,8.0
ドータクン,437,0,5,ゴツゴツメット,4.7
ドータクン,437,0,6,オボンのみ,4.3
ドータクン,437,0,7,おんみつマント,4.1
ドータクン,437,0,8,ひかりのねんど,1.8
ドータクン,437,0,9,オッカのみ,1.7
ドータクン,437,0,10,カシブのみ,0.9
ウソハチ,438,0,1,こだわりハチマキ,95.0
ウソハチ,438,0,2,しんかのきせき,5.0
ピンプク,440,0,1,しんかのきせき,100.0
ミカルゲ,442,0,1,ロゼルのみ,24.0
ミカルゲ,442,0,2,ぼうじんゴーグル,18.0
ミカルゲ,442,0,3,メンタルハーブ,11.4
ミカルゲ,442,0,4,オボンのみ,10.7
ミカルゲ,442,0,5,たべのこし,9.7
ミカルゲ,442,0,6,きあいのタスキ,8.7
ミカルゲ,442,0,7,こうかくレンズ,3.7
ミカルゲ,442,0,8,ゴツゴツメット,2.6
ミカルゲ,442,0,9,おんみつマント,1.8
ミカルゲ,442,0,10,のろいのおふだ,1.5
ガブリアス,445,0,1,クリアチャーム,24.5
ガブリアス,445,0,2,ゴツゴツメット,17.6
ガブリアス,445,0,3,いのちのたま,15.4
ガブリアス,445,0,4,こだわりハチマキ,8.0
ガブリアス,445,0,5,とつげきチョッキ,6.9
ガブリアス,445,0,6,こだわりスカーフ,6.0
ガブリアス,445,0,7,ラムのみ,4.2
ガブリアス,445,0,8,ひかりのこな,3.9
ガブリアス,445,0,9,やわらかいすな,2.9
ガブリアス,445,0,10,オボンのみ,2.1
リオル,447,0,1,きあいのタスキ,48.5
リオル,447,0,2,しんかのきせき,44.2
リオル,447,0,3,じゃくてんほけん,4.9
リオル,447,0,4,おんみつマント,1.0
リオル,447,0,5,こうかくレンズ,1.0
リオル,447,0,6,ものまねハーブ,0.5
ルカリオ,448,0,1,いのちのたま,25.0
ルカリオ,448,0,2,きあいのタスキ,22.1
ルカリオ,448,0,3,ビビリだま,16.9
ルカリオ,448,0,4,こだわりハチマキ,6.7
ルカリオ,448,0,5,とつげきチョッキ,5.7
ルカリオ,448,0,6,オボンのみ,4.2
ルカリオ,448,0,7,クリアチャーム,3.3
ルカリオ,448,0,8,パンチグローブ,1.8
ルカリオ,448,0,9,こだわりメガネ,1.4
ルカリオ,448,0,10,こだわりスカーフ,1.3
ヒポポタス,449,0,1,しんかのきせき,100.0
カバルドン,450,0,1,ゴツゴツメット,33.8
カバルドン,450,0,2,オボンのみ,14.3
カバルドン,450,0,3,たべのこし,10.4
カバルドン,450,0,4,さらさらいわ,10.1
カバルドン,450,0,5,とつげきチョッキ,9.3
カバルドン,450,0,6,せんせいのツメ,5.1
カバルドン,450,0,7,バンジのみ,4.4
カバルドン,450,0,8,ぼうじんゴーグル,2.9
カバルドン,450,0,9,カゴのみ,2.4
カバルドン,450,0,10,ひかりごけ,1.5
ドクロッグ,454,0,1,とつげきチョッキ,65.4
ドクロッグ,454,0,2,たつじんのおび,5.3
ドクロッグ,454,0,3,くろいヘドロ,5.2
ドクロッグ,454,0,4,きあいのタスキ,4.9
ドクロッグ,454,0,5,たべのこし,4.8
ドクロッグ,454,0,6,いのちのたま,3.6
ドクロッグ,454,0,7,オボンのみ,3.3
ドクロッグ,454,0,8,おんみつマント,3.1
ドクロッグ,454,0,9,こだわりスカーフ,1.3
ドクロッグ,454,0,10,クリアチャーム,1.0
ネオラント,457,0,1,きあいのタスキ,51.7
ネオラント,457,0,2,おんみつマント,20.2
ネオラント,457,0,3,たべのこし,9.4
ネオラント,457,0,4,オボンのみ,4.1
ネオラント,457,0,5,メンタルハーブ,3.0
ネオラント,457,0,6,しめつけバンド,2.1
ネオラント,457,0,7,しんぴのしずく,1.6
ネオラント,457,0,8,ソクノのみ,1.4
ネオラント,457,0,9,ゴツゴツメット,1.3
ネオラント,457,0,10,ぼうじんゴーグル,0.8
ユキカブリ,459,0,1,しんかのきせき,100.0
ユキノオー,460,0,1,ゴツゴツメット,30.9
ユキノオー,460,0,2,ひかりのねんど,16.4
ユキノオー,460,0,3,きあいのタスキ,13.8
ユキノオー,460,0,4,つめたいいわ,11.1
ユキノオー,460,0,5,いのちのたま,6.1
ユキノオー,460,0,6,オボンのみ,4.0
ユキノオー,460,0,7,とつげきチョッキ,3.7
ユキノオー,460,0,8,じゃくてんほけん,3.5
ユキノオー,460,0,9,たべのこし,1.9
ユキノオー,460,0,10,こだわりメガネ,1.7
マニューラ,461,0,1,きあいのタスキ,35.1
マニューラ,461,0,2,いのちのたま,22.3
マニューラ,461,0,3,おうじゃのしるし,10.6
マニューラ,461,0,4,ゴツゴツメット,5.4
マニューラ,461,0,5,とつげきチョッキ,5.0
マニューラ,461,0,6,ピントレンズ,4.5
マニューラ,461,0,7,ものまねハーブ,2.6
マニューラ,461,0,8,クリアチャーム,2.4
マニューラ,461,0,9,するどいツメ,2.3
マニューラ,461,0,10,とけないこおり,1.7
ジバコイル,462,0,1,とつげきチョッキ,32.9
ジバコイル,462,0,2,ふうせん,9.8
ジバコイル,462,0,3,こだわりメガネ,8.9
ジバコイル,462,0,4,たべのこし,8.3
ジバコイル,462,0,5,じゃくてんほけん,5.0
ジバコイル,462,0,6,じしゃく,4.8
ジバコイル,462,0,7,いのちのたま,4.5
ジバコイル,462,0,8,メトロノーム,3.8
ジバコイル,462,0,9,きあいのタスキ,3.3
ジバコイル,462,0,10,ゴツゴツメット,3.2
リーフィア,470,0,1,きあいのタスキ,33.5
リーフィア,470,0,2,いのちのたま,18.5
リーフィア,470,0,3,クリアチャーム,14.4
リーフィア,470,0,4,きせきのタネ,8.7
リーフィア,470,0,5,いかさまダイス,8.1
リーフィア,470,0,6,ピントレンズ,3.7
リーフィア,470,0,7,するどいツメ,2.0
リーフィア,470,0,8,ちからのハチマキ,1.8
リーフィア,470,0,9,たべのこし,1.6
リーフィア,470,0,10,オボンのみ,1.2
グレイシア,471,0,1,ひかりのこな,31.7
グレイシア,471,0,2,とつげきチョッキ,19.5
グレイシア,471,0,3,とけないこおり,11.4
グレイシア,471,0,4,たべのこし,8.9
グレイシア,471,0,5,いのちのたま,6.4
グレイシア,471,0,6,こだわりメガネ,4.9
グレイシア,471,0,7,オボンのみ,4.0
グレイシア,471,0,8,じゃくてんほけん,3.5
グレイシア,471,0,9,ゴツゴツメット,2.9
グレイシア,471,0,10,おんみつマント,2.4
エルレイド,475,0,1,きあいのタスキ,24.0
エルレイド,475,0,2,ピントレンズ,16.4
エルレイド,475,0,3,するどいツメ,8.3
エルレイド,475,0,4,いのちのたま,6.3
エルレイド,475,0,5,クリアチャーム,6.3
エルレイド,475,0,6,とつげきチョッキ,5.7
エルレイド,475,0,7,ぼうじんゴーグル,4.7
エルレイド,475,0,8,くろおび,4.5
エルレイド,475,0,9,ロゼルのみ,4.2
エルレイド,475,0,10,ものまねハーブ,2.6
ユキメノコ,478,0,1,きあいのタスキ,46.3
ユキメノコ,478,0,2,ひかりのこな,20.4
ユキメノコ,478,0,3,ひかりのねんど,10.8
ユキメノコ,478,0,4,こだわりメガネ,7.4
ユキメノコ,478,0,5,こだわりスカーフ,4.6
ユキメノコ,478,0,6,こうかくレンズ,3.6
ユキメノコ,478,0,7,とけないこおり,2.8
ユキメノコ,478,0,8,ゴツゴツメット,0.8
ユキメノコ,478,0,9,ものしりメガネ,0.6
ユキメノコ,478,0,10,せんせいのツメ,0.6
ロトム,479,0,1,きあいのタスキ,40.6
ロトム,479,0,2,たべのこし,26.1
ロトム,479,0,3,オボンのみ,15.9
ロトム,479,0,4,いのちのたま,7.2
ロトム,479,0,5,くろいヘドロ,4.3
ロトム,479,0,6,こだわりメガネ,4.3
ロトム,479,0,7,たつじんのおび,1.4
ロトム,479,1,1,オボンのみ,16.5
ロトム,479,1,2,ぼうじんゴーグル,14.1
ロトム,479,1,3,こだわりスカーフ,12.4
ロトム,479,1,4,いのちのたま,10.5
ロトム,479,1,5,たべのこし,9.4
ロトム,479,1,6,こだわりメガネ,9.0
ロトム,479,1,7,かえんだま,6.1
ロトム,479,1,8,ウイのみ,5.8
ロトム,479,1,9,とつげきチョッキ,4.4
ロトム,479,1,10,こだわりハチマキ,2.8
ロトム,479,2,1,オボンのみ,33.4
ロトム,479,2,2,こだわりスカーフ,14.9
ロトム,479,2,3,こだわりメガネ,9.6
ロトム,479,2,4,たべのこし,8.2
ロトム,479,2,5,こうかくレンズ,5.3
ロトム,479,2,6,とつげきチョッキ,5.0
ロトム,479,2,7,ゴツゴツメット,4.6
ロトム,479,2,8,いのちのたま,4.0
ロトム,479,2,9,ぼうじんゴーグル,3.5
ロトム,479,2,10,ウイのみ,2.0
ロトム,479,3,1,こだわりメガネ,23.1
ロトム,479,3,2,オボンのみ,15.4
ロトム,479,3,3,とつげきチョッキ,9.3
ロトム,479,3,4,こうかくレンズ,7.7
ロトム,479,3,5,じゃくてんほけん,6.5
ロトム,479,3,6,ゴツゴツメット,6.5
ロトム,479,3,7,レッドカード,6.1
ロトム,479,3,8,しろいハーブ,4.9
ロトム,479,3,9,こだわりスカーフ,4.5
ロトム,479,3,10,きあいのタスキ,4.0
ロトム,479,4,1,ものまねハーブ,33.3
ロトム,479,4,2,ラムのみ,25.0
ロトム,479,4,3,たべのこし,16.7
ロトム,479,4,4,ものしりメガネ,8.3
ロトム,479,4,5,オボンのみ,8.3
ロトム,479,4,6,いのちのたま,8.3
ロトム,479,5,1,こだわりスカーフ,24.8
ロトム,479,5,2,ウイのみ,22.4
ロトム,479,5,3,オボンのみ,15.0
ロトム,479,5,4,たつじんのおび,13.3
ロトム,479,5,5,こだわりメガネ,10.1
ロトム,479,5,6,しろいハーブ,3.8
ロトム,479,5,7,いのちのたま,2.1
ロトム,479,5,8,ゴツゴツメット,2.1
ロトム,479,5,9,とつげきチョッキ,1.7
ロトム,479,5,10,ねらいのまと,1.0
ユクシー,480,0,1,たべのこし,29.9
ユクシー,480,0,2,メンタルハーブ,29.2
ユクシー,480,0,3,オボンのみ,9.4
ユクシー,480,0,4,おんみつマント,4.8
ユクシー,480,0,5,ひかりのねんど,4.4
ユクシー,480,0,6,とつげきチョッキ,3.4
ユクシー,480,0,7,じゃくてんほけん,3.2
ユクシー,480,0,8,ゴツゴツメット,2.8
ユクシー,480,0,9,カゴのみ,2.2
ユクシー,480,0,10,こうこうのしっぽ,1.7
エムリット,481,0,1,たべのこし,36.9
エムリット,481,0,2,おんみつマント,12.1
エムリット,481,0,3,オボンのみ,11.5
エムリット,481,0,4,メンタルハーブ,11.1
エムリット,481,0,5,メトロノーム,4.2
エムリット,481,0,6,こだわりスカーフ,3.4
エムリット,481,0,7,きあいのタスキ,3.3
エムリット,481,0,8,ゴツゴツメット,2.3
エムリット,481,0,9,ぼうじんゴーグル,2.0
エムリット,481,0,10,せんせいのツメ,1.7
アグノム,482,0,1,こだわりスカーフ,39.9
アグノム,482,0,2,こだわりハチマキ,22.9
アグノム,482,0,3,きあいのタスキ,12.0
アグノム,482,0,4,ノーマルジュエル,9.6
アグノム,482,0,5,こうかくレンズ,4.9
アグノム,482,0,6,おんみつマント,4.5
アグノム,482,0,7,いのちのたま,1.2
アグノム,482,0,8,たつじんのおび,1.1
アグノム,482,0,9,シルクのスカーフ,0.7
アグノム,482,0,10,かえんだま,0.5
ヒードラン,485,0,1,たべのこし,43.5
ヒードラン,485,0,2,いのちのたま,15.9
ヒードラン,485,0,3,とつげきチョッキ,13.1
ヒードラン,485,0,4,オボンのみ,8.4
ヒードラン,485,0,5,ぼうじんゴーグル,2.6
ヒードラン,485,0,6,こだわりスカーフ,2.2
ヒードラン,485,0,7,もくたん,1.9
ヒードラン,485,0,8,こだわりメガネ,1.9
ヒードラン,485,0,9,ふうせん,1.8
ヒードラン,485,0,10,ゴツゴツメット,1.7
クレセリア,488,0,1,メンタルハーブ,40.7
クレセリア,488,0,2,ゴツゴツメット,20.7
クレセリア,488,0,3,ぼうじんゴーグル,16.8
クレセリア,488,0,4,たべのこし,8.2
クレセリア,488,0,5,オボンのみ,4.1
クレセリア,488,0,6,おんみつマント,3.9
クレセリア,488,0,7,ウイのみ,1.5
クレセリア,488,0,8,ナモのみ,0.5
クレセリア,488,0,9,マゴのみ,0.5
クレセリア,488,0,10,たつじんのおび,0.4
ミジュマル,501,0,1,きあいのタスキ,66.7
ミジュマル,501,0,2,しんかのきせき,33.3
フタチマル,502,0,1,しんかのきせき,100.0
ダイケンキ,503,0,1,グラスシード,46.5
ダイケンキ,503,0,2,とつげきチョッキ,15.7
ダイケンキ,503,0,3,いのちのたま,10.3
ダイケンキ,503,0,4,たつじんのおび,7.2
ダイケンキ,503,0,5,オボンのみ,4.0
ダイケンキ,503,0,6,しんぴのしずく,3.9
ダイケンキ,503,0,7,おんみつマント,3.0
ダイケンキ,503,0,8,こだわりスカーフ,1.4
ダイケンキ,503,0,9,こだわりハチマキ,1.3
ダイケンキ,503,0,10,ゴツゴツメット,1.3
ダイケンキ,503,1,1,とつげきチョッキ,55.9
ダイケンキ,503,1,2,いのちのたま,10.6
ダイケンキ,503,1,3,きあいのタスキ,7.0
ダイケンキ,503,1,4,こだわりスカーフ,6.4
ダイケンキ,503,1,5,こだわりハチマキ,4.9
ダイケンキ,503,1,6,ピントレンズ,1.9
ダイケンキ,503,1,7,クリアチャーム,1.4
ダイケンキ,503,1,8,するどいツメ,1.4
ダイケンキ,503,1,9,くろいメガネ,1.1
ダイケンキ,503,1,10,オボンのみ,1.0
ドレディア,549,0,1,きあいのタスキ,35.7
ドレディア,549,0,2,こうかくレンズ,26.9
ドレディア,549,0,3,ものしりメガネ,15.7
ドレディア,549,0,4,きせきのタネ,4.9
ドレディア,549,0,5,オボンのみ,4.3
ドレディア,549,0,6,メンタルハーブ,3.4
ドレディア,549,0,7,ものまねハーブ,2.2
ドレディア,549,0,8,おんみつマント,2.0
ドレディア,549,0,9,こだわりスカーフ,1.0
ドレディア,549,0,10,いのちのたま,0.9
ドレディア,549,1,1,きあいのタスキ,81.6
ドレディア,549,1,2,おんみつマント,7.8
ドレディア,549,1,3,こうかくレンズ,4.4
ドレディア,549,1,4,いのちのたま,2.2
ドレディア,549,1,5,クリアチャーム,0.6
ドレディア,549,1,6,メンタルハーブ,0.6
ドレディア,549,1,7,きせきのタネ,0.4
ドレディア,549,1,8,いかさまダイス,0.3
ドレディア,549,1,9,こだわりスカーフ,0.3
ドレディア,549,1,10,こだわりハチマキ,0.2
バスラオ,550,0,1,おんみつマント,66.7
バスラオ,550,0,2,いのちのたま,33.3
バスラオ,550,1,1,こだわりスカーフ,94.4
バスラオ,550,1,2,カムラのみ,3.7
バスラオ,550,1,3,ピントレンズ,1.9
バスラオ,550,2,1,しんかのきせき,73.3
バスラオ,550,2,2,きあいのタスキ,26.7
ワルビアル,553,0,1,とつげきチョッキ,18.0
ワルビアル,553,0,2,いのちのたま,15.3
ワルビアル,553,0,3,クリアチャーム,11.6
ワルビアル,553,0,4,こだわりハチマキ,8.8
ワルビアル,553,0,5,カムラのみ,7.2
ワルビアル,553,0,6,こだわりスカーフ,5.6
ワルビアル,553,0,7,ちからのハチマキ,5.4
ワルビアル,553,0,8,じゃくてんほけん,4.3
ワルビアル,553,0,9,オボンのみ,4.2
ワルビアル,553,0,10,レッドカード,3.7
ゾロア,570,0,1,こだわりスカーフ,80.0
ゾロア,570,0,2,きあいのタスキ,20.0
ゾロア,570,1,1,きあいのタスキ,75.0
ゾロア,570,1,2,しんかのきせき,25.0
ゾロアーク,571,0,1,こだわりスカーフ,25.5
ゾロアーク,571,0,2,くろいメガネ,24.8
ゾロアーク,571,0,3,きあいのタスキ,14.9
ゾロアーク,571,0,4,ロゼルのみ,6.3
ゾロアーク,571,0,5,こだわりメガネ,6.3
ゾロアーク,571,0,6,いかさまダイス,5.3
ゾロアーク,571,0,7,こだわりハチマキ,3.6
ゾロアーク,571,0,8,いのちのたま,3.0
ゾロアーク,571,0,9,ヨプのみ,2.6
ゾロアーク,571,0,10,きあいのハチマキ,2.0
ゾロアーク,571,1,1,きあいのタスキ,51.9
ゾロアーク,571,1,2,こだわりスカーフ,12.8
ゾロアーク,571,1,3,こだわりメガネ,11.6
ゾロアーク,571,1,4,のどスプレー,8.0
ゾロアーク,571,1,5,いのちのたま,7.5
ゾロアーク,571,1,6,ものしりメガネ,1.1
ゾロアーク,571,1,7,ノーマルジュエル,0.9
ゾロアーク,571,1,8,こうかくレンズ,0.9
ゾロアーク,571,1,9,かえんだま,0.6
ゾロアーク,571,1,10,のろいのおふだ,0.4
ゴチム,574,0,1,しんかのきせき,100.0
ゴチミル,575,0,1,しんかのきせき,99.1
ゴチミル,575,0,2,きあいのタスキ,0.9
ゴチルゼル,576,0,1,オボンのみ,40.5
ゴチルゼル,576,0,2,メンタルハーブ,9.7
ゴチルゼル,576,0,3,ゴツゴツメット,7.8
ゴチルゼル,576,0,4,たべのこし,7.4
ゴチルゼル,576,0,5,バンジのみ,3.9
ゴチルゼル,576,0,6,きあいのタスキ,3.3
ゴチルゼル,576,0,7,ルームサービス,3.3
ゴチルゼル,576,0,8,フィラのみ,3.0
ゴチルゼル,576,0,9,カシブのみ,2.7
ゴチルゼル,576,0,10,おんみつマント,2.4
メブキジカ,586,0,1,こだわりスカーフ,28.9
メブキジカ,586,0,2,いのちのたま,23.3
メブキジカ,586,0,3,こだわりハチマキ,16.7
メブキジカ,586,0,4,おうじゃのしるし,7.8
メブキジカ,586,0,5,おおきなねっこ,5.6
メブキジカ,586,0,6,ピントレンズ,4.4
メブキジカ,586,0,7,しろいハーブ,3.3
メブキジカ,586,0,8,ものまねハーブ,3.3
メブキジカ,586,0,9,オボンのみ,3.3
メブキジカ,586,0,10,たべのこし,1.1
タマゲタケ,590,0,1,たべのこし,100.0
モロバレル,591,0,1,ゴツゴツメット,73.2
モロバレル,591,0,2,オボンのみ,12.6
モロバレル,591,0,3,メンタルハーブ,3.4
モロバレル,591,0,4,くろいヘドロ,3.1
モロバレル,591,0,5,たべのこし,2.5
モロバレル,591,0,6,バンジのみ,0.7
モロバレル,591,0,7,おんみつマント,0.6
モロバレル,591,0,8,だっしゅつボタン,0.6
モロバレル,591,0,9,ウイのみ,0.6
モロバレル,591,0,10,オッカのみ,0.4
ママンボウ,594,0,1,たべのこし,46.3
ママンボウ,594,0,2,オボンのみ,26.3
ママンボウ,594,0,3,しめつけバンド,11.9
ママンボウ,594,0,4,ウイのみ,8.1
ママンボウ,594,0,5,とつげきチョッキ,2.5
ママンボウ,594,0,6,メンタルハーブ,1.3
ママンボウ,594,0,7,しんぴのしずく,1.3
ママンボウ,594,0,8,じゃくてんほけん,1.3
ママンボウ,594,0,9,ゴツゴツメット,1.3
シビビール,603,0,1,しんかのきせき,100.0
シビルドン,604,0,1,とつげきチョッキ,34.5
シビルドン,604,0,2,ウイのみ,15.8
シビルドン,604,0,3,たべのこし,8.1
シビルドン,604,0,4,おんみつマント,6.5
シビルドン,604,0,5,いのちのたま,5.2
シビルドン,604,0,6,ばんのうがさ,4.0
シビルドン,604,0,7,せんせいのツメ,4.0
シビルドン,604,0,8,ぼうじんゴーグル,3.0
シビルドン,604,0,9,パンチグローブ,2.9
シビルドン,604,0,10,こだわりメガネ,2.7
オノンド,611,0,1,しんかのきせき,100.0
オノノクス,612,0,1,いのちのたま,27.7
オノノクス,612,0,2,こだわりハチマキ,14.7
オノノクス,612,0,3,きあいのタスキ,14.5
オノノクス,612,0,4,ラムのみ,10.8
オノノクス,612,0,5,こだわりスカーフ,7.9
オノノクス,612,0,6,するどいツメ,5.3
オノノクス,612,0,7,おんみつマント,4.5
オノノクス,612,0,8,とつげきチョッキ,3.6
オノノクス,612,0,9,ちからのハチマキ,2.4
オノノクス,612,0,10,オボンのみ,1.5
クマシュン,613,0,1,しんかのきせき,66.7
クマシュン,613,0,2,こだわりハチマキ,33.3
ツンベアー,614,0,1,たつじんのおび,25.5
ツンベアー,614,0,2,とつげきチョッキ,18.9
ツンベアー,614,0,3,いのちのたま,14.8
ツンベアー,614,0,4,クリアチャーム,9.1
ツンベアー,614,0,5,こだわりハチマキ,6.0
ツンベアー,614,0,6,こだわりスカーフ,5.6
ツンベアー,614,0,7,じゃくてんほけん,4.7
ツンベアー,614,0,8,きあいのタスキ,3.9
ツンベアー,614,0,9,とけないこおり,3.3
ツンベアー,614,0,10,しろいハーブ,1.6
フリージオ,615,0,1,こうかくレンズ,23.2
フリージオ,615,0,2,とけないこおり,23.2
フリージオ,615,0,3,きあいのタスキ,16.4
フリージオ,615,0,4,こだわりスカーフ,8.6
フリージオ,615,0,5,ピントレンズ,7.3
フリージオ,615,0,6,とつげきチョッキ,5.0
フリージオ,615,0,7,おんみつマント,3.2
フリージオ,615,0,8,たべのこし,2.7
フリージオ,615,0,9,いのちのたま,2.3
フリージオ,615,0,10,オボンのみ,2.3
キリキザン,625,0,1,しんかのきせき,89.5
キリキザン,625,0,2,ふうせん,5.7
キリキザン,625,0,3,きあいのタスキ,4.5
キリキザン,625,0,4,いのちのたま,0.2
ウォーグル,628,0,1,オボンのみ,28.2
ウォーグル,628,0,2,ヤチェのみ,18.1
ウォーグル,628,0,3,こだわりハチマキ,10.1
ウォーグル,628,0,4,いのちのたま,9.2
ウォーグル,628,0,5,ゴツゴツメット,8.9
ウォーグル,628,0,6,パワフルハーブ,7.4
ウォーグル,628,0,7,ラムのみ,4.5
ウォーグル,628,0,8,こだわりスカーフ,3.9
ウォーグル,628,0,9,とつげきチョッキ,3.0
ウォーグル,628,0,10,サイコシード,2.1
ウォーグル,628,1,1,いのちのたま,30.3
ウォーグル,628,1,2,こだわりメガネ,23.2
ウォーグル,628,1,3,オボンのみ,11.8
ウォーグル,628,1,4,とつげきチョッキ,8.1
ウォーグル,628,1,5,ピントレンズ,5.7
ウォーグル,628,1,6,じゃくてんほけん,3.9
ウォーグル,628,1,7,おんみつマント,3.1
ウォーグル,628,1,8,たべのこし,2.4
ウォーグル,628,1,9,せいれいプレート,2.3
ウォーグル,628,1,10,ものしりメガネ,1.7
サザンドラ,635,0,1,いのちのたま,21.2
サザンドラ,635,0,2,こだわりメガネ,19.0
サザンドラ,635,0,3,とつげきチョッキ,8.4
サザンドラ,635,0,4,こだわりスカーフ,6.2
サザンドラ,635,0,5,ピントレンズ,4.9
サザンドラ,635,0,6,ぼうじんゴーグル,4.6
サザンドラ,635,0,7,きあいのタスキ,4.4
サザンドラ,635,0,8,じゃくてんほけん,4.3
サザンドラ,635,0,9,オボンのみ,3.4
サザンドラ,635,0,10,くろいメガネ,2.0
ウルガモス,637,0,1,たべのこし,27.5
ウルガモス,637,0,2,ゴツゴツメット,20.2
ウルガモス,637,0,3,オボンのみ,16.4
ウルガモス,637,0,4,ぼうじんゴーグル,6.6
ウルガモス,637,0,5,おんみつマント,5.3
ウルガモス,637,0,6,もくたん,3.0
ウルガモス,637,0,7,いのちのたま,2.9
ウルガモス,637,0,8,きあいのタスキ,2.6
ウルガモス,637,0,9,あつぞこブーツ,1.8
ウルガモス,637,0,10,ウイのみ,1.7
トルネロス,641,0,1,おんみつマント,43.9
トルネロス,641,0,2,メンタルハーブ,24.4
トルネロス,641,0,3,きあいのタスキ,9.7
トルネロス,641,0,4,オボンのみ,6.8
トルネロス,641,0,5,ゴツゴツメット,5.8
トルネロス,641,0,6,こうかくレンズ,3.1
トルネロス,641,0,7,するどいくちばし,1.0
トルネロス,641,0,8,ぼうじんゴーグル,0.8
トルネロス,641,0,9,ソクノのみ,0.7
トルネロス,641,0,10,いのちのたま,0.5
トルネロス,641,1,1,おんみつマント,17.9
トルネロス,641,1,2,するどいくちばし,17.9
トルネロス,641,1,3,とつげきチョッキ,14.7
トルネロス,641,1,4,メンタルハーブ,11.5
トルネロス,641,1,5,たべのこし,9.5
トルネロス,641,1,6,いのちのたま,6.0
トルネロス,641,1,7,あおぞらプレート,5.4
トルネロス,641,1,8,こだわりスカーフ,5.2
トルネロス,641,1,9,オボンのみ,3.5
トルネロス,641,1,10,ひかりのこな,2.0
ボルトロス,642,0,1,おんみつマント,29.7
ボルトロス,642,0,2,オボンのみ,25.2
ボルトロス,642,0,3,メンタルハーブ,14.7
ボルトロス,642,0,4,こうかくレンズ,11.5
ボルトロス,642,0,5,ゴツゴツメット,4.6
ボルトロス,642,0,6,ぼうじんゴーグル,3.0
ボルトロス,642,0,7,きあいのタスキ,2.2
ボルトロス,642,0,8,たべのこし,1.1
ボルトロス,642,0,9,ウイのみ,1.0
ボルトロス,642,0,10,イアのみ,1.0
ボルトロス,642,1,1,こだわりメガネ,38.7
ボルトロス,642,1,2,いのちのたま,13.9
ボルトロス,642,1,3,こだわりスカーフ,13.3
ボルトロス,642,1,4,とつげきチョッキ,8.9
ボルトロス,642,1,5,じしゃく,8.8
ボルトロス,642,1,6,きあいのタスキ,3.9
ボルトロス,642,1,7,オボンのみ,1.9
ボルトロス,642,1,8,ぼうじんゴーグル,1.9
ボルトロス,642,1,9,いかずちプレート,1.5
ボルトロス,642,1,10,こうかくレンズ,1.2
ランドロス,645,0,1,いのちのたま,93.6
ランドロス,645,0,2,こだわりスカーフ,1.7
ランドロス,645,0,3,とつげきチョッキ,1.0
ランドロス,645,0,4,こだわりメガネ,0.6
ランドロス,645,0,5,やわらかいすな,0.4
ランドロス,645,0,6,ものしりメガネ,0.4
ランドロス,645,0,7,きあいのタスキ,0.3
ランドロス,645,0,8,こうかくレンズ,0.3
ランドロス,645,0,9,オボンのみ,0.2
ランドロス,645,0,10,ぼうじんゴーグル,0.2
ランドロス,645,1,1,とつげきチョッキ,39.0
ランドロス,645,1,2,こだわりスカーフ,20.2
ランドロス,645,1,3,こだわりハチマキ,13.0
ランドロス,645,1,4,いのちのたま,8.9
ランドロス,645,1,5,オボンのみ,4.7
ランドロス,645,1,6,ゴツゴツメット,3.6
ランドロス,645,1,7,クリアチャーム,2.9
ランドロス,645,1,8,ぼうじんゴーグル,2.1
ランドロス,645,1,9,ラムのみ,1.0
ランドロス,645,1,10,きあいのタスキ,0.8
ハリボーグ,651,0,1,しんかのきせき,100.0
ブリガロン,652,0,1,たべのこし,72.6
ブリガロン,652,0,2,ゴツゴツメット,11.9
ブリガロン,652,0,3,いかさまダイス,4.3
ブリガロン,652,0,4,とつげきチョッキ,2.9
ブリガロン,652,0,5,オボンのみ,2.1
ブリガロン,652,0,6,パンチグローブ,1.9
ブリガロン,652,0,7,ヤチェのみ,0.9
ブリガロン,652,0,8,オッカのみ,0.5
ブリガロン,652,0,9,きあいのタスキ,0.5
ブリガロン,652,0,10,きせきのタネ,0.4
フォッコ,653,0,1,きあいのタスキ,100.0
テールナー,654,0,1,しんかのきせき,100.0
マフォクシー,655,0,1,からぶりほけん,14.4
マフォクシー,655,0,2,だっしゅつパック,14.1
マフォクシー,655,0,3,こうかくレンズ,12.0
マフォクシー,655,0,4,いのちのたま,9.3
マフォクシー,655,0,5,グラスシード,8.7
マフォクシー,655,0,6,きあいのタスキ,7.3
マフォクシー,655,0,7,オボンのみ,5.5
マフォクシー,655,0,8,サイコシード,3.6
マフォクシー,655,0,9,こだわりスカーフ,3.2
マフォクシー,655,0,10,とつげきチョッキ,2.9
ゲッコウガ,658,0,1,いかさまダイス,22.4
ゲッコウガ,658,0,2,きあいのタスキ,21.0
ゲッコウガ,658,0,3,こだわりスカーフ,20.1
ゲッコウガ,658,0,4,おんみつマント,16.9
ゲッコウガ,658,0,5,いのちのたま,9.4
ゲッコウガ,658,0,6,こだわりメガネ,3.0
ゲッコウガ,658,0,7,たつじんのおび,1.3
ゲッコウガ,658,0,8,こうかくレンズ,1.2
ゲッコウガ,658,0,9,ものしりメガネ,0.9
ゲッコウガ,658,0,10,こだわりハチマキ,0.8
ヤヤコマ,661,0,1,どくどくだま,100.0
ヒノヤコマ,662,0,1,しんかのきせき,94.7
ヒノヤコマ,662,0,2,きあいのタスキ,5.3
ファイアロー,663,0,1,おんみつマント,33.0
ファイアロー,663,0,2,するどいくちばし,20.5
ファイアロー,663,0,3,いのちのたま,10.0
ファイアロー,663,0,4,ぼうじんゴーグル,8.7
ファイアロー,663,0,5,きあいのタスキ,6.3
ファイアロー,663,0,6,ゴツゴツメット,3.8
ファイアロー,663,0,7,だっしゅつボタン,3.2
ファイアロー,663,0,8,こうかくレンズ,2.1
ファイアロー,663,0,9,メンタルハーブ,1.9
ファイアロー,663,0,10,オボンのみ,1.8
コフキムシ,664,0,1,しんかのきせき,100.0
コフーライ,665,0,1,しんかのきせき,100.0
ビビヨン,666,18,1,きあいのタスキ,65.4
ビビヨン,666,18,2,こだわりスカーフ,23.6
ビビヨン,666,18,3,ゴツゴツメット,7.2
ビビヨン,666,18,4,こうかくレンズ,1.1
ビビヨン,666,18,5,オボンのみ,0.8
ビビヨン,666,18,6,メンタルハーブ,0.6
ビビヨン,666,18,7,たべのこし,0.6
ビビヨン,666,18,8,きせきのタネ,0.4
ビビヨン,666,18,9,おんみつマント,0.2
ビビヨン,666,18,10,ルームサービス,0.1
カエンジシ,668,0,1,こだわりスカーフ,32.1
カエンジシ,668,0,2,のどスプレー,32.1
カエンジシ,668,0,3,こだわりメガネ,14.1
カエンジシ,668,0,4,きあいのタスキ,5.1
カエンジシ,668,0,5,いのちのたま,5.1
カエンジシ,668,0,6,もくたん,2.6
カエンジシ,668,0,7,せんせいのツメ,2.6
カエンジシ,668,0,8,オボンのみ,2.6
カエンジシ,668,0,9,ソクノのみ,1.3
カエンジシ,668,0,10,ふうせん,1.3
フラージェス,671,0,1,とつげきチョッキ,15.0
フラージェス,671,0,2,こだわりスカーフ,14.4
フラージェス,671,0,3,たべのこし,11.8
フラージェス,671,0,4,いのちのたま,11.5
フラージェス,671,0,5,イアのみ,8.4
フラージェス,671,0,6,こだわりメガネ,6.7
フラージェス,671,0,7,たつじんのおび,5.4
フラージェス,671,0,8,オボンのみ,5.2
フラージェス,671,0,9,せんせいのツメ,4.1
フラージェス,671,0,10,グラスシード,3.9
ゴーゴート,673,0,1,グラスシード,48.9
ゴーゴート,673,0,2,たべのこし,14.6
ゴーゴート,673,0,3,いかさまダイス,11.9
ゴーゴート,673,0,4,きせきのタネ,6.8
ゴーゴート,673,0,5,とつげきチョッキ,5.0
ゴーゴート,673,0,6,いのちのたま,4.1
ゴーゴート,673,0,7,クリアチャーム,2.7
ゴーゴート,673,0,8,オボンのみ,1.8
ゴーゴート,673,0,9,せんせいのツメ,1.4
ゴーゴート,673,0,10,おおきなねっこ,1.4
ドラミドロ,691,0,1,いのちのたま,19.4
ドラミドロ,691,0,2,どくバリ,16.9
ドラミドロ,691,0,3,こだわりメガネ,13.8
ドラミドロ,691,0,4,ぼうじんゴーグル,13.2
ドラミドロ,691,0,5,とつげきチョッキ,10.0
ドラミドロ,691,0,6,くろいヘドロ,5.5
ドラミドロ,691,0,7,たべのこし,4.8
ドラミドロ,691,0,8,せんせいのツメ,3.5
ドラミドロ,691,0,9,しんぴのしずく,3.4
ドラミドロ,691,0,10,ひかりのこな,2.2
ブロスター,693,0,1,とつげきチョッキ,46.1
ブロスター,693,0,2,いのちのたま,27.4
ブロスター,693,0,3,こだわりメガネ,10.4
ブロスター,693,0,4,ぼうじんゴーグル,3.3
ブロスター,693,0,5,オボンのみ,2.6
ブロスター,693,0,6,グラスシード,2.3
ブロスター,693,0,7,たべのこし,1.8
ブロスター,693,0,8,しんぴのしずく,1.1
ブロスター,693,0,9,ものしりメガネ,1.1
ブロスター,693,0,10,たつじんのおび,1.0
ニンフィア,700,0,1,のどスプレー,33.5
ニンフィア,700,0,2,こだわりメガネ,26.1
ニンフィア,700,0,3,せいれいプレート,10.6
ニンフィア,700,0,4,オボンのみ,8.9
ニンフィア,700,0,5,とつげきチョッキ,6.3
ニンフィア,700,0,6,たべのこし,4.2
ニンフィア,700,0,7,ウイのみ,2.2
ニンフィア,700,0,8,ゴツゴツメット,1.6
ニンフィア,700,0,9,いのちのたま,1.4
ニンフィア,700,0,10,おおきなねっこ,1.1
ルチャブル,701,0,1,サイコシード,41.9
ルチャブル,701,0,2,ラムのみ,21.1
ルチャブル,701,0,3,きあいのタスキ,9.6
ルチャブル,701,0,4,グラスシード,9.6
ルチャブル,701,0,5,ものまねハーブ,6.2
ルチャブル,701,0,6,パワフルハーブ,3.2
ルチャブル,701,0,7,じゃくてんほけん,2.8
ルチャブル,701,0,8,キーのみ,2.3
ルチャブル,701,0,9,エレキシード,1.4
ルチャブル,701,0,10,ミストシード,0.5
デデンネ,702,0,1,オボンのみ,43.8
デデンネ,702,0,2,シュカのみ,18.8
デデンネ,702,0,3,きあいのタスキ,18.8
デデンネ,702,0,4,おんみつマント,6.3
デデンネ,702,0,5,たべのこし,6.3
デデンネ,702,0,6,おおきなねっこ,6.3
メレシー,703,0,1,メンタルハーブ,62.9
メレシー,703,0,2,おんみつマント,10.1
メレシー,703,0,3,たべのこし,7.8
メレシー,703,0,4,ひかりのねんど,7.4
メレシー,703,0,5,ぼうじんゴーグル,3.0
メレシー,703,0,6,せんせいのツメ,2.0
メレシー,703,0,7,ゴツゴツメット,1.9
メレシー,703,0,8,せいれいプレート,1.5
メレシー,703,0,9,ふうせん,1.0
メレシー,703,0,10,きあいのタスキ,0.7
ヌメイル,705,1,1,しんかのきせき,100.0
ヌメルゴン,706,0,1,とつげきチョッキ,50.6
ヌメルゴン,706,0,2,たべのこし,20.4
ヌメルゴン,706,0,3,いのちのたま,5.3
ヌメルゴン,706,0,4,たつじんのおび,4.5
ヌメルゴン,706,0,5,きあいのタスキ,3.2
ヌメルゴン,706,0,6,こだわりメガネ,2.6
ヌメルゴン,706,0,7,ゴツゴツメット,2.2
ヌメルゴン,706,0,8,おうじゃのしるし,2.0
ヌメルゴン,706,0,9,ものまねハーブ,1.9
ヌメルゴン,706,0,10,オボンのみ,1.6
ヌメルゴン,706,1,1,たべのこし,58.4
ヌメルゴン,706,1,2,ゴツゴツメット,26.4
ヌメルゴン,706,1,3,とつげきチョッキ,5.2
ヌメルゴン,706,1,4,こだわりメガネ,1.8
ヌメルゴン,706,1,5,オボンのみ,1.4
ヌメルゴン,706,1,6,ぼうじんゴーグル,1.0
ヌメルゴン,706,1,7,こだわりハチマキ,0.9
ヌメルゴン,706,1,8,おんみつマント,0.7
ヌメルゴン,706,1,9,いのちのたま,0.5
ヌメルゴン,706,1,10,グラスシード,0.4
クレッフィ,707,0,1,ひかりのねんど,67.7
クレッフィ,707,0,2,メンタルハーブ,18.3
クレッフィ,707,0,3,たべのこし,2.0
クレッフィ,707,0,4,ゴツゴツメット,1.9
クレッフィ,707,0,5,おんみつマント,1.7
クレッフィ,707,0,6,オボンのみ,1.5
クレッフィ,707,0,7,くろいてっきゅう,1.0
クレッフィ,707,0,8,ルームサービス,0.7
クレッフィ,707,0,9,レッドカード,0.6
クレッフィ,707,0,10,だっしゅつボタン,0.6
クレベース,713,0,1,ゴツゴツメット,26.0
クレベース,713,0,2,じゃくてんほけん,26.0
クレベース,713,0,3,たべのこし,19.9
クレベース,713,0,4,フィラのみ,10.7
クレベース,713,0,5,おんみつマント,4.4
クレベース,713,0,6,リュガのみ,3.3
クレベース,713,0,7,オボンのみ,2.1
クレベース,713,0,8,とつげきチョッキ,1.9
クレベース,713,0,9,ウイのみ,1.6
クレベース,713,0,10,せんせいのツメ,1.5
クレベース,713,1,1,じゃくてんほけん,37.2
クレベース,713,1,2,せんせいのツメ,11.3
クレベース,713,1,3,たべのこし,6.1
クレベース,713,1,4,ゴツゴツメット,4.8
クレベース,713,1,5,こうかくレンズ,4.7
クレベース,713,1,6,ヨプのみ,4.3
クレベース,713,1,7,クリアチャーム,4.3
クレベース,713,1,8,とつげきチョッキ,3.7
クレベース,713,1,9,ぼうじんゴーグル,3.7
クレベース,713,1,10,ふうせん,3.7
オンバーン,715,0,1,きあいのタスキ,34.5
オンバーン,715,0,2,こだわりメガネ,22.1
オンバーン,715,0,3,のどスプレー,15.8
オンバーン,715,0,4,おんみつマント,8.0
オンバーン,715,0,5,いのちのたま,5.1
オンバーン,715,0,6,こだわりスカーフ,3.3
オンバーン,715,0,7,ピントレンズ,2.3
オンバーン,715,0,8,からぶりほけん,1.5
オンバーン,715,0,9,こうかくレンズ,1.0
オンバーン,715,0,10,おうじゃのしるし,0.9
モクロー,722,0,1,しんかのきせき,96.4
モクロー,722,0,2,おんみつマント,2.4
モクロー,722,0,3,いのちのたま,1.2
フクスロー,723,0,1,しんかのきせき,95.8
フクスロー,723,0,2,こだわりハチマキ,4.2
ジュナイパー,724,0,1,いのちのたま,29.7
ジュナイパー,724,0,2,とつげきチョッキ,16.3
ジュナイパー,724,0,3,きあいのタスキ,16.1
ジュナイパー,724,0,4,たつじんのおび,7.7
ジュナイパー,724,0,5,こだわりハチマキ,5.8
ジュナイパー,724,0,6,せんせいのツメ,4.5
ジュナイパー,724,0,7,のろいのおふだ,3.5
ジュナイパー,724,0,8,オボンのみ,3.2
ジュナイパー,724,0,9,たべのこし,2.8
ジュナイパー,724,0,10,いかさまダイス,1.7
ジュナイパー,724,1,1,こだわりハチマキ,24.4
ジュナイパー,724,1,2,とつげきチョッキ,21.8
ジュナイパー,724,1,3,ピントレンズ,17.0
ジュナイパー,724,1,4,じゃくてんほけん,5.2
ジュナイパー,724,1,5,いのちのたま,5.1
ジュナイパー,724,1,6,ちからのハチマキ,4.7
ジュナイパー,724,1,7,たべのこし,3.1
ジュナイパー,724,1,8,クリアチャーム,2.1
ジュナイパー,724,1,9,するどいツメ,2.1
ジュナイパー,724,1,10,きあいのタスキ,1.8
ヤングース,734,0,1,ノーマルジュエル,100.0
デカグース,735,0,1,せんせいのツメ,52.0
デカグース,735,0,2,こだわりハチマキ,12.0
デカグース,735,0,3,シルクのスカーフ,12.0
デカグース,735,0,4,メトロノーム,8.0
デカグース,735,0,5,きあいのタスキ,8.0
デカグース,735,0,6,ノーマルジュエル,4.0
デカグース,735,0,7,とつげきチョッキ,4.0
マケンカニ,739,0,1,たつじんのおび,100.0
ケケンカニ,740,0,1,パンチグローブ,63.2
ケケンカニ,740,0,2,いのちのたま,19.5
ケケンカニ,740,0,3,きあいのタスキ,7.5
ケケンカニ,740,0,4,するどいツメ,2.9
ケケンカニ,740,0,5,とつげきチョッキ,2.5
ケケンカニ,740,0,6,せんせいのツメ,0.9
ケケンカニ,740,0,7,ぼうじんゴーグル,0.7
ケケンカニ,740,0,8,ゴツゴツメット,0.5
ケケンカニ,740,0,9,ヨプのみ,0.5
ケケンカニ,740,0,10,クリアチャーム,0.4
オドリドリ,741,0,1,きあいのタスキ,43.2
オドリドリ,741,0,2,せんせいのツメ,12.6
オドリドリ,741,0,3,ものしりメガネ,9.5
オドリドリ,741,0,4,ものまねハーブ,7.4
オドリドリ,741,0,5,いのちのたま,7.4
オドリドリ,741,0,6,ゴツゴツメット,5.3
オドリドリ,741,0,7,おうじゃのしるし,4.2
オドリドリ,741,0,8,メンタルハーブ,3.2
オドリドリ,741,0,9,こだわりメガネ,3.2
オドリドリ,741,0,10,おんみつマント,2.1
オドリドリ,741,1,1,きあいのタスキ,23.4
オドリドリ,741,1,2,オボンのみ,22.2
オドリドリ,741,1,3,じゃくてんほけん,12.8
オドリドリ,741,1,4,たべのこし,11.0
オドリドリ,741,1,5,ぼうじんゴーグル,7.4
オドリドリ,741,1,6,ものしりメガネ,6.8
オドリドリ,741,1,7,フィラのみ,6.1
オドリドリ,741,1,8,ものまねハーブ,2.7
オドリドリ,741,1,9,おうじゃのしるし,2.6
オドリドリ,741,1,10,じしゃく,1.8
オドリドリ,741,2,1,ぼうじんゴーグル,64.0
オドリドリ,741,2,2,きあいのタスキ,24.0
オドリドリ,741,2,3,いのちのたま,12.0
オドリドリ,741,3,1,オボンのみ,33.6
オドリドリ,741,3,2,きあいのタスキ,21.7
オドリドリ,741,3,3,おうじゃのしるし,11.1
オドリドリ,741,3,4,ヤタピのみ,7.4
オドリドリ,741,3,5,のろいのおふだ,4.5
オドリドリ,741,3,6,ラムのみ,3.6
オドリドリ,741,3,7,ものしりメガネ,3.1
オドリドリ,741,3,8,いのちのたま,2.3
オドリドリ,741,3,9,かいがらのすず,2.3
オドリドリ,741,3,10,ヤチェのみ,2.3
ルガルガン,745,0,1,きあいのタスキ,73.4
ルガルガン,745,0,2,こだわりハチマキ,11.8
ルガルガン,745,0,3,いのちのたま,6.4
ルガルガン,745,0,4,おうじゃのしるし,2.7
ルガルガン,745,0,5,かたいいし,1.9
ルガルガン,745,0,6,クリアチャーム,0.9
ルガルガン,745,0,7,こうかくレンズ,0.7
ルガルガン,745,0,8,おんみつマント,0.6
ルガルガン,745,0,9,こだわりスカーフ,0.5
ルガルガン,745,0,10,たつじんのおび,0.2
ルガルガン,745,1,1,きあいのタスキ,38.9
ルガルガン,745,1,2,こだわりスカーフ,18.4
ルガルガン,745,1,3,ちからのハチマキ,9.8
ルガルガン,745,1,4,オボンのみ,7.3
ルガルガン,745,1,5,ひかりのこな,6.1
ルガルガン,745,1,6,こだわりハチマキ,6.1
ルガルガン,745,1,7,かたいいし,4.3
ルガルガン,745,1,8,ピントレンズ,3.4
ルガルガン,745,1,9,ウイのみ,1.4
ルガルガン,745,1,10,とつげきチョッキ,1.2
ルガルガン,745,2,1,きあいのタスキ,48.4
ルガルガン,745,2,2,いのちのたま,25.2
ルガルガン,745,2,3,こだわりハチマキ,9.6
ルガルガン,745,2,4,かたいいし,6.5
ルガルガン,745,2,5,おうじゃのしるし,2.5
ルガルガン,745,2,6,クリアチャーム,1.4
ルガルガン,745,2,7,ゴツゴツメット,1.2
ルガルガン,745,2,8,たつじんのおび,1.0
ルガルガン,745,2,9,とつげきチョッキ,1.0
ルガルガン,745,2,10,おまもりこばん,0.9
ドヒドイデ,748,0,1,くろいヘドロ,52.2
ドヒドイデ,748,0,2,ゴツゴツメット,18.8
ドヒドイデ,748,0,3,たべのこし,13.6
ドヒドイデ,748,0,4,しめつけバンド,4.9
ドヒドイデ,748,0,5,ぼうじんゴーグル,1.7
ドヒドイデ,748,0,6,おんみつマント,1.6
ドヒドイデ,748,0,7,いのちのたま,1.5
ドヒドイデ,748,0,8,オボンのみ,1.0
ドヒドイデ,748,0,9,レッドカード,0.9
ドヒドイデ,748,0,10,メンタルハーブ,0.7
ドロバンコ,749,0,1,いのちのたま,100.0
バンバドロ,750,0,1,とつげきチョッキ,41.4
バンバドロ,750,0,2,ラムのみ,16.0
バンバドロ,750,0,3,たべのこし,11.3
バンバドロ,750,0,4,オボンのみ,7.2
バンバドロ,750,0,5,カゴのみ,5.4
バンバドロ,750,0,6,こだわりハチマキ,4.9
バンバドロ,750,0,7,じゃくてんほけん,3.7
バンバドロ,750,0,8,マゴのみ,2.7
バンバドロ,750,0,9,おんみつマント,2.3
バンバドロ,750,0,10,ゴツゴツメット,2.3
ラランテス,754,0,1,とつげきチョッキ,46.0
ラランテス,754,0,2,こうかくレンズ,27.1
ラランテス,754,0,3,オボンのみ,7.8
ラランテス,754,0,4,きあいのタスキ,3.5
ラランテス,754,0,5,せんせいのツメ,2.6
ラランテス,754,0,6,おおきなねっこ,2.6
ラランテス,754,0,7,こだわりメガネ,2.1
ラランテス,754,0,8,いのちのたま,1.6
ラランテス,754,0,9,かいがらのすず,1.6
ラランテス,754,0,10,きせきのタネ,1.5
エンニュート,758,0,1,きあいのタスキ,52.9
エンニュート,758,0,2,だっしゅつパック,15.8
エンニュート,758,0,3,ふうせん,11.6
エンニュート,758,0,4,ものしりメガネ,4.9
エンニュート,758,0,5,くろいヘドロ,4.3
エンニュート,758,0,6,メンタルハーブ,4.3
エンニュート,758,0,7,いのちのたま,1.7
エンニュート,758,0,8,こうかくレンズ,1.2
エンニュート,758,0,9,こだわりメガネ,0.9
エンニュート,758,0,10,ビビリだま,0.6
アマカジ,761,0,1,しんかのきせき,100.0
アマージョ,763,0,1,こうかくレンズ,16.5
アマージョ,763,0,2,とつげきチョッキ,13.1
アマージョ,763,0,3,ゴツゴツメット,12.9
アマージョ,763,0,4,きあいのタスキ,11.8
アマージョ,763,0,5,オボンのみ,11.2
アマージョ,763,0,6,いかさまダイス,6.0
アマージョ,763,0,7,こだわりスカーフ,5.9
アマージョ,763,0,8,いのちのたま,3.8
アマージョ,763,0,9,ちからのハチマキ,2.9
アマージョ,763,0,10,たつじんのおび,2.7
ヤレユータン,765,0,1,メンタルハーブ,63.1
ヤレユータン,765,0,2,オボンのみ,6.7
ヤレユータン,765,0,3,ぼうじんゴーグル,6.4
ヤレユータン,765,0,4,ナモのみ,4.7
ヤレユータン,765,0,5,いのちのたま,3.5
ヤレユータン,765,0,6,たべのこし,2.7
ヤレユータン,765,0,7,こだわりメガネ,2.2
ヤレユータン,765,0,8,おんみつマント,1.7
ヤレユータン,765,0,9,きあいのタスキ,1.2
ヤレユータン,765,0,10,ラムのみ,1.2
ナゲツケサル,766,0,1,とつげきチョッキ,27.1
ナゲツケサル,766,0,2,オボンのみ,24.3
ナゲツケサル,766,0,3,こだわりスカーフ,11.4
ナゲツケサル,766,0,4,でんきだま,10.0
ナゲツケサル,766,0,5,きあいのタスキ,10.0
ナゲツケサル,766,0,6,ゴツゴツメット,5.7
ナゲツケサル,766,0,7,たべのこし,2.9
ナゲツケサル,766,0,8,かえんだま,2.9
ナゲツケサル,766,0,9,くろおび,1.4
ナゲツケサル,766,0,10,チイラのみ,1.4
スナバァ,769,0,1,しんかのきせき,100.0
シロデスナ,770,0,1,じゃくてんほけん,54.0
シロデスナ,770,0,2,おんみつマント,7.5
シロデスナ,770,0,3,たべのこし,6.9
シロデスナ,770,0,4,ひかりごけ,5.9
シロデスナ,770,0,5,きゅうこん,5.8
シロデスナ,770,0,6,ひかりのこな,4.4
シロデスナ,770,0,7,とつげきチョッキ,3.5
シロデスナ,770,0,8,せんせいのツメ,2.7
シロデスナ,770,0,9,ゴツゴツメット,2.5
シロデスナ,770,0,10,シュカのみ,1.8
ネッコアラ,775,0,1,ちからのハチマキ,25.9
ネッコアラ,775,0,2,いのちのたま,19.0
ネッコアラ,775,0,3,たつじんのおび,13.8
ネッコアラ,775,0,4,オボンのみ,12.1
ネッコアラ,775,0,5,たべのこし,8.6
ネッコアラ,775,0,6,からぶりほけん,6.9
ネッコアラ,775,0,7,こだわりスカーフ,6.9
ネッコアラ,775,0,8,とつげきチョッキ,1.7
ネッコアラ,775,0,9,ヨプのみ,1.7
ネッコアラ,775,0,10,ものまねハーブ,1.7
ミミッキュ,778,0,1,ゴツゴツメット,35.3
ミミッキュ,778,0,2,いのちのたま,25.1
ミミッキュ,778,0,3,メンタルハーブ,20.2
ミミッキュ,778,0,4,クリアチャーム,2.3
ミミッキュ,778,0,5,ぼうじんゴーグル,2.1
ミミッキュ,778,0,6,オボンのみ,1.8
ミミッキュ,778,0,7,のろいのおふだ,1.3
ミミッキュ,778,0,8,こうかくレンズ,1.2
ミミッキュ,778,0,9,こだわりハチマキ,1.2
ミミッキュ,778,0,10,ルームサービス,1.1
ハギギシリ,779,0,1,オボンのみ,39.9
ハギギシリ,779,0,2,しんぴのしずく,13.5
ハギギシリ,779,0,3,きあいのタスキ,12.8
ハギギシリ,779,0,4,こだわりスカーフ,10.1
ハギギシリ,779,0,5,いのちのたま,6.9
ハギギシリ,779,0,6,とつげきチョッキ,5.8
ハギギシリ,779,0,7,ひかりのねんど,2.6
ハギギシリ,779,0,8,ゴツゴツメット,2.1
ハギギシリ,779,0,9,ナモのみ,1.0
ハギギシリ,779,0,10,こだわりハチマキ,1.0
サルノリ,810,0,1,きあいのタスキ,100.0
バチンキー,811,0,1,しんかのきせき,63.5
バチンキー,811,0,2,グラスシード,36.5
ゴリランダー,812,0,1,とつげきチョッキ,74.2
ゴリランダー,812,0,2,オボンのみ,7.9
ゴリランダー,812,0,3,グラスシード,3.3
ゴリランダー,812,0,4,きせきのタネ,2.9
ゴリランダー,812,0,5,たべのこし,2.2
ゴリランダー,812,0,6,バンジのみ,1.9
ゴリランダー,812,0,7,いかさまダイス,1.8
ゴリランダー,812,0,8,ゴツゴツメット,1.6
ゴリランダー,812,0,9,みどりのプレート,0.8
ゴリランダー,812,0,10,いのちのたま,0.7
エースバーン,815,0,1,こだわりスカーフ,43.5
エースバーン,815,0,2,いのちのたま,11.6
エースバーン,815,0,3,とつげきチョッキ,7.6
エースバーン,815,0,4,こだわりハチマキ,7.0
エースバーン,815,0,5,きあいのタスキ,6.9
エースバーン,815,0,6,クリアチャーム,6.5
エースバーン,815,0,7,こうかくレンズ,2.8
エースバーン,815,0,8,たつじんのおび,1.9
エースバーン,815,0,9,おんみつマント,1.7
エースバーン,815,0,10,でかいきんのたま,1.5
メッソン,816,0,1,きあいのタスキ,100.0
ジメレオン,817,0,1,しんかのきせき,100.0
インテレオン,818,0,1,ピントレンズ,43.2
インテレオン,818,0,2,きあいのタスキ,28.4
インテレオン,818,0,3,じゃくてんほけん,8.4
インテレオン,818,0,4,こだわりスカーフ,7.5
インテレオン,818,0,5,いのちのたま,3.5
インテレオン,818,0,6,こだわりメガネ,2.0
インテレオン,818,0,7,するどいツメ,2.0
インテレオン,818,0,8,たべのこし,1.3
インテレオン,818,0,9,しんぴのしずく,0.8
インテレオン,818,0,10,おんみつマント,0.8
ヨクバリス,820,0,1,オボンのみ,74.9
ヨクバリス,820,0,2,リュガのみ,13.5
ヨクバリス,820,0,3,ズアのみ,6.9
ヨクバリス,820,0,4,フィラのみ,3.1
ヨクバリス,820,0,5,マゴのみ,0.8
ヨクバリス,820,0,6,こだわりメガネ,0.4
ヨクバリス,820,0,7,ウイのみ,0.4
アーマーガア,823,0,1,ゴツゴツメット,41.4
アーマーガア,823,0,2,たべのこし,18.2
アーマーガア,823,0,3,オボンのみ,12.5
アーマーガア,823,0,4,ぼうじんゴーグル,11.2
アーマーガア,823,0,5,こだわりハチマキ,4.6
アーマーガア,823,0,6,ラムのみ,2.6
アーマーガア,823,0,7,おんみつマント,2.0
アーマーガア,823,0,8,フィラのみ,1.1
アーマーガア,823,0,9,するどいくちばし,0.9
アーマーガア,823,0,10,せんせいのツメ,0.8
カジリガメ,834,0,1,いのちのたま,20.3
カジリガメ,834,0,2,しろいハーブ,18.8
カジリガメ,834,0,3,こだわりハチマキ,15.4
カジリガメ,834,0,4,クリアチャーム,6.3
カジリガメ,834,0,5,ものまねハーブ,6.2
カジリガメ,834,0,6,いかさまダイス,5.2
カジリガメ,834,0,7,ラムのみ,5.0
カジリガメ,834,0,8,こだわりスカーフ,3.4
カジリガメ,834,0,9,おうじゃのしるし,3.1
カジリガメ,834,0,10,ちからのハチマキ,2.7
セキタンザン,839,0,1,じゃくてんほけん,63.2
セキタンザン,839,0,2,きゅうこん,26.6
セキタンザン,839,0,3,ゴツゴツメット,1.5
セキタンザン,839,0,4,とつげきチョッキ,1.5
セキタンザン,839,0,5,いのちのたま,0.9
セキタンザン,839,0,6,ちからのハチマキ,0.8
セキタンザン,839,0,7,くろいてっきゅう,0.8
セキタンザン,839,0,8,こだわりメガネ,0.7
セキタンザン,839,0,9,いかさまダイス,0.7
セキタンザン,839,0,10,もくたん,0.6
カジッチュ,840,0,1,こだわりハチマキ,100.0
アップリュー,841,0,1,いのちのたま,42.1
アップリュー,841,0,2,こだわりハチマキ,9.5
アップリュー,841,0,3,こだわりスカーフ,7.1
アップリュー,841,0,4,きせきのタネ,5.6
アップリュー,841,0,5,じゃくてんほけん,5.6
アップリュー,841,0,6,ちからのハチマキ,4.0
アップリュー,841,0,7,きあいのタスキ,4.0
アップリュー,841,0,8,こうかくレンズ,4.0
アップリュー,841,0,9,フィラのみ,3.2
アップリュー,841,0,10,ゴツゴツメット,3.2
タルップル,842,0,1,ヤタピのみ,18.4
タルップル,842,0,2,オボンのみ,16.3
タルップル,842,0,3,たべのこし,13.3
タルップル,842,0,4,おおきなねっこ,12.3
タルップル,842,0,5,フィラのみ,10.4
タルップル,842,0,6,じゃくてんほけん,9.3
タルップル,842,0,7,ゴツゴツメット,6.8
タルップル,842,0,8,とつげきチョッキ,4.2
タルップル,842,0,9,とくせいガード,2.8
タルップル,842,0,10,バンジのみ,1.9
サダイジャ,844,0,1,ひかりのこな,51.7
サダイジャ,844,0,2,しめつけバンド,12.6
サダイジャ,844,0,3,ズアのみ,10.5
サダイジャ,844,0,4,とつげきチョッキ,9.7
サダイジャ,844,0,5,さらさらいわ,6.7
サダイジャ,844,0,6,おうじゃのしるし,2.5
サダイジャ,844,0,7,たべのこし,2.5
サダイジャ,844,0,8,クリアチャーム,2.5
サダイジャ,844,0,9,ゴツゴツメット,0.8
サダイジャ,844,0,10,だっしゅつボタン,0.4
サシカマス,846,0,1,おんみつマント,100.0
カマスジョー,847,0,1,きあいのタスキ,35.8
カマスジョー,847,0,2,いのちのたま,33.1
カマスジョー,847,0,3,こだわりハチマキ,20.1
カマスジョー,847,0,4,ラムのみ,4.4
カマスジョー,847,0,5,クリアチャーム,1.2
カマスジョー,847,0,6,しんぴのしずく,1.0
カマスジョー,847,0,7,おんみつマント,0.9
カマスジョー,847,0,8,とつげきチョッキ,0.8
カマスジョー,847,0,9,しろいハーブ,0.7
カマスジョー,847,0,10,おうじゃのしるし,0.5
ストリンダー,849,0,1,のどスプレー,35.9
ストリンダー,849,0,2,いのちのたま,23.8
ストリンダー,849,0,3,こだわりスカーフ,17.5
ストリンダー,849,0,4,こだわりメガネ,8.4
ストリンダー,849,0,5,たつじんのおび,5.4
ストリンダー,849,0,6,ノーマルジュエル,2.1
ストリンダー,849,0,7,きあいのタスキ,2.1
ストリンダー,849,0,8,オボンのみ,2.1
ストリンダー,849,0,9,メトロノーム,0.8
ストリンダー,849,0,10,イアのみ,0.6
ストリンダー,849,1,1,のどスプレー,27.2
ストリンダー,849,1,2,こだわりメガネ,26.6
ストリンダー,849,1,3,こだわりスカーフ,20.7
ストリンダー,849,1,4,いのちのたま,14.5
ストリンダー,849,1,5,おんみつマント,3.4
ストリンダー,849,1,6,ものしりメガネ,2.1
ストリンダー,849,1,7,ふうせん,1.5
ストリンダー,849,1,8,くろいヘドロ,1.5
ストリンダー,849,1,9,せんせいのツメ,0.8
ストリンダー,849,1,10,シルクのスカーフ,0.8
ポットデス,855,0,1,きあいのタスキ,47.3
ポットデス,855,0,2,しろいハーブ,25.1
ポットデス,855,0,3,じゃくてんほけん,14.2
ポットデス,855,0,4,メンタルハーブ,4.8
ポットデス,855,0,5,カシブのみ,3.6
ポットデス,855,0,6,こだわりメガネ,1.0
ポットデス,855,0,7,ゴツゴツメット,0.8
ポットデス,855,0,8,リュガのみ,0.6
ポットデス,855,0,9,オボンのみ,0.6
ポットデス,855,0,10,こだわりスカーフ,0.4
テブリム,857,0,1,しんかのきせき,100.0
ブリムオン,858,0,1,いのちのたま,61.7
ブリムオン,858,0,2,おんみつマント,14.1
ブリムオン,858,0,3,きあいのタスキ,6.6
ブリムオン,858,0,4,オボンのみ,4.6
ブリムオン,858,0,5,カシブのみ,3.3
ブリムオン,858,0,6,たべのこし,1.2
ブリムオン,858,0,7,ものしりメガネ,1.0
ブリムオン,858,0,8,ひかりのこな,0.9
ブリムオン,858,0,9,とつげきチョッキ,0.7
ブリムオン,858,0,10,リリバのみ,0.7
ギモー,860,0,1,しんかのきせき,100.0
オーロンゲ,861,0,1,ひかりのねんど,82.7
オーロンゲ,861,0,2,ロゼルのみ,3.6
オーロンゲ,861,0,3,おんみつマント,2.6
オーロンゲ,861,0,4,ゴツゴツメット,1.4
オーロンゲ,861,0,5,オボンのみ,1.2
オーロンゲ,861,0,6,くろいてっきゅう,1.0
オーロンゲ,861,0,7,こうこうのしっぽ,1.0
オーロンゲ,861,0,8,きあいのタスキ,0.8
オーロンゲ,861,0,9,だっしゅつボタン,0.6
オーロンゲ,861,0,10,こうかくレンズ,0.5
ニャイキング,863,0,1,ヨプのみ,39.4
ニャイキング,863,0,2,きあいのタスキ,26.2
ニャイキング,863,0,3,とつげきチョッキ,9.2
ニャイキング,863,0,4,オボンのみ,6.2
ニャイキング,863,0,5,ゴツゴツメット,2.4
ニャイキング,863,0,6,ふうせん,2.4
ニャイキング,863,0,7,メタルコート,2.2
ニャイキング,863,0,8,おんみつマント,1.6
ニャイキング,863,0,9,せんせいのツメ,1.6
ニャイキング,863,0,10,シュカのみ,1.0
タイレーツ,870,0,1,バコウのみ,32.8
タイレーツ,870,0,2,せんせいのツメ,18.0
タイレーツ,870,0,3,フィラのみ,16.4
タイレーツ,870,0,4,オボンのみ,13.1
タイレーツ,870,0,5,クリアチャーム,6.6
タイレーツ,870,0,6,たべのこし,4.9
タイレーツ,870,0,7,きあいのタスキ,3.3
タイレーツ,870,0,8,ぼうじんゴーグル,3.3
タイレーツ,870,0,9,きれいなぬけがら,1.6
バチンウニ,871,0,1,グランドコート,46.0
バチンウニ,871,0,2,エレキシード,11.5
バチンウニ,871,0,3,いのちのたま,9.8
バチンウニ,871,0,4,シュカのみ,4.2
バチンウニ,871,0,5,オボンのみ,3.9
バチンウニ,871,0,6,ゴツゴツメット,3.6
バチンウニ,871,0,7,だっしゅつパック,3.3
バチンウニ,871,0,8,ふうせん,2.7
バチンウニ,871,0,9,バンジのみ,2.6
バチンウニ,871,0,10,だっしゅつボタン,2.5
モスノウ,873,0,1,オボンのみ,28.9
モスノウ,873,0,2,おんみつマント,11.3
モスノウ,873,0,3,いのちのたま,8.9
モスノウ,873,0,4,のどスプレー,6.8
モスノウ,873,0,5,たべのこし,5.8
モスノウ,873,0,6,きあいのタスキ,5.7
モスノウ,873,0,7,とつげきチョッキ,5.3
モスノウ,873,0,8,せんせいのツメ,5.1
モスノウ,873,0,9,ひかりのこな,4.4
モスノウ,873,0,10,じゃくてんほけん,4.2
イシヘンジン,874,0,1,きあいのタスキ,56.5
イシヘンジン,874,0,2,オボンのみ,11.5
イシヘンジン,874,0,3,ゴツゴツメット,5.1
イシヘンジン,874,0,4,せんせいのツメ,4.5
イシヘンジン,874,0,5,おんみつマント,4.4
イシヘンジン,874,0,6,ちからのハチマキ,3.5
イシヘンジン,874,0,7,とつげきチョッキ,3.1
イシヘンジン,874,0,8,ひかりのこな,2.2
イシヘンジン,874,0,9,たべのこし,1.8
イシヘンジン,874,0,10,ふうせん,1.4
コオリッポ,875,0,1,オボンのみ,46.3
コオリッポ,875,0,2,きあいのタスキ,16.1
コオリッポ,875,0,3,とつげきチョッキ,10.9
コオリッポ,875,0,4,とけないこおり,9.3
コオリッポ,875,0,5,いのちのたま,6.6
コオリッポ,875,0,6,たべのこし,3.6
コオリッポ,875,0,7,ゴツゴツメット,2.9
コオリッポ,875,0,8,ぼうじんゴーグル,1.1
コオリッポ,875,0,9,せんせいのツメ,0.7
コオリッポ,875,0,10,ゆきだま,0.6
イエッサン,876,0,1,サイコシード,22.0
イエッサン,876,0,2,きあいのタスキ,17.0
イエッサン,876,0,3,こだわりスカーフ,13.7
イエッサン,876,0,4,いのちのたま,10.9
イエッサン,876,0,5,こだわりメガネ,10.3
イエッサン,876,0,6,グランドコート,8.0
イエッサン,876,0,7,まがったスプーン,4.7
イエッサン,876,0,8,のどスプレー,3.5
イエッサン,876,0,9,ゴツゴツメット,2.7
イエッサン,876,0,10,ウイのみ,1.7
イエッサン,876,1,1,ゴツゴツメット,47.2
イエッサン,876,1,2,サイコシード,27.4
イエッサン,876,1,3,ぼうじんゴーグル,8.5
イエッサン,876,1,4,だっしゅつボタン,4.6
イエッサン,876,1,5,オボンのみ,4.5
イエッサン,876,1,6,グランドコート,1.8
イエッサン,876,1,7,きあいのタスキ,1.7
イエッサン,876,1,8,ナモのみ,1.1
イエッサン,876,1,9,メンタルハーブ,0.8
イエッサン,876,1,10,レッドカード,0.3
ダイオウドウ,879,0,1,いのちのたま,75.3
ダイオウドウ,879,0,2,とつげきチョッキ,14.8
ダイオウドウ,879,0,3,たべのこし,4.1
ダイオウドウ,879,0,4,こだわりハチマキ,2.1
ダイオウドウ,879,0,5,じゃくてんほけん,1.7
ダイオウドウ,879,0,6,ふうせん,1.0
ダイオウドウ,879,0,7,ちからのハチマキ,0.3
ダイオウドウ,879,0,8,たつじんのおび,0.3
ダイオウドウ,879,0,9,ルームサービス,0.3
ドラパルト,887,0,1,こだわりハチマキ,59.8
ドラパルト,887,0,2,いのちのたま,13.4
ドラパルト,887,0,3,きあいのタスキ,5.0
ドラパルト,887,0,4,りゅうのキバ,2.4
ドラパルト,887,0,5,こだわりスカーフ,1.7
ドラパルト,887,0,6,ひかりのねんど,1.7
ドラパルト,887,0,7,こだわりメガネ,1.7
ドラパルト,887,0,8,オボンのみ,1.4
ドラパルト,887,0,9,ぼうじんゴーグル,1.4
ドラパルト,887,0,10,とつげきチョッキ,1.1
ウーラオス,892,0,1,きあいのタスキ,27.8
ウーラオス,892,0,2,こだわりハチマキ,23.7
ウーラオス,892,0,3,くろいメガネ,14.6
ウーラオス,892,0,4,こだわりスカーフ,8.4
ウーラオス,892,0,5,とつげきチョッキ,7.9
ウーラオス,892,0,6,いのちのたま,5.8
ウーラオス,892,0,7,こわもてプレート,5.0
ウーラオス,892,0,8,ぼうじんゴーグル,1.4
ウーラオス,892,0,9,おんみつマント,1.1
ウーラオス,892,0,10,クリアチャーム,0.8
ウーラオス,892,1,1,しんぴのしずく,35.3
ウーラオス,892,1,2,こだわりスカーフ,27.3
ウーラオス,892,1,3,きあいのタスキ,15.0
ウーラオス,892,1,4,こだわりハチマキ,4.1
ウーラオス,892,1,5,とつげきチョッキ,3.8
ウーラオス,892,1,6,いのちのたま,3.7
ウーラオス,892,1,7,ぼうじんゴーグル,2.9
ウーラオス,892,1,8,ぼうごパット,2.1
ウーラオス,892,1,9,パンチグローブ,1.4
ウーラオス,892,1,10,しずくプレート,1.2
レジエレキ,894,0,1,こだわりスカーフ,27.7
レジエレキ,894,0,2,きあいのタスキ,23.0
レジエレキ,894,0,3,じしゃく,9.4
レジエレキ,894,0,4,こだわりハチマキ,8.5
レジエレキ,894,0,5,いのちのたま,7.8
レジエレキ,894,0,6,おんみつマント,6.6
レジエレキ,894,0,7,こだわりメガネ,6.5
レジエレキ,894,0,8,ノーマルジュエル,3.4
レジエレキ,894,0,9,ひかりのねんど,2.2
レジエレキ,894,0,10,いかずちプレート,0.8
レジドラゴ,895,0,1,りゅうのキバ,61.3
レジドラゴ,895,0,2,りゅうのプレート,10.0
レジドラゴ,895,0,3,こだわりメガネ,9.9
レジドラゴ,895,0,4,こだわりスカーフ,7.8
レジドラゴ,895,0,5,いのちのたま,4.6
レジドラゴ,895,0,6,くろいてっきゅう,1.5
レジドラゴ,895,0,7,とつげきチョッキ,1.0
レジドラゴ,895,0,8,パワーアンクル,0.4
レジドラゴ,895,0,9,ルームサービス,0.4
レジドラゴ,895,0,10,おんみつマント,0.4
ブリザポス,896,0,1,とつげきチョッキ,35.7
ブリザポス,896,0,2,クリアチャーム,20.8
ブリザポス,896,0,3,たべのこし,10.7
ブリザポス,896,0,4,じゃくてんほけん,6.5
ブリザポス,896,0,5,ぼうじんゴーグル,6.2
ブリザポス,896,0,6,いのちのたま,5.5
ブリザポス,896,0,7,オボンのみ,3.6
ブリザポス,896,0,8,ラムのみ,3.6
ブリザポス,896,0,9,こだわりハチマキ,1.7
ブリザポス,896,0,10,たつじんのおび,1.2
レイスポス,897,0,1,オボンのみ,65.9
レイスポス,897,0,2,きあいのタスキ,10.6
レイスポス,897,0,3,ぼうじんゴーグル,7.3
レイスポス,897,0,4,こだわりスカーフ,3.3
レイスポス,897,0,5,いのちのたま,3.0
レイスポス,897,0,6,たべのこし,2.2
レイスポス,897,0,7,おおきなねっこ,0.9
レイスポス,897,0,8,のろいのおふだ,0.9
レイスポス,897,0,9,マゴのみ,0.6
レイスポス,897,0,10,こだわりメガネ,0.6
アヤシシ,899,0,1,メンタルハーブ,39.9
アヤシシ,899,0,2,おんみつマント,27.6
アヤシシ,899,0,3,たべのこし,7.1
アヤシシ,899,0,4,こうかくレンズ,4.5
アヤシシ,899,0,5,オボンのみ,4.3
アヤシシ,899,0,6,ぼうじんゴーグル,3.6
アヤシシ,899,0,7,ひかりのねんど,2.9
アヤシシ,899,0,8,いのちのたま,1.4
アヤシシ,899,0,9,ナモのみ,1.2
アヤシシ,899,0,10,たつじんのおび,0.8
バサギリ,900,0,1,ゴツゴツメット,45.1
バサギリ,900,0,2,こだわりスカーフ,14.4
バサギリ,900,0,3,とつげきチョッキ,13.1
バサギリ,900,0,4,きあいのタスキ,6.6
バサギリ,900,0,5,いのちのたま,4.9
バサギリ,900,0,6,クリアチャーム,2.7
バサギリ,900,0,7,オボンのみ,1.9
バサギリ,900,0,8,こだわりハチマキ,1.8
バサギリ,900,0,9,こうかくレンズ,1.8
バサギリ,900,0,10,おんみつマント,1.8
ガチグマ,901,0,1,かえんだま,94.9
ガチグマ,901,0,2,とつげきチョッキ,2.6
ガチグマ,901,0,3,オボンのみ,1.0
ガチグマ,901,0,4,クリアチャーム,0.3
ガチグマ,901,0,5,こだわりハチマキ,0.3
ガチグマ,901,0,6,じゃくてんほけん,0.3
ガチグマ,901,0,7,たべのこし,0.2
ガチグマ,901,0,8,どくどくだま,0.1
ガチグマ,901,0,9,いのちのたま,0.1
ガチグマ,901,0,10,こだわりスカーフ,0.0
イダイトウ,902,0,1,いのちのたま,60.8
イダイトウ,902,0,2,しんぴのしずく,13.5
イダイトウ,902,0,3,こだわりハチマキ,6.1
イダイトウ,902,0,4,とつげきチョッキ,6.0
イダイトウ,902,0,5,こだわりスカーフ,3.1
イダイトウ,902,0,6,クリアチャーム,2.0
イダイトウ,902,0,7,きあいのタスキ,1.3
イダイトウ,902,0,8,オボンのみ,1.3
イダイトウ,902,0,9,のろいのおふだ,1.0
イダイトウ,902,0,10,しずくプレート,0.9
イダイトウ,902,1,1,こだわりメガネ,35.5
イダイトウ,902,1,2,いのちのたま,21.0
イダイトウ,902,1,3,じゃくてんほけん,9.4
イダイトウ,902,1,4,とつげきチョッキ,8.2
イダイトウ,902,1,5,しんぴのしずく,8.0
イダイトウ,902,1,6,こだわりスカーフ,3.9
イダイトウ,902,1,7,ゴツゴツメット,2.0
イダイトウ,902,1,8,たべのこし,2.0
イダイトウ,902,1,9,のろいのおふだ,1.9
イダイトウ,902,1,10,きあいのタスキ,1.9
オオニューラ,903,0,1,サイコシード,22.2
オオニューラ,903,0,2,グラスシード,21.4
オオニューラ,903,0,3,ものまねハーブ,14.2
オオニューラ,903,0,4,ノーマルジュエル,13.1
オオニューラ,903,0,5,きあいのタスキ,12.4
オオニューラ,903,0,6,ラムのみ,3.0
オオニューラ,903,0,7,しろいハーブ,2.4
オオニューラ,903,0,8,オボンのみ,1.3
オオニューラ,903,0,9,とつげきチョッキ,1.1
オオニューラ,903,0,10,どくバリ,1.0
ハリーマン,904,0,1,こだわりハチマキ,51.1
ハリーマン,904,0,2,いのちのたま,12.9
ハリーマン,904,0,3,とつげきチョッキ,8.4
ハリーマン,904,0,4,くろいヘドロ,7.1
ハリーマン,904,0,5,たべのこし,3.6
ハリーマン,904,0,6,きあいのタスキ,3.0
ハリーマン,904,0,7,バンジのみ,2.3
ハリーマン,904,0,8,ノーマルジュエル,1.6
ハリーマン,904,0,9,ゴツゴツメット,1.2
ハリーマン,904,0,10,しんぴのしずく,0.9
ラブトロス,905,0,1,とつげきチョッキ,21.5
ラブトロス,905,0,2,いのちのたま,20.0
ラブトロス,905,0,3,たべのこし,12.8
ラブトロス,905,0,4,こだわりメガネ,7.3
ラブトロス,905,0,5,せいれいプレート,6.6
ラブトロス,905,0,6,きあいのタスキ,6.0
ラブトロス,905,0,7,こだわりスカーフ,4.9
ラブトロス,905,0,8,オボンのみ,4.6
ラブトロス,905,0,9,こうかくレンズ,4.4
ラブトロス,905,0,10,ぼうじんゴーグル,3.2
ラブトロス,905,1,1,とつげきチョッキ,23.5
ラブトロス,905,1,2,いのちのたま,17.6
ラブトロス,905,1,3,せいれいプレート,13.9
ラブトロス,905,1,4,こだわりメガネ,13.5
ラブトロス,905,1,5,たべのこし,7.2
ラブトロス,905,1,6,オボンのみ,6.0
ラブトロス,905,1,7,ゴツゴツメット,5.4
ラブトロス,905,1,8,じゃくてんほけん,2.4
ラブトロス,905,1,9,こうかくレンズ,2.2
ラブトロス,905,1,10,ものしりメガネ,1.9
ニャオハ,906,0,1,しんかのきせき,100.0
マスカーニャ,908,0,1,きあいのタスキ,45.9
マスカーニャ,908,0,2,こだわりスカーフ,19.9
マスカーニャ,908,0,3,こだわりハチマキ,14.8
マスカーニャ,908,0,4,いのちのたま,4.8
マスカーニャ,908,0,5,とつげきチョッキ,3.8
マスカーニャ,908,0,6,きせきのタネ,1.7
マスカーニャ,908,0,7,おんみつマント,1.5
マスカーニャ,908,0,8,たつじんのおび,1.4
マスカーニャ,908,0,9,サンのみ,1.1
マスカーニャ,908,0,10,ものまねハーブ,0.8
アチゲータ,910,0,1,しんかのきせき,100.0
ラウドボーン,911,0,1,とつげきチョッキ,25.0
ラウドボーン,911,0,2,のどスプレー,23.1
ラウドボーン,911,0,3,たべのこし,17.1
ラウドボーン,911,0,4,オボンのみ,9.4
ラウドボーン,911,0,5,ぼうじんゴーグル,7.0
ラウドボーン,911,0,6,いのちのたま,4.8
ラウドボーン,911,0,7,ゴツゴツメット,2.3
ラウドボーン,911,0,8,からぶりほけん,1.6
ラウドボーン,911,0,9,せんせいのツメ,1.3
ラウドボーン,911,0,10,あつぞこブーツ,1.0
ウェーニバル,914,0,1,きあいのタスキ,23.5
ウェーニバル,914,0,2,しんぴのしずく,11.7
ウェーニバル,914,0,3,こだわりスカーフ,11.7
ウェーニバル,914,0,4,いのちのたま,10.4
ウェーニバル,914,0,5,とつげきチョッキ,9.0
ウェーニバル,914,0,6,こだわりハチマキ,5.5
ウェーニバル,914,0,7,クリアチャーム,5.3
ウェーニバル,914,0,8,たべのこし,4.1
ウェーニバル,914,0,9,ラムのみ,2.6
ウェーニバル,914,0,10,とけないこおり,2.5
グルトン,915,0,1,しんかのきせき,100.0
パフュートン,916,0,1,ゴツゴツメット,50.0
パフュートン,916,0,2,じゃくてんほけん,11.8
パフュートン,916,0,3,ノーマルジュエル,8.8
パフュートン,916,0,4,オボンのみ,5.9
パフュートン,916,0,5,カムラのみ,5.9
パフュートン,916,0,6,たべのこし,5.9
パフュートン,916,0,7,フィラのみ,5.9
パフュートン,916,0,8,リュガのみ,2.9
パフュートン,916,0,9,せいれいプレート,2.9
パフュートン,916,1,1,たべのこし,87.5
パフュートン,916,1,2,ズアのみ,12.5
ワナイダー,918,0,1,レッドカード,31.4
ワナイダー,918,0,2,きあいのタスキ,25.7
ワナイダー,918,0,3,ゴツゴツメット,11.4
ワナイダー,918,0,4,メンタルハーブ,11.4
ワナイダー,918,0,5,おんみつマント,11.4
ワナイダー,918,0,6,たべのこし,4.8
ワナイダー,918,0,7,オボンのみ,1.9
ワナイダー,918,0,8,オッカのみ,1.0
ワナイダー,918,0,9,ぎんのこな,1.0
エクスレッグ,920,0,1,いのちのたま,55.4
エクスレッグ,920,0,2,こだわりハチマキ,17.9
エクスレッグ,920,0,3,きあいのタスキ,9.6
エクスレッグ,920,0,4,ぎんのこな,7.3
エクスレッグ,920,0,5,とつげきチョッキ,6.1
エクスレッグ,920,0,6,ちからのハチマキ,2.4
エクスレッグ,920,0,7,こだわりスカーフ,0.5
エクスレッグ,920,0,8,おんみつマント,0.3
エクスレッグ,920,0,9,くろいメガネ,0.3
パーモット,923,0,1,きあいのタスキ,61.6
パーモット,923,0,2,パンチグローブ,11.4
パーモット,923,0,3,ヒメリのみ,8.3
パーモット,923,0,4,ちからのハチマキ,3.8
パーモット,923,0,5,こだわりスカーフ,3.0
パーモット,923,0,6,たべのこし,2.5
パーモット,923,0,7,クリアチャーム,1.7
パーモット,923,0,8,くろおび,1.2
パーモット,923,0,9,ぼうじんゴーグル,1.2
パーモット,923,0,10,おんみつマント,1.1
イッカネズミ,925,0,1,こうかくレンズ,38.6
イッカネズミ,925,0,2,ゴツゴツメット,22.7
イッカネズミ,925,0,3,ぼうじんゴーグル,17.8
イッカネズミ,925,0,4,きあいのタスキ,6.1
イッカネズミ,925,0,5,オボンのみ,4.7
イッカネズミ,925,0,6,おんみつマント,2.3
イッカネズミ,925,0,7,ヨプのみ,1.4
イッカネズミ,925,0,8,いかさまダイス,1.4
イッカネズミ,925,0,9,ひかりのこな,1.1
イッカネズミ,925,0,10,こだわりスカーフ,0.9
パピモッチ,926,0,1,せいれいプレート,100.0
バウッツェル,927,0,1,たべのこし,73.6
バウッツェル,927,0,2,オボンのみ,9.9
バウッツェル,927,0,3,とつげきチョッキ,5.3
バウッツェル,927,0,4,ぼうじんゴーグル,4.2
バウッツェル,927,0,5,ゴツゴツメット,3.3
バウッツェル,927,0,6,ラムのみ,0.8
バウッツェル,927,0,7,おんみつマント,0.6
バウッツェル,927,0,8,クリアチャーム,0.6
バウッツェル,927,0,9,ビアーのみ,0.3
バウッツェル,927,0,10,せんせいのツメ,0.2
オリーニョ,929,0,1,しんかのきせき,100.0
オリーヴァ,930,0,1,オボンのみ,33.3
オリーヴァ,930,0,2,グラスシード,17.7
オリーヴァ,930,0,3,たべのこし,9.3
オリーヴァ,930,0,4,いのちのたま,8.7
オリーヴァ,930,0,5,きせきのタネ,7.3
オリーヴァ,930,0,6,のどスプレー,5.9
オリーヴァ,930,0,7,とつげきチョッキ,5.4
オリーヴァ,930,0,8,おおきなねっこ,1.9
オリーヴァ,930,0,9,きゅうこん,1.3
オリーヴァ,930,0,10,ヤタピのみ,1.1
イキリンコ,931,0,1,こだわりスカーフ,90.1
イキリンコ,931,0,2,きあいのタスキ,3.8
イキリンコ,931,0,3,おんみつマント,2.3
イキリンコ,931,0,4,ゴツゴツメット,1.9
イキリンコ,931,0,5,オボンのみ,1.4
イキリンコ,931,0,6,かえんだま,0.5
イキリンコ,931,1,1,こだわりスカーフ,54.5
イキリンコ,931,1,2,ゴツゴツメット,29.3
イキリンコ,931,1,3,メンタルハーブ,11.1
イキリンコ,931,1,4,いのちのたま,2.0
イキリンコ,931,1,5,とつげきチョッキ,1.0
イキリンコ,931,1,6,こだわりハチマキ,1.0
イキリンコ,931,1,7,かえんだま,1.0
イキリンコ,931,2,1,こだわりスカーフ,92.2
イキリンコ,931,2,2,ノーマルジュエル,3.9
イキリンコ,931,2,3,オボンのみ,3.9
イキリンコ,931,3,1,こだわりスカーフ,100.0
コジオ,932,0,1,カムラのみ,66.7
コジオ,932,0,2,しんかのきせき,33.3
ジオヅム,933,0,1,しんかのきせき,100.0
キョジオーン,934,0,1,たべのこし,67.1
キョジオーン,934,0,2,ゴツゴツメット,9.2
キョジオーン,934,0,3,オボンのみ,8.7
キョジオーン,934,0,4,おんみつマント,4.5
キョジオーン,934,0,5,ノーマルジュエル,1.5
キョジオーン,934,0,6,こだわりハチマキ,1.3
キョジオーン,934,0,7,フィラのみ,1.0
キョジオーン,934,0,8,ちからのハチマキ,0.7
キョジオーン,934,0,9,じゃくてんほけん,0.7
キョジオーン,934,0,10,いのちのたま,0.6
カルボウ,935,0,1,しんかのきせき,100.0
グレンアルマ,936,0,1,いのちのたま,45.0
グレンアルマ,936,0,2,じゃくてんほけん,18.5
グレンアルマ,936,0,3,まがったスプーン,16.0
グレンアルマ,936,0,4,きあいのタスキ,3.8
グレンアルマ,936,0,5,おんみつマント,3.6
グレンアルマ,936,0,6,こだわりスカーフ,1.7
グレンアルマ,936,0,7,ぼうじんゴーグル,1.6
グレンアルマ,936,0,8,ルームサービス,1.2
グレンアルマ,936,0,9,サイコシード,1.2
グレンアルマ,936,0,10,オボンのみ,1.1
ソウブレイズ,937,0,1,クリアチャーム,20.0
ソウブレイズ,937,0,2,とつげきチョッキ,13.8
ソウブレイズ,937,0,3,たべのこし,13.0
ソウブレイズ,937,0,4,いのちのたま,10.5
ソウブレイズ,937,0,5,きあいのタスキ,10.4
ソウブレイズ,937,0,6,じゃくてんほけん,5.8
ソウブレイズ,937,0,7,もくたん,4.9
ソウブレイズ,937,0,8,オボンのみ,4.6
ソウブレイズ,937,0,9,ぼうじんゴーグル,2.5
ソウブレイズ,937,0,10,カシブのみ,1.7
ハラバリー,939,0,1,とつげきチョッキ,40.1
ハラバリー,939,0,2,じゃくてんほけん,13.1
ハラバリー,939,0,3,たべのこし,7.9
ハラバリー,939,0,4,じしゃく,7.7
ハラバリー,939,0,5,ゴツゴツメット,7.0
ハラバリー,939,0,6,オボンのみ,6.2
ハラバリー,939,0,7,こだわりメガネ,4.5
ハラバリー,939,0,8,いのちのたま,3.3
ハラバリー,939,0,9,ふうせん,1.5
ハラバリー,939,0,10,エレキシード,1.0
タイカイデン,941,0,1,きあいのタスキ,47.1
タイカイデン,941,0,2,せんせいのツメ,15.8
タイカイデン,941,0,3,こだわりメガネ,8.8
タイカイデン,941,0,4,いのちのたま,4.8
タイカイデン,941,0,5,たべのこし,4.2
タイカイデン,941,0,6,ゴツゴツメット,3.6
タイカイデン,941,0,7,おんみつマント,3.1
タイカイデン,941,0,8,じしゃく,1.6
タイカイデン,941,0,9,ものまねハーブ,1.2
タイカイデン,941,0,10,ビビリだま,1.0
マフィティフ,943,0,1,とつげきチョッキ,37.9
マフィティフ,943,0,2,くろいメガネ,11.3
マフィティフ,943,0,3,オボンのみ,7.3
マフィティフ,943,0,4,ビビリだま,7.3
マフィティフ,943,0,5,しあわせタマゴ,7.3
マフィティフ,943,0,6,こだわりハチマキ,5.6
マフィティフ,943,0,7,きあいのタスキ,5.6
マフィティフ,943,0,8,レッドカード,4.8
マフィティフ,943,0,9,ちからのハチマキ,4.0
マフィティフ,943,0,10,ぼうじんゴーグル,3.2
タギングル,945,0,1,おんみつマント,20.3
タギングル,945,0,2,メンタルハーブ,15.0
タギングル,945,0,3,こうこうのしっぽ,13.8
タギングル,945,0,4,サイコシード,8.1
タギングル,945,0,5,きあいのタスキ,7.3
タギングル,945,0,6,くろいヘドロ,6.7
タギングル,945,0,7,だっしゅつボタン,5.3
タギングル,945,0,8,こうかくレンズ,4.0
タギングル,945,0,9,こだわりスカーフ,3.4
タギングル,945,0,10,ものまねハーブ,2.4
アノホラグサ,947,0,1,いかさまダイス,37.4
アノホラグサ,947,0,2,きあいのタスキ,23.9
アノホラグサ,947,0,3,ゴツゴツメット,13.9
アノホラグサ,947,0,4,いのちのたま,9.7
アノホラグサ,947,0,5,こだわりハチマキ,3.6
アノホラグサ,947,0,6,こうかくレンズ,2.7
アノホラグサ,947,0,7,クリアチャーム,2.6
アノホラグサ,947,0,8,パワフルハーブ,2.2
アノホラグサ,947,0,9,とつげきチョッキ,1.9
アノホラグサ,947,0,10,のろいのおふだ,0.4
ノノクラゲ,948,0,1,しんかのきせき,100.0
リククラゲ,949,0,1,メンタルハーブ,41.0
リククラゲ,949,0,2,たべのこし,15.6
リククラゲ,949,0,3,オボンのみ,14.1
リククラゲ,949,0,4,おおきなねっこ,8.7
リククラゲ,949,0,5,ヤチェのみ,6.6
リククラゲ,949,0,6,きあいのタスキ,5.2
リククラゲ,949,0,7,ゴツゴツメット,2.0
リククラゲ,949,0,8,だっしゅつパック,1.5
リククラゲ,949,0,9,ものまねハーブ,1.5
リククラゲ,949,0,10,じゃくてんほけん,0.9
ガケガニ,950,0,1,こうかくレンズ,77.6
ガケガニ,950,0,2,きあいのタスキ,4.7
ガケガニ,950,0,3,いのちのたま,4.2
ガケガニ,950,0,4,ヒメリのみ,3.7
ガケガニ,950,0,5,クリアチャーム,2.8
ガケガニ,950,0,6,かたいいし,1.9
ガケガニ,950,0,7,とつげきチョッキ,1.4
ガケガニ,950,0,8,じゃくてんほけん,0.9
ガケガニ,950,0,9,こだわりスカーフ,0.9
ガケガニ,950,0,10,しめつけバンド,0.5
スコヴィラン,952,0,1,きあいのタスキ,29.8
スコヴィラン,952,0,2,ひかりのこな,24.2
スコヴィラン,952,0,3,メンタルハーブ,22.8
スコヴィラン,952,0,4,こだわりスカーフ,5.8
スコヴィラン,952,0,5,おんみつマント,2.5
スコヴィラン,952,0,6,たべのこし,2.5
スコヴィラン,952,0,7,いのちのたま,2.3
スコヴィラン,952,0,8,とつげきチョッキ,1.9
スコヴィラン,952,0,9,ゴツゴツメット,1.5
スコヴィラン,952,0,10,ものまねハーブ,1.2
ベラカス,954,0,1,ヒメリのみ,45.1
ベラカス,954,0,2,メンタルハーブ,19.2
ベラカス,954,0,3,きあいのタスキ,10.7
ベラカス,954,0,4,おんみつマント,6.1
ベラカス,954,0,5,じゃくてんほけん,4.4
ベラカス,954,0,6,オボンのみ,2.9
ベラカス,954,0,7,たべのこし,2.2
ベラカス,954,0,8,たつじんのおび,2.0
ベラカス,954,0,9,ナモのみ,1.8
ベラカス,954,0,10,ひかりのねんど,1.5
クエスパトラ,956,0,1,きあいのタスキ,31.8
クエスパトラ,956,0,2,たべのこし,21.0
クエスパトラ,956,0,3,おんみつマント,16.8
クエスパトラ,956,0,4,オボンのみ,9.7
クエスパトラ,956,0,5,いのちのたま,3.2
クエスパトラ,956,0,6,ものまねハーブ,2.6
クエスパトラ,956,0,7,ひかりのねんど,1.7
クエスパトラ,956,0,8,ナモのみ,1.5
クエスパトラ,956,0,9,まがったスプーン,1.4
クエスパトラ,956,0,10,ものしりメガネ,1.4
ナカヌチャン,958,0,1,しんかのきせき,100.0
デカヌチャン,959,0,1,とつげきチョッキ,31.1
デカヌチャン,959,0,2,オボンのみ,17.4
デカヌチャン,959,0,3,ふうせん,6.4
デカヌチャン,959,0,4,いのちのたま,6.3
デカヌチャン,959,0,5,メタルコート,4.9
デカヌチャン,959,0,6,ゴツゴツメット,3.8
デカヌチャン,959,0,7,だっしゅつボタン,3.7
デカヌチャン,959,0,8,たべのこし,3.7
デカヌチャン,959,0,9,ぼうじんゴーグル,3.2
デカヌチャン,959,0,10,おんみつマント,3.2
ウミトリオ,961,0,1,きあいのタスキ,35.4
ウミトリオ,961,0,2,こだわりハチマキ,22.9
ウミトリオ,961,0,3,ひかりのこな,18.8
ウミトリオ,961,0,4,フォーカスレンズ,6.3
ウミトリオ,961,0,5,ものまねハーブ,6.3
ウミトリオ,961,0,6,こだわりスカーフ,6.3
ウミトリオ,961,0,7,いのちのたま,2.1
ウミトリオ,961,0,8,とつげきチョッキ,2.1
オトシドリ,962,0,1,こだわりスカーフ,30.9
オトシドリ,962,0,2,おんみつマント,14.9
オトシドリ,962,0,3,こだわりハチマキ,14.1
オトシドリ,962,0,4,かたいいし,11.1
オトシドリ,962,0,5,おうじゃのしるし,5.7
オトシドリ,962,0,6,ルームサービス,4.6
オトシドリ,962,0,7,くろいメガネ,4.6
オトシドリ,962,0,8,ものまねハーブ,2.7
オトシドリ,962,0,9,いかさまダイス,2.3
オトシドリ,962,0,10,いのちのたま,1.5
イルカマン,964,0,1,しんぴのしずく,52.0
イルカマン,964,0,2,こだわりハチマキ,9.1
イルカマン,964,0,3,パンチグローブ,8.0
イルカマン,964,0,4,とつげきチョッキ,4.7
イルカマン,964,0,5,こだわりスカーフ,4.4
イルカマン,964,0,6,オボンのみ,4.0
イルカマン,964,0,7,だっしゅつパック,3.3
イルカマン,964,0,8,いのちのたま,2.6
イルカマン,964,0,9,ぼうじんゴーグル,2.2
イルカマン,964,0,10,しずくプレート,1.7
ブロロローム,966,0,1,ゴツゴツメット,21.0
ブロロローム,966,0,2,オボンのみ,17.5
ブロロローム,966,0,3,いのちのたま,14.2
ブロロローム,966,0,4,ふうせん,5.8
ブロロローム,966,0,5,じゃくてんほけん,5.8
ブロロローム,966,0,6,くろいヘドロ,5.5
ブロロローム,966,0,7,クリアチャーム,4.3
ブロロローム,966,0,8,おんみつマント,3.3
ブロロローム,966,0,9,シュカのみ,3.0
ブロロローム,966,0,10,メタルコート,3.0
モトトカゲ,967,0,1,こだわりスカーフ,39.9
モトトカゲ,967,0,2,たべのこし,17.7
モトトカゲ,967,0,3,オボンのみ,12.3
モトトカゲ,967,0,4,ウイのみ,4.9
モトトカゲ,967,0,5,メンタルハーブ,4.4
モトトカゲ,967,0,6,ノーマルジュエル,3.9
モトトカゲ,967,0,7,いのちのたま,3.9
モトトカゲ,967,0,8,おんみつマント,3.4
モトトカゲ,967,0,9,こだわりハチマキ,3.0
モトトカゲ,967,0,10,レッドカード,2.0
ミミズズ,968,0,1,オボンのみ,63.7
ミミズズ,968,0,2,たべのこし,18.1
ミミズズ,968,0,3,レッドカード,3.6
ミミズズ,968,0,4,ゴツゴツメット,3.1
ミミズズ,968,0,5,メンタルハーブ,2.7
ミミズズ,968,0,6,おうじゃのしるし,1.4
ミミズズ,968,0,7,ヨプのみ,1.1
ミミズズ,968,0,8,きあいのタスキ,0.7
ミミズズ,968,0,9,ねらいのまと,0.6
ミミズズ,968,0,10,ぼうじんゴーグル,0.6
キラフロル,970,0,1,きあいのタスキ,34.4
キラフロル,970,0,2,とつげきチョッキ,31.2
キラフロル,970,0,3,オボンのみ,7.2
キラフロル,970,0,4,ゴツゴツメット,6.5
キラフロル,970,0,5,ふうせん,5.5
キラフロル,970,0,6,くろいヘドロ,2.4
キラフロル,970,0,7,こだわりスカーフ,2.3
キラフロル,970,0,8,たべのこし,1.8
キラフロル,970,0,9,いのちのたま,1.2
キラフロル,970,0,10,たつじんのおび,0.9
ボチ,971,0,1,しんかのきせき,100.0
ハカドッグ,972,0,1,ゴツゴツメット,15.1
ハカドッグ,972,0,2,オボンのみ,13.1
ハカドッグ,972,0,3,とつげきチョッキ,12.5
ハカドッグ,972,0,4,いのちのたま,10.3
ハカドッグ,972,0,5,のろいのおふだ,10.1
ハカドッグ,972,0,6,こだわりハチマキ,9.0
ハカドッグ,972,0,7,こうかくレンズ,6.7
ハカドッグ,972,0,8,きあいのタスキ,6.1
ハカドッグ,972,0,9,メンタルハーブ,5.0
ハカドッグ,972,0,10,たべのこし,3.7
カラミンゴ,973,0,1,オボンのみ,35.1
カラミンゴ,973,0,2,きあいのタスキ,23.0
カラミンゴ,973,0,3,しろいハーブ,6.0
カラミンゴ,973,0,4,こだわりスカーフ,4.6
カラミンゴ,973,0,5,パワフルハーブ,4.5
カラミンゴ,973,0,6,ちからのハチマキ,4.1
カラミンゴ,973,0,7,いのちのたま,3.4
カラミンゴ,973,0,8,とつげきチョッキ,2.9
カラミンゴ,973,0,9,ひかりのこな,2.0
カラミンゴ,973,0,10,クリアチャーム,1.8
ハルクジラ,975,0,1,とつげきチョッキ,20.9
ハルクジラ,975,0,2,いのちのたま,20.0
ハルクジラ,975,0,3,じゃくてんほけん,18.4
ハルクジラ,975,0,4,オボンのみ,17.7
ハルクジラ,975,0,5,こだわりハチマキ,11.7
ハルクジラ,975,0,6,たべのこし,5.2
ハルクジラ,975,0,7,クリアチャーム,1.8
ハルクジラ,975,0,8,とけないこおり,1.2
ハルクジラ,975,0,9,カゴのみ,0.9
ハルクジラ,975,0,10,ぼうじんゴーグル,0.9
ミガルーサ,976,0,1,ピントレンズ,36.8
ミガルーサ,976,0,2,するどいツメ,22.1
ミガルーサ,976,0,3,ちからのハチマキ,18.9
ミガルーサ,976,0,4,オボンのみ,6.3
ミガルーサ,976,0,5,サンのみ,4.2
ミガルーサ,976,0,6,ゴツゴツメット,4.2
ミガルーサ,976,0,7,パワーアンクル,3.2
ミガルーサ,976,0,8,ノーマルジュエル,2.1
ミガルーサ,976,0,9,たべのこし,1.1
ミガルーサ,976,0,10,こだわりスカーフ,1.1
ヘイラッシャ,977,0,1,たべのこし,69.8
ヘイラッシャ,977,0,2,いのちのたま,6.0
ヘイラッシャ,977,0,3,オボンのみ,3.2
ヘイラッシャ,977,0,4,とつげきチョッキ,3.0
ヘイラッシャ,977,0,5,クリアチャーム,2.5
ヘイラッシャ,977,0,6,ゴツゴツメット,2.2
ヘイラッシャ,977,0,7,カゴのみ,2.2
ヘイラッシャ,977,0,8,ラムのみ,2.1
ヘイラッシャ,977,0,9,しんぴのしずく,2.1
ヘイラッシャ,977,0,10,ぼうじんゴーグル,1.7
シャリタツ,978,0,1,こだわりスカーフ,60.0
シャリタツ,978,0,2,きあいのタスキ,12.4
シャリタツ,978,0,3,どくどくだま,6.1
シャリタツ,978,0,4,オボンのみ,4.6
シャリタツ,978,0,5,ロゼルのみ,2.2
シャリタツ,978,0,6,いのちのたま,2.1
シャリタツ,978,0,7,こだわりメガネ,1.7
シャリタツ,978,0,8,ぼうじんゴーグル,1.4
シャリタツ,978,0,9,とつげきチョッキ,1.4
シャリタツ,978,0,10,こうかくレンズ,1.1
シャリタツ,978,1,1,こだわりスカーフ,44.5
シャリタツ,978,1,2,きあいのタスキ,14.2
シャリタツ,978,1,3,どくどくだま,10.1
シャリタツ,978,1,4,とつげきチョッキ,6.0
シャリタツ,978,1,5,こだわりメガネ,4.5
シャリタツ,978,1,6,オボンのみ,3.0
シャリタツ,978,1,7,いのちのたま,2.3
シャリタツ,978,1,8,ひかりのこな,2.2
シャリタツ,978,1,9,ラムのみ,2.1
シャリタツ,978,1,10,せんせいのツメ,2.1
シャリタツ,978,2,1,こだわりスカーフ,58.4
シャリタツ,978,2,2,きあいのタスキ,13.5
シャリタツ,978,2,3,こだわりメガネ,10.7
シャリタツ,978,2,4,どくどくだま,3.9
シャリタツ,978,2,5,オボンのみ,2.5
シャリタツ,978,2,6,ロゼルのみ,2.2
シャリタツ,978,2,7,ぼうじんゴーグル,2.0
シャリタツ,978,2,8,ラムのみ,1.1
シャリタツ,978,2,9,だっしゅつパック,0.9
シャリタツ,978,2,10,とつげきチョッキ,0.8
コノヨザル,979,0,1,たべのこし,42.5
コノヨザル,979,0,2,こだわりスカーフ,26.6
コノヨザル,979,0,3,オボンのみ,12.7
コノヨザル,979,0,4,とつげきチョッキ,4.3
コノヨザル,979,0,5,ぼうじんゴーグル,4.1
コノヨザル,979,0,6,パンチグローブ,1.7
コノヨザル,979,0,7,ラムのみ,1.2
コノヨザル,979,0,8,いのちのたま,0.7
コノヨザル,979,0,9,きあいのタスキ,0.7
コノヨザル,979,0,10,じゃくてんほけん,0.7
ドオー,980,0,1,くろいヘドロ,38.4
ドオー,980,0,2,オボンのみ,36.3
ドオー,980,0,3,たべのこし,12.5
ドオー,980,0,4,ゴツゴツメット,4.8
ドオー,980,0,5,おんみつマント,1.3
ドオー,980,0,6,ぼうじんゴーグル,1.3
ドオー,980,0,7,せんせいのツメ,0.8
ドオー,980,0,8,とつげきチョッキ,0.6
ドオー,980,0,9,フィラのみ,0.4
ドオー,980,0,10,どくバリ,0.4
リキキリン,981,0,1,オボンのみ,23.0
リキキリン,981,0,2,のどスプレー,22.1
リキキリン,981,0,3,ぼうじんゴーグル,19.5
リキキリン,981,0,4,ゴツゴツメット,11.7
リキキリン,981,0,5,メンタルハーブ,6.5
リキキリン,981,0,6,ナモのみ,3.2
リキキリン,981,0,7,たべのこし,2.9
リキキリン,981,0,8,いのちのたま,1.6
リキキリン,981,0,9,きあいのタスキ,1.5
リキキリン,981,0,10,じゃくてんほけん,1.4
ノココッチ,982,0,1,じゃくてんほけん,54.4
ノココッチ,982,0,2,こうかくレンズ,17.7
ノココッチ,982,0,3,ヨプのみ,4.9
ノココッチ,982,0,4,ゴツゴツメット,4.2
ノココッチ,982,0,5,いのちのたま,3.7
ノココッチ,982,0,6,おうじゃのしるし,2.7
ノココッチ,982,0,7,たべのこし,2.2
ノココッチ,982,0,8,メトロノーム,1.9
ノココッチ,982,0,9,のどスプレー,1.6
ノココッチ,982,0,10,こだわりメガネ,1.4
ドドゲザン,983,0,1,とつげきチョッキ,45.9
ドドゲザン,983,0,2,くろいメガネ,18.0
ドドゲザン,983,0,3,ぼうじんゴーグル,9.0
ドドゲザン,983,0,4,いのちのたま,7.7
ドドゲザン,983,0,5,ラムのみ,3.3
ドドゲザン,983,0,6,たべのこし,2.9
ドドゲザン,983,0,7,ゴツゴツメット,1.7
ドドゲザン,983,0,8,オボンのみ,1.5
ドドゲザン,983,0,9,ヨプのみ,1.2
ドドゲザン,983,0,10,じゃくてんほけん,1.2
イダイナキバ,984,0,1,こだわりスカーフ,28.6
イダイナキバ,984,0,2,とつげきチョッキ,22.1
イダイナキバ,984,0,3,ブーストエナジー,15.2
イダイナキバ,984,0,4,きあいのタスキ,12.1
イダイナキバ,984,0,5,いのちのたま,6.0
イダイナキバ,984,0,6,クリアチャーム,5.2
イダイナキバ,984,0,7,じゃくてんほけん,2.7
イダイナキバ,984,0,8,こだわりハチマキ,2.2
イダイナキバ,984,0,9,オボンのみ,0.8
イダイナキバ,984,0,10,おうじゃのしるし,0.6
サケブシッポ,985,0,1,ブーストエナジー,45.0
サケブシッポ,985,0,2,メンタルハーブ,22.3
サケブシッポ,985,0,3,ひかりのねんど,5.6
サケブシッポ,985,0,4,オボンのみ,4.3
サケブシッポ,985,0,5,いのちのたま,3.7
サケブシッポ,985,0,6,おんみつマント,3.4
サケブシッポ,985,0,7,ゴツゴツメット,3.3
サケブシッポ,985,0,8,たべのこし,2.5
サケブシッポ,985,0,9,パワーバンド,1.5
サケブシッポ,985,0,10,ぼうじんゴーグル,1.4
アラブルタケ,986,0,1,ゴツゴツメット,41.7
アラブルタケ,986,0,2,いかさまダイス,22.7
アラブルタケ,986,0,3,ブーストエナジー,13.0
アラブルタケ,986,0,4,オボンのみ,6.1
アラブルタケ,986,0,5,いのちのたま,4.6
アラブルタケ,986,0,6,たべのこし,3.8
アラブルタケ,986,0,7,おんみつマント,1.6
アラブルタケ,986,0,8,きあいのタスキ,1.3
アラブルタケ,986,0,9,くろいメガネ,0.8
アラブルタケ,986,0,10,フィラのみ,0.4
ハバタクカミ,987,0,1,ブーストエナジー,40.6
ハバタクカミ,987,0,2,こだわりメガネ,29.0
ハバタクカミ,987,0,3,きあいのタスキ,12.8
ハバタクカミ,987,0,4,せいれいプレート,9.6
ハバタクカミ,987,0,5,いのちのたま,4.8
ハバタクカミ,987,0,6,こだわりスカーフ,0.5
ハバタクカミ,987,0,7,オボンのみ,0.4
ハバタクカミ,987,0,8,ものしりメガネ,0.3
ハバタクカミ,987,0,9,ゴツゴツメット,0.3
ハバタクカミ,987,0,10,ルームサービス,0.2
チヲハウハネ,988,0,1,ブーストエナジー,36.7
チヲハウハネ,988,0,2,とつげきチョッキ,26.0
チヲハウハネ,988,0,3,いのちのたま,9.1
チヲハウハネ,988,0,4,しろいハーブ,5.2
チヲハウハネ,988,0,5,たべのこし,3.5
チヲハウハネ,988,0,6,オボンのみ,1.9
チヲハウハネ,988,0,7,ぼうじんゴーグル,1.8
チヲハウハネ,988,0,8,こだわりハチマキ,1.8
チヲハウハネ,988,0,9,たつじんのおび,1.7
チヲハウハネ,988,0,10,おんみつマント,1.6
スナノケガワ,989,0,1,ブーストエナジー,61.0
スナノケガワ,989,0,2,いのちのたま,10.8
スナノケガワ,989,0,3,きあいのタスキ,5.5
スナノケガワ,989,0,4,こだわりスカーフ,4.9
スナノケガワ,989,0,5,とつげきチョッキ,3.8
スナノケガワ,989,0,6,おんみつマント,2.9
スナノケガワ,989,0,7,からぶりほけん,2.6
スナノケガワ,989,0,8,じしゃく,2.6
スナノケガワ,989,0,9,こだわりメガネ,1.6
スナノケガワ,989,0,10,たつじんのおび,0.9
テツノワダチ,990,0,1,ブーストエナジー,47.3
テツノワダチ,990,0,2,とつげきチョッキ,9.1
テツノワダチ,990,0,3,オボンのみ,9.1
テツノワダチ,990,0,4,ラムのみ,7.4
テツノワダチ,990,0,5,いのちのたま,6.1
テツノワダチ,990,0,6,クリアチャーム,5.0
テツノワダチ,990,0,7,きあいのタスキ,3.3
テツノワダチ,990,0,8,やわらかいすな,2.7
テツノワダチ,990,0,9,たつじんのおび,2.1
テツノワダチ,990,0,10,こだわりハチマキ,2.0
テツノツツミ,991,0,1,ブーストエナジー,72.3
テツノツツミ,991,0,2,きあいのタスキ,11.0
テツノツツミ,991,0,3,こだわりメガネ,6.5
テツノツツミ,991,0,4,いのちのたま,1.9
テツノツツミ,991,0,5,とけないこおり,1.5
テツノツツミ,991,0,6,こうかくレンズ,1.1
テツノツツミ,991,0,7,こだわりスカーフ,1.0
テツノツツミ,991,0,8,とつげきチョッキ,0.8
テツノツツミ,991,0,9,ひかりのねんど,0.6
テツノツツミ,991,0,10,おんみつマント,0.4
テツノカイナ,992,0,1,とつげきチョッキ,72.1
テツノカイナ,992,0,2,オボンのみ,8.1
テツノカイナ,992,0,3,ブーストエナジー,7.3
テツノカイナ,992,0,4,たべのこし,3.7
テツノカイナ,992,0,5,ぼうじんゴーグル,3.3
テツノカイナ,992,0,6,クリアチャーム,1.7
テツノカイナ,992,0,7,ラムのみ,0.9
テツノカイナ,992,0,8,パンチグローブ,0.7
テツノカイナ,992,0,9,じゃくてんほけん,0.2
テツノカイナ,992,0,10,ロゼルのみ,0.2
テツノコウベ,993,0,1,ブーストエナジー,81.2
テツノコウベ,993,0,2,きあいのタスキ,5.5
テツノコウベ,993,0,3,おんみつマント,4.5
テツノコウベ,993,0,4,とつげきチョッキ,1.8
テツノコウベ,993,0,5,ぼうじんゴーグル,1.1
テツノコウベ,993,0,6,ものしりメガネ,0.9
テツノコウベ,993,0,7,ロゼルのみ,0.9
テツノコウベ,993,0,8,いのちのたま,0.9
テツノコウベ,993,0,9,のどスプレー,0.7
テツノコウベ,993,0,10,こだわりメガネ,0.7
テツノドクガ,994,0,1,ブーストエナジー,67.2
テツノドクガ,994,0,2,きあいのタスキ,10.7
テツノドクガ,994,0,3,こだわりスカーフ,7.9
テツノドクガ,994,0,4,こだわりメガネ,4.0
テツノドクガ,994,0,5,いのちのたま,2.8
テツノドクガ,994,0,6,ふうせん,1.4
テツノドクガ,994,0,7,とつげきチョッキ,1.1
テツノドクガ,994,0,8,たつじんのおび,0.5
テツノドクガ,994,0,9,くろいヘドロ,0.5
テツノドクガ,994,0,10,ゴツゴツメット,0.4
テツノイバラ,995,0,1,いかさまダイス,49.9
テツノイバラ,995,0,2,ブーストエナジー,14.1
テツノイバラ,995,0,3,とつげきチョッキ,10.6
テツノイバラ,995,0,4,ふうせん,10.5
テツノイバラ,995,0,5,クリアチャーム,3.2
テツノイバラ,995,0,6,エレキシード,3.1
テツノイバラ,995,0,7,たべのこし,2.9
テツノイバラ,995,0,8,こだわりハチマキ,2.6
テツノイバラ,995,0,9,いのちのたま,0.7
テツノイバラ,995,0,10,こだわりスカーフ,0.5
セグレイブ,998,0,1,とつげきチョッキ,31.5
セグレイブ,998,0,2,いかさまダイス,30.7
セグレイブ,998,0,3,クリアチャーム,11.7
セグレイブ,998,0,4,いのちのたま,8.6
セグレイブ,998,0,5,ちからのハチマキ,2.9
セグレイブ,998,0,6,こだわりハチマキ,2.5
セグレイブ,998,0,7,とけないこおり,1.4
セグレイブ,998,0,8,じゃくてんほけん,1.4
セグレイブ,998,0,9,たべのこし,1.2
セグレイブ,998,0,10,りゅうのキバ,0.9
サーフゴー,1000,0,1,こだわりメガネ,54.0
サーフゴー,1000,0,2,たべのこし,21.7
サーフゴー,1000,0,3,いのちのたま,6.1
サーフゴー,1000,0,4,こだわりスカーフ,5.3
サーフゴー,1000,0,5,オボンのみ,3.8
サーフゴー,1000,0,6,ふうせん,1.4
サーフゴー,1000,0,7,きあいのタスキ,1.3
サーフゴー,1000,0,8,メタルコート,0.9
サーフゴー,1000,0,9,じゃくてんほけん,0.9
サーフゴー,1000,0,10,しろいハーブ,0.8
チオンジェン,1001,0,1,たべのこし,46.4
チオンジェン,1001,0,2,とつげきチョッキ,14.2
チオンジェン,1001,0,3,オボンのみ,9.7
チオンジェン,1001,0,4,ゴツゴツメット,9.3
チオンジェン,1001,0,5,おおきなねっこ,7.0
チオンジェン,1001,0,6,こうかくレンズ,3.0
チオンジェン,1001,0,7,じゃくてんほけん,2.5
チオンジェン,1001,0,8,ラムのみ,1.3
チオンジェン,1001,0,9,こだわりメガネ,1.1
チオンジェン,1001,0,10,フィラのみ,1.1
パオジアン,1002,0,1,きあいのタスキ,90.3
パオジアン,1002,0,2,いのちのたま,4.9
パオジアン,1002,0,3,こだわりハチマキ,1.1
パオジアン,1002,0,4,クリアチャーム,0.5
パオジアン,1002,0,5,とつげきチョッキ,0.5
パオジアン,1002,0,6,ゴツゴツメット,0.5
パオジアン,1002,0,7,ちからのハチマキ,0.2
パオジアン,1002,0,8,オボンのみ,0.2
パオジアン,1002,0,9,おんみつマント,0.2
パオジアン,1002,0,10,こだわりスカーフ,0.2
ディンルー,1003,0,1,とつげきチョッキ,40.8
ディンルー,1003,0,2,たべのこし,14.7
ディンルー,1003,0,3,オボンのみ,11.1
ディンルー,1003,0,4,こだわりハチマキ,8.5
ディンルー,1003,0,5,じゃくてんほけん,7.6
ディンルー,1003,0,6,ゴツゴツメット,4.2
ディンルー,1003,0,7,クリアチャーム,1.9
ディンルー,1003,0,8,ぼうじんゴーグル,1.9
ディンルー,1003,0,9,ラムのみ,1.5
ディンルー,1003,0,10,フィラのみ,1.2
イーユイ,1004,0,1,こだわりメガネ,40.3
イーユイ,1004,0,2,いのちのたま,16.5
イーユイ,1004,0,3,こだわりスカーフ,14.9
イーユイ,1004,0,4,きあいのタスキ,12.4
イーユイ,1004,0,5,ぼうじんゴーグル,3.9
イーユイ,1004,0,6,おんみつマント,1.9
イーユイ,1004,0,7,とつげきチョッキ,1.9
イーユイ,1004,0,8,もくたん,1.4
イーユイ,1004,0,9,オボンのみ,1.3
イーユイ,1004,0,10,こうかくレンズ,1.0
トドロクツキ,1005,0,1,ブーストエナジー,75.3
トドロクツキ,1005,0,2,クリアチャーム,5.0
トドロクツキ,1005,0,3,こだわりハチマキ,4.9
トドロクツキ,1005,0,4,きあいのタスキ,2.7
トドロクツキ,1005,0,5,ラムのみ,2.0
トドロクツキ,1005,0,6,いのちのたま,2.0
トドロクツキ,1005,0,7,いかさまダイス,1.4
トドロクツキ,1005,0,8,グラスシード,1.0
トドロクツキ,1005,0,9,じゃくてんほけん,0.9
トドロクツキ,1005,0,10,ものまねハーブ,0.7
テツノブジン,1006,0,1,ブーストエナジー,41.4
テツノブジン,1006,0,2,きあいのタスキ,40.4
テツノブジン,1006,0,3,いのちのたま,5.9
テツノブジン,1006,0,4,クリアチャーム,3.0
テツノブジン,1006,0,5,こだわりスカーフ,1.8
テツノブジン,1006,0,6,たつじんのおび,1.1
テツノブジン,1006,0,7,とつげきチョッキ,0.9
テツノブジン,1006,0,8,ちからのハチマキ,0.7
テツノブジン,1006,0,9,するどいツメ,0.6
テツノブジン,1006,0,10,グランドコート,0.4
