name,attribute,category,power,accuracy,PP,direct,protect,target,description
ワンダールーム,エスパー,変化,-,-,10,直×,守×,全体の場,5ターンの間、すべてのポケモンの『ぼうぎょ』と『とくぼう』の能力値が入れ替わる。もう1度使用すると元に戻る。
ワンダースチーム,フェアリー,特殊,90,95,10,直×,守○,1体選択,20%の確率で相手を1～4ターンの間『こんらん』状態にする。
わるわるゾーン,あく,特殊,80,95,15,直×,守○,1体選択,味方の場に『リフレクター』を作り、5ターンの間、相手の物理攻撃のダメージを半分にする。
わるだくみ,あく,変化,-,-,20,直×,守×,自分,自分の『とくこう』ランクを2段階上げる。
わるあがき,ノーマル,物理,50,-,1,直○,守○,ランダム1体,すべての技のPPが0になる等して使える技がなくなると使える。自分の最大HPの1/4を自分も受ける。『タイプ』に関係なくダメージを与える。
わたほうし,くさ,変化,-,100,40,直×,守○,相手全体,相手の『すばやさ』ランクを2段階下げる。『くさ』タイプや特性『ぼうじん』、道具『ぼうじんゴーグル』を持っているポケモンには無効。
わだつみのシンフォニア,みず,特殊,195,-,1,直×,守×,1体選択,『アシレーヌ』の専用Z技。自分の命中率、相手の回避率に関係なく必ず命中する。
ワイルドボルト,でんき,物理,90,100,15,直○,守○,1体選択,相手に与えたダメージの1/4を自分も受ける。
ワイドブレイカー,ドラゴン,物理,60,100,15,直○,守○,相手全体,100%の確率で相手の『こうげき』ランクを1段階下げる。
ワイドフォース,エスパー,特殊,80,100,10,直×,守○,1体選択,場の状態が『サイコフィールド』で、自分が『ひこう』タイプや特性『ふゆう』などではなく地面にいる時、威力が1.5倍になり(フィールドの1.3倍の効果もさらに加わる)、また相手全体を攻撃する(その時ダブルバトルではダメージは0.75倍)。
ワイドガード,いわ,変化,-,-,10,直×,守×,味方の場,必ず先制でき(優先度:+3)、そのターンの間、自分と味方は相手や味方が使った複数のポケモンが対象の技を受けない。
ワールズエンドフォール,いわ,特殊,-,-,1,直×,守×,1体選択,『いわ』タイプのZ技。威力や分類は元の技で変化する。自分の命中率、相手の回避率に関係なく必ず命中する。
ロックブラスト,いわ,物理,25,90,10,直×,守○,1体選択,1ターンに2～5回連続で攻撃する。
ロッククライム,ノーマル,物理,90,85,20,直○,守○,1体選択,20%の確率で相手を1～4ターンの間『こんらん』状態にする。
ロックカット,いわ,変化,-,-,20,直×,守×,自分,自分の『すばやさ』ランクが2段階上がる。
ロックオン,ノーマル,変化,-,-,5,直×,守○,1体選択,次のターン、使った相手に自分の技が必ず命中する。
ロケットずつき,ノーマル,物理,130,100,10,直○,守○,1体選択,1ターン目に100%の確率で自分の『ぼうぎょ』ランクを1段階上げ、2ターン目で攻撃する。
ローキック,かくとう,物理,65,100,20,直○,守○,1体選択,100%の確率で相手の『すばやさ』ランクを1段階下げる。
れんぞくパンチ,ノーマル,物理,18,85,15,直○,守○,1体選択,1ターンに2～5回連続で攻撃する。特性『てつのこぶし』の時、威力が1.2倍になる。
れんぞくぎり,むし,物理,40,95,20,直○,守○,1体選択,連続で使用すると攻撃が当たる度に威力が倍増していく(最大160)。攻撃が外れたり連続で使用しないと元に戻る。
れんごく,ほのお,特殊,100,50,5,直×,守○,1体選択,100%の確率で相手を『やけど』状態にする。
れいとうビーム,こおり,特殊,90,100,10,直×,守○,1体選択,10%の確率で相手を『こおり』状態にする。
れいとうパンチ,こおり,物理,75,100,15,直○,守○,1体選択,10%の確率で相手を『こおり』状態にする。特性『てつのこぶし』の時、威力が1.2倍になる。
レイジングブル,ノーマル,物理,90,100,10,直○,守○,1体選択,『ケンタロス(パルデア)』が使う場合、自分のフォルムに合わせて『かくとう』『ほのお』『みず』タイプのいずれかに変化する。相手の技『リフレクター』『オーロラベール』の効果を受けず、相手の技『リフレクター』『ひかりのかべ』『オーロラベール』を壊す。
レイジングジオフリーズ,こおり,特殊,-,-,1,直×,守×,1体選択,『こおり』タイプのZ技。威力や分類は元の技で変化する。自分の命中率、相手の回避率に関係なく必ず命中する。
ルミナコリジョン,エスパー,特殊,80,100,10,直×,守○,1体選択,100%の確率で相手の『とくぼう』ランクを2段階下げる。
りんしょう,ノーマル,特殊,60,100,15,直×,守○,1体選択,同じターンに他のポケモンも『りんしょう』を使おうとすると、『すばやさ』に関係なく最初に使用したポケモンに続いて使用でき、最初以外の『りんしょう』は威力が2倍になる。音系の技。相手の『みがわり』状態を貫通する。(ダブルバトル用)
りんごさん,くさ,特殊,80,100,10,直×,守○,1体選択,100%の確率で相手の『とくぼう』ランクを1段階下げる。
りゅうのまい,ドラゴン,変化,-,-,20,直×,守×,自分,自分の『こうげき』『すばやさ』ランクを1段階ずつ上げる。
りゅうのはどう,ドラゴン,特殊,85,100,10,直×,守○,1体選択,通常攻撃。
りゅうのいぶき,ドラゴン,特殊,60,100,20,直×,守○,1体選択,30%の確率で相手を『まひ』状態にする。
りゅうのいかり,ドラゴン,特殊,-,100,10,直×,守○,1体選択,40の固定ダメージを与える。『フェアリー』タイプには無効だが、それ以外のタイプ相性の影響を受けない。
りゅうせいぐん,ドラゴン,特殊,130,90,5,直×,守○,1体選択,攻撃後、100%の確率で自分の『とくこう』ランクが2段階下がる。
リベンジ,かくとう,物理,60,100,10,直○,守○,1体選択,そのターンに相手の技のダメージを受けると威力が2倍になる。必ず後攻になる(優先度:-4)。
リフレッシュ,ノーマル,変化,-,-,20,直×,守×,自分,『どく』『まひ』『やけど』状態が治る。
リフレクター,エスパー,変化,-,-,20,直×,守×,味方の場,5ターンの間、相手の物理攻撃のダメージを半分にする。味方が複数の場合は半分ではなく2/3になる。急所に当たった場合は軽減されない。交代しても効果は続く。
リサイクル,ノーマル,変化,-,-,10,直×,守×,自分,自分が最後に使用した持ち物の道具を手に入れる。道具を持っている場合は失敗する。
リーフブレード,くさ,物理,90,100,15,直○,守○,1体選択,急所に当たりやすい(急所ランク:+1)。
リーフストーム,くさ,特殊,130,90,5,直×,守○,1体選択,攻撃後、100%の確率で自分の『とくこう』ランクが2段階下がる。
ラブリースターインパクト,フェアリー,特殊,-,-,1,直×,守×,1体選択,『フェアリー』タイプのZ技。威力や分類は元の技で変化する。自分の命中率、相手の回避率に関係なく必ず命中する。
ラスターパージ,エスパー,特殊,70,100,5,直×,守○,1体選択,50%の確率で相手の『とくぼう』ランクを1段階下げる。
ラスターカノン,はがね,特殊,80,100,10,直×,守○,1体選択,10%の確率で相手の『とくぼう』ランクを1段階下げる。
ラジアルエッジストーム,いわ,物理,190,-,1,直×,守×,1体選択,『ルガルガン』の専用Z技。『グラスフィールド』『ミストフィールド』『エレキフィールド』『サイコフィールド』を解除する。自分の命中率、相手の回避率に関係なく必ず命中する。
らいめいげり,かくとう,物理,90,100,10,直○,守○,1体選択,100%の確率で、相手の『ぼうぎょ』ランクを1段階下げる。
ライトニングサーフライド,でんき,特殊,175,-,1,直×,守×,1体選択,『ライチュウ(アローラの姿)』の専用Z技。100%の確率で相手を『まひ』状態にする。自分の命中率、相手の回避率に関係なく必ず命中する。
ライジングランドオーバー,じめん,特殊,-,-,1,直×,守×,1体選択,『じめん』タイプのZ技。威力や分類は元の技で変化する。自分の命中率、相手の回避率に関係なく必ず命中する。
ライジングボルト,でんき,特殊,70,100,20,直×,守○,1体選択,場の状態が『エレキフィールド』で、なおかつ相手が『ひこう』タイプや特性『ふゆう』などではなく地面にいる時、威力が2倍になる(自分も地面にいれば、フィールドの1.3倍の効果もさらに加わる)。
らいげき,でんき,物理,130,85,5,直○,守○,1体選択,20%の確率で相手を『まひ』状態にする。
よこどり,あく,変化,-,-,10,直×,守×,自分,必ず先制でき(優先度:+4)、相手が使おうとした、能力ランクを変化させる技や回復系の技の効果を奪い、自分にかける。
ヨガのポーズ,エスパー,変化,-,-,40,直×,守×,自分,自分の『こうげき』ランクを1段階上げる。
ようせいのかぜ,フェアリー,特殊,40,100,30,直×,守○,1体選択,通常攻撃。
ようかいえき,どく,特殊,40,100,30,直×,守○,相手全体,10%の確率で相手の『とくぼう』ランクを1段階下げる。
ゆめくい,エスパー,特殊,100,100,15,直×,守○,1体選択,相手に与えたダメージの半分だけ自分のHPが回復する。相手が『ねむり』状態の時だけ成功する。
ゆびをふる,ノーマル,変化,-,-,10,直×,守×,自分,ほぼすべての技の中からランダムで1つ使う。
ゆきなだれ,こおり,物理,60,100,10,直○,守○,1体選択,そのターンに相手の技のダメージを受けると威力が2倍になる。必ず後攻になる(優先度:-4)。
ゆきげしき,こおり,変化,-,-,10,直×,守×,全体の場,5ターンの間、天気を『ゆき』にする(『こおり』タイプのポケモンは、『ぼうぎょ』が1.5倍になる)。
ゆうわく,ノーマル,変化,-,100,20,直×,守○,相手全体,相手が自分とは異なる性別の場合、相手の『とくこう』を2段階下げる。自分と相手の性別が同じ時や、どちらかが性別不明の場合は失敗する。
やまあらし,かくとう,物理,60,100,10,直○,守○,1体選択,必ず急所に当たる。
やどりぎのタネ,くさ,変化,-,90,10,直×,守○,1体選択,使用後、毎ターン、相手のHPを最大HPの1/8ずつ減らし、その分自分のHPを回復させる。自分は交代しても効果が引き継ぐ。『くさ』タイプのポケモンには無効。
やつあたり,ノーマル,物理,-,100,20,直○,守○,1体選択,ポケモンがなついていないほど威力が高くなる。最大102。
やきつくす,ほのお,特殊,60,100,15,直×,守○,相手全体,相手の持っている『きのみ』や『ノーマルジュエル』を使えなくする。
もろはのずつき,いわ,物理,150,80,5,直○,守○,1体選択,相手に与えたダメージの1/2を自分も受ける。
もりののろい,くさ,変化,-,100,20,直×,守○,1体選択,相手の『タイプ』に『くさ』タイプを追加する。
ものまね,ノーマル,変化,-,-,10,直×,守○,1体選択,一時的に、相手が最後に自分に使った技が使えるようになる。PPはコピーした技のポイントアップ未使用時の最大値となる。交代すると元に戻る。相手の技が第7世代のZワザの場合は失敗する。
もえつきる,ほのお,特殊,130,100,5,直×,守○,1体選択,攻撃後、自分は『ほのお』タイプではなくなる。自分が『ほのお』タイプではない時は失敗する。自分が『こおり』状態の時でも使う事ができ、使うと『こおり』状態が治る。
もえあがるいかり,あく,特殊,90,100,10,直×,守○,相手全体,20%の確率で相手をひるませる。
メロメロ,ノーマル,変化,-,100,15,直×,守○,1体選択,相手が自分とは異なる性別の場合、相手を『メロメロ』状態にする。『メロメロ』状態になると、50%の確率で相手は自分に攻撃できなくなる。自分と相手の性別が同じ時や、どちらかが性別不明の場合は失敗する。
めらめらバーン,ほのお,物理,60,100,20,直○,守○,1体選択,100%の確率で相手を『やけど』状態にする。
メテオビーム,いわ,特殊,120,90,10,直×,守○,1体選択,1ターン目に100%の確率で自分の『とくこう』ランクを1段階上げ、2ターン目で攻撃する。
メテオドライブ,はがね,物理,100,100,5,直○,守○,1体選択,相手の特性の影響を受けずに攻撃する。
メタルバースト,はがね,物理,-,100,10,直×,守○,不定,そのターンに最後に受けた技のダメージの1.5倍をその相手に与える。ダメージを受けていない時は失敗する。タイプ相性の影響を受けない。
メタルクロー,はがね,物理,50,95,35,直○,守○,1体選択,10%の確率で自分の『こうげき』ランクが1段階上がる。
めざめるパワー,ノーマル,特殊,60,100,15,直×,守○,1体選択,自分の個体値によって『タイプ』が変わる。(BW2までは威力も個体値によって変化)
めざめるダンス,ノーマル,特殊,90,100,15,直×,守○,1体選択,この技の『タイプ』は、自分の『タイプ1』と同じになる。
めざましビンタ,かくとう,物理,70,100,10,直○,守○,1体選択,相手が『ねむり』状態の時、ダメージが2倍になるが、『ねむり』状態は治る。
メガホーン,むし,物理,120,85,10,直○,守○,1体選択,通常攻撃。
メガトンパンチ,ノーマル,物理,80,85,20,直○,守○,1体選択,通常攻撃。特性『てつのこぶし』の時、威力が1.2倍になる。
メガトンキック,ノーマル,物理,120,75,5,直○,守○,1体選択,通常攻撃。
メガドレイン,くさ,特殊,40,100,15,直×,守○,1体選択,相手に与えたダメージの半分だけ自分のHPが回復する。
めいそう,エスパー,変化,-,-,20,直×,守×,自分,自分の『とくこう』『とくぼう』ランクが1段階ずつ上がる。
むねんのつるぎ,ほのお,物理,90,100,10,直○,守○,1体選択,相手に与えたダメージの半分だけ自分のHPが回復する。
むしのていこう,むし,特殊,50,100,20,直×,守○,相手全体,100%の確率で相手の『とくこう』ランクを1段階下げる。
むしのさざめき,むし,特殊,90,100,10,直×,守○,1体選択,10%の確率で相手の『とくぼう』ランクを1段階下げる。音系の技。相手の『みがわり』状態を貫通する。
むしくい,むし,物理,60,100,20,直○,守○,1体選択,相手が持っているバトルに効果のある『きのみ』を奪って、自分に使う。
ムゲンダイビーム,ドラゴン,特殊,160,90,5,直×,守○,1体選択,使用した次のターンは行動できない。
むげんあんやへのいざない,ゴースト,特殊,-,-,1,直×,守×,1体選択,『ゴースト』タイプのZ技。威力や分類は元の技で変化する。自分の命中率、相手の回避率に関係なく必ず命中する。
ムーンライトブラスター,ゴースト,特殊,200,-,1,直×,守×,1体選択,『ルナアーラ』『月食ネクロズマ』の専用Z技。相手の特性の影響を受けずに攻撃する。自分の命中率、相手の回避率に関係なく必ず命中する。
ムーンフォース,フェアリー,特殊,95,100,15,直×,守○,1体選択,30%の確率で相手の『とくこう』ランクを1段階下げる。
みをけずる,ノーマル,変化,-,-,10,直×,守×,自分,自分のHPを最大HPの半分だけ減らす代わりに、自分の『こうげき』『とくこう』『すばやさ』ランクが2段階ずつ上がる。
ミルクのみ,ノーマル,変化,-,-,5,直×,守×,自分,HPが最大HPの半分回復する。
ミラクルアイ,エスパー,変化,-,-,40,直×,守○,1体選択,使用後、相手の回避率に関係なく攻撃が当たる。相手が『あく』タイプの時、『エスパー』タイプの技が当たるようになる。
みらいよち,エスパー,特殊,120,100,10,直×,守×,1体選択,2ターン後に攻撃する。交代した場合は同じ位置にいるポケモンに攻撃する。タイプ相性の影響を受ける。
ミラータイプ,ノーマル,変化,-,-,15,直×,守○,1体選択,自分の『タイプ』を相手と同じ『タイプ』にする。
ミラーショット,はがね,特殊,65,85,10,直×,守○,1体選択,30%の確率で相手の命中率を1段階下げる。
ミラーコート,エスパー,特殊,-,100,20,直×,守○,不定,相手の特殊攻撃のダメージの2倍をその相手に与える。『ダブルバトル』の時は最後に受けた技のみ有効になる。必ず後攻になる(優先度:-5)。『あく』タイプには無効だが、それ以外のタイプ相性の影響を受けない。
みやぶる,ノーマル,変化,-,-,40,直×,守○,1体選択,使用後、相手の回避率に関係なく攻撃が当たる。相手が『ゴースト』タイプの時、『ノーマル』『かくとう』タイプの技が当たるようになる。
みねうち,ノーマル,物理,40,100,40,直○,守○,1体選択,この技のダメージで相手のHPが0になる時、相手のHPを1にする。野生のポケモンを捕まえる時に便利。
みちづれ,ゴースト,変化,-,-,5,直×,守×,自分,次の自分のターンまでに相手の攻撃で『ひんし』状態になると、相手も『ひんし』状態になる。ダイマックスしている相手には効果がない。第7世代以降は、連続で使うと必ず失敗する。
みだれひっかき,ノーマル,物理,18,80,15,直○,守○,1体選択,1ターンに2～5回連続で攻撃する。
みだれづき,ノーマル,物理,15,85,20,直○,守○,1体選択,1ターンに2～5回連続で攻撃する。
みずびたし,みず,変化,-,100,20,直×,守○,1体選択,相手を『みず』タイプにする。
みずのはどう,みず,特殊,60,100,20,直×,守○,1体選択,20%の確率で相手を1～4ターンの間『こんらん』状態にする。
みずのちかい,みず,特殊,80,100,10,直×,守○,1体選択,ダブルバトルで、技『ほのおのちかい』と組み合わせて使用すると4ターンの間技の追加効果が出やすくなり、技『くさのちかい』と組み合わせて使用すると4ターンの間相手の『すばやさ』が下がる。また、威力が150になる。この技は、特性『よびみず』の攻撃対象を変更する効果の影響を受けずに攻撃できる。
ミストボール,エスパー,特殊,70,100,5,直×,守○,1体選択,50%の確率で相手の『とくこう』ランクを1段階下げる。
ミストフィールド,フェアリー,変化,-,-,10,直×,守×,全体の場,5ターンの間、場の状態を『ミストフィールド』にする。『ひこう』タイプや特性『ふゆう』などではない地面にいるすべてのポケモンは、状態異常にならず、また『ドラゴン』タイプの技の受けるダメージが半減する。すでに状態異常の場合は回復しない。道具『ミストシード』を持ったポケモンは『とくぼう』ランクが1段階上がる。
ミストバースト,フェアリー,特殊,100,100,5,直×,守○,自分以外,攻撃後、自分が『ひんし』状態になる。場の状態が『ミストフィールド』で、自分が『ひこう』タイプや特性『ふゆう』などではなく地面にいる時、威力が1.5倍になる。
みずでっぽう,みず,特殊,40,100,25,直×,守○,1体選択,通常攻撃。
みずしゅりけん,みず,特殊,15,100,20,直×,守○,1体選択,必ず先制できる(優先度:+1)。1ターンに2～5回連続で攻撃する。
みずあそび,みず,変化,-,-,15,直×,守×,全体の場,5ターンの間、『ほのお』タイプの技の威力が1/3になる。
ミサイルばり,むし,物理,25,95,20,直×,守○,1体選択,1ターンに2～5回連続で攻撃する。
みきり,かくとう,変化,-,-,5,直×,守×,自分,必ず先制でき(優先度:+4)、そのターンの間、相手の技を受けない。連続で使うと失敗しやすくなる。ダイマックス技や第7世代のZワザの攻撃技は貫通し、1/4のダメージを受ける。
みがわり,ノーマル,変化,-,-,10,直×,守×,自分,自分のHPを最大HPの1/4だけ減らして、減らしたHPと同じHPの自分の分身を作り、分身のHPが0になるまですべての攻撃を自分の代わりに分身が受ける。分身は状態異常にならない。ただし、音系の技などはそのまま受ける。相手のダイマックス技も防げるが、自分がダイマックスすると分身が消える。
みかづきのまい,エスパー,変化,-,-,10,直×,守×,自分,自分が『ひんし』になる代わりに、次に出す自分のポケモンのすべての状態が全回復する。
みかづきのいのり,エスパー,変化,-,-,5,直×,守×,味方全体,自分と味方全体のHPが最大HPの1/4ずつ回復し、状態異常も回復する。
まわしげり,かくとう,物理,60,85,15,直○,守○,1体選択,30%の確率で相手をひるませる。
マルチアタック,ノーマル,物理,120,100,10,直○,守○,1体選択,持たせた専用の道具『メモリ』の種類によって『タイプ』が変わる。(第7世代までは威力90)
まるくなる,ノーマル,変化,-,-,40,直×,守×,自分,自分の『ぼうぎょ』ランクを1段階上げる。
まもる,ノーマル,変化,-,-,10,直×,守×,自分,必ず先制でき(優先度:+4)、そのターンの間、相手の技を受けない。連続で使うと失敗しやすくなる。ダイマックス技や第7世代のZワザの攻撃技は貫通し、1/4のダメージを受ける。
まほうのこな,エスパー,変化,-,100,20,直×,守○,1体選択,相手を『エスパー』タイプにする。『くさ』タイプや特性『ぼうじん』、道具『ぼうじんゴーグル』を持っているポケモンには無効。
まねっこ,ノーマル,変化,-,-,20,直×,守×,自分,最後に使われた技で相手に攻撃する。自分の技も対象となる。最後の技がダイマックス技の場合、元となった技が使われる。
まとわりつく,むし,特殊,20,100,20,直○,守○,1体選択,4～5ターンの間、毎ターン終了後最大HPの1/8のダメージを与え、その間『ゴースト』タイプではない相手は逃げたり交代できない。
マッハパンチ,かくとう,物理,40,100,30,直○,守○,1体選択,必ず先制できる(優先度:+1)。特性『てつのこぶし』の時、威力が1.2倍になる。
マッドショット,じめん,特殊,55,95,15,直×,守○,1体選択,100%の確率で相手の『すばやさ』ランクを1段階下げる。
マジックルーム,エスパー,変化,-,-,10,直×,守×,全体の場,5ターンの間、すべてのポケモンの道具の効果がなくなる。
マジックコート,エスパー,変化,-,-,15,直×,守×,自分,必ず先制でき、そのターンの間、自分が受ける変化技を使用した相手に跳ね返す。跳ね返す技の命中率は、『マジックコート』を使用したポケモンで計算される。(優先度:+4)
マジカルリーフ,くさ,特殊,60,-,20,直×,守○,1体選択,自分の命中率、相手の回避率に関係なく必ず命中する。
マジカルフレイム,ほのお,特殊,75,100,10,直×,守○,1体選択,100%の確率で相手の『とくこう』ランクを1段階下げる。
マジカルシャイン,フェアリー,特殊,80,100,10,直×,守○,相手全体,通常攻撃。
マグマストーム,ほのお,特殊,100,75,5,直×,守○,1体選択,4～5ターンの間、毎ターン終了後最大HPの1/8のダメージを与え、その間『ゴースト』タイプではない相手は逃げたり交代できない。
マグネットボム,はがね,物理,60,-,20,直×,守○,1体選択,自分の命中率、相手の回避率に関係なく必ず命中する。
マグニチュード,じめん,物理,-,100,30,直×,守○,自分以外,威力は5%の確率で10、10%の確率で30、20%の確率で50、30%の確率で70、20%の確率で90、10%の確率で110、5%の確率で150になる。相手が技『あなをほる』を使っている時でも命中し、ダメージが2倍になる。
まきびし,じめん,変化,-,-,20,直×,守×,相手の場,使用後、相手はポケモンを交代する度にダメージを受ける。3回まで使うことができ、1回の時は相手の最大HPの1/8、2回の時は相手の最大HPの1/6、3回の時は相手の最大HPの1/4のダメージを与える。『ひこう』タイプ、特性『ふゆう』のポケモンはダメージを受けない。
まきつく,ノーマル,物理,15,90,20,直○,守○,1体選択,4～5ターンの間、毎ターン終了後最大HPの1/8のダメージを与え、その間『ゴースト』タイプではない相手は逃げたり交代できない。
マキシマムサイブレイカー,エスパー,特殊,-,-,1,直×,守×,1体選択,『エスパー』タイプのZ技。威力や分類は元の技で変化する。自分の命中率、相手の回避率に関係なく必ず命中する。
ほんきをだす こうげき,ノーマル,物理,210,-,1,直○,守×,1体選択,『カビゴン』の専用Z技。自分の命中率、相手の回避率に関係なく必ず命中する。
ほろびのうた,ノーマル,変化,-,-,5,直×,守×,全体,3ターン終了後に、この技を使った時に出ていた自分を含むすべてのポケモンは『ひんし』状態になる。それまでに交代したポケモンは効果が消える。音系の技。相手の『みがわり』状態を貫通する。
ボルトチェンジ,でんき,特殊,70,100,20,直×,守○,1体選択,攻撃後、手持ちのポケモンと入れ替わる。
ボルテッカー,でんき,物理,120,100,15,直○,守○,1体選択,相手に与えたダメージの33%を自分も受ける。10%の確率で相手を『まひ』状態にする。
ポルターガイスト,ゴースト,物理,110,90,5,直×,守○,1体選択,相手が道具を持っていない時は失敗する。なお、相手の道具を無効にする効果はない。
ほのおのムチ,ほのお,物理,80,100,15,直○,守○,1体選択,100%の確率で相手の『ぼうぎょ』ランクを1段階下げる。
ほのおのまい,ほのお,特殊,80,100,10,直×,守○,1体選択,50%の確率で自分の『とくこう』ランクが1段階上がる。
ほのおのパンチ,ほのお,物理,75,100,15,直○,守○,1体選択,10%の確率で相手を『やけど』状態にする。特性『てつのこぶし』の時、威力が1.2倍になる。
ほのおのちかい,ほのお,特殊,80,100,10,直×,守○,1体選択,ダブルバトルで、技『くさのちかい』と組み合わせて使用すると4ターンの間毎ターン『ほのお』タイプ以外の相手にダメージを与え、技『みずのちかい』と組み合わせて使用すると4ターンの間技の追加効果が出やすくなる。また、威力が150になる。
ほのおのキバ,ほのお,物理,65,95,15,直○,守○,1体選択,10%の確率で相手を『やけど』状態にするか、ひるませる。
ほのおのうず,ほのお,特殊,35,85,15,直×,守○,1体選択,4～5ターンの間、毎ターン終了後最大HPの1/8のダメージを与え、その間『ゴースト』タイプではない相手は逃げたり交代できない。
ホネブーメラン,じめん,物理,50,90,10,直×,守○,1体選択,1ターンに2回連続で攻撃する。
ホネこんぼう,じめん,物理,65,85,20,直×,守○,1体選択,10%の確率で相手をひるませる。
ボディプレス,かくとう,物理,80,100,10,直○,守○,1体選択,『こうげき』ではなく、自分の『ぼうぎょ』と『ぼうぎょ』ランクを『こうげき』の数値にしてダメージ計算する。
ボディパージ,はがね,変化,-,-,15,直×,守×,自分,自分の『すばやさ』ランクが2段階上がる。また、自分の『おもさ』が100kg軽くなる。
ほっぺすりすり,でんき,物理,20,100,20,直○,守○,1体選択,100%の確率で相手を『まひ』状態にする。
ほたるび,むし,変化,-,-,20,直×,守×,自分,自分の『とくこう』ランクが3段階上がる。
ほしがる,ノーマル,物理,60,100,25,直○,守○,1体選択,相手が持っている道具を自分の物にする。自分が既に道具を持っている場合は失敗するが、技『はたきおとす』で自分の道具が無効化されている時は奪う事ができ、道具は上書きされる。トレーナー戦の場合はバトル終了後になくなる。
ほごしょく,ノーマル,変化,-,-,20,直×,守×,自分,自分の『タイプ』を、地形が草むらやグラスフィールドの時は『くさ』タイプ、砂地の時は『じめん』タイプ、水上の時は『みず』タイプ、岩場と洞窟の時は『いわ』タイプ、雪原と氷上の時は『こおり』タイプ、火山の時は『ほのお』タイプ、エレキフィールドの時は『でんき』タイプ、ミストフィールドの時は『フェアリー』タイプ、サイコフィールドやウルトラスペースの時は『エスパー』タイプ、その他は『ノーマル』タイプに変える。ただし、同じ『タイプ』を持っている場合は失敗する。
ぽかぼかフレンドタイム,フェアリー,物理,190,-,1,直○,守×,1体選択,『ミミッキュ』の専用Z技。自分の命中率、相手の回避率に関係なく必ず命中する。
ボーンラッシュ,じめん,物理,25,90,10,直×,守○,1体選択,1ターンに2～5回連続で攻撃する。
ほおばる,ノーマル,変化,-,-,10,直×,守×,自分,自分が持っている『きのみ』を即座に使って効果を発動させ、さらに自分の『ぼうぎょ』ランクを2段階上げる。
ほえる,ノーマル,変化,-,-,20,直×,守×,1体選択,必ず後攻になる(優先度:-6)。相手のポケモンを強制的に交代させる。野生のポケモンの場合は戦闘を終了する。自分の命中率、相手の回避率に関係なく必ず命中する。相手の『まもる』『みきり』『トーチカ』『ニードルガード』『ブロッキング』の効果を受けない。音系の技。相手の『みがわり』状態を貫通する。ダイマックスしている相手には無効。野生のポケモンの場合、相手が自分のレベルより高い場合は失敗する。
ほうふく,あく,物理,-,100,10,直○,守○,不定,そのターンに最後に受けた技のダメージの1.5倍をその相手に与える。ダメージを受けていない時は失敗する。タイプ相性の影響を受けない。
ぼうふう,ひこう,特殊,110,70,10,直×,守○,1体選択,30%の確率で、相手を2～5ターンの間『こんらん』状態にする。天気が『あめ』の時は必ず命中し、『にほんばれ』の時は命中率が50%になる。相手が技『そらをとぶ』『とびはねる』『フリーフォール』を使っている時でも命中する。
ほうでん,でんき,特殊,80,100,15,直×,守○,自分以外,30%の確率で相手を『まひ』状態にする。
ぼうぎょしれい,むし,変化,-,-,10,直×,守×,自分,自分の『ぼうぎょ』『とくぼう』ランクが1段階ずつ上がる。
ポイズンテール,どく,物理,50,100,25,直○,守○,1体選択,10%の確率で相手を『どく』状態にする。急所に当たりやすい(急所ランク:+1)。
ホイールスピン,はがね,物理,100,100,5,直○,守○,1体選択,攻撃後、自分の『すばやさ』ランクが2段階下がる。
へんしん,ノーマル,変化,-,-,10,直×,守×,1体選択,一時的に、相手と同じナンバー・グラフィックス・能力値・個体値・ランク・特性・技になる。ただしHP・持ち物・状態異常などはコピーされずそのままとなり、技のPPはすべて5になる。交代すると元に戻る。ダイマックスしている相手をコピーすると、元のポケモンの姿になる。
へびにらみ,ノーマル,変化,-,100,30,直×,守○,1体選択,相手を『まひ』状態にする。『でんき』タイプには無効。
ヘビーボンバー,はがね,物理,-,100,10,直○,守○,1体選択,自分の『おもさ』が相手より重いほど威力が高くなる。相手の『おもさ』が自分の1/5以下なら120、1/4以下なら100、1/3以下なら80、1/2以下なら60、それより大きければ40。相手が技『ちいさくなる』を使用していると必ず命中し、威力が2倍になる(第7世代以降)。ダイマックスしている相手には無効。
ベノムトラップ,どく,変化,-,100,20,直×,守○,相手全体,『どく』『もうどく』状態のすべての相手の『こうげき』『とくこう』『すばやさ』ランクを1段階ずつ下げる。
ベノムショック,どく,特殊,65,100,10,直×,守○,1体選択,相手が『どく』状態の時、威力が2倍になる。
ヘドロばくだん,どく,特殊,90,100,10,直×,守○,1体選択,30%の確率で相手を『どく』状態にする。
ヘドロこうげき,どく,特殊,65,100,20,直×,守○,1体選択,30%の確率で相手を『どく』状態にする。
ヘドロウェーブ,どく,特殊,95,100,10,直×,守○,自分以外,10%の確率で相手を『どく』状態にする。
ぶんまわす,あく,物理,60,100,20,直○,守○,自分以外,通常攻撃。
ふんどのこぶし,ゴースト,物理,50,100,10,直○,守○,1体選択,これまでに受けた攻撃1回につき、威力が50上がる(最大威力350)。手持ちに戻っても、リセットされない。特性『てつのこぶし』の時、威力が1.2倍になる。
ふんじん,むし,変化,-,100,20,直×,守○,1体選択,必ず先制でき(優先度:+1)、そのターンに相手が『ほのお』タイプの技を使うと、相手は技が失敗し最大HPの1/4のダメージを受ける。『くさ』タイプや特性『ぼうじん』、道具『ぼうじんゴーグル』を持っているポケモンには無効。
ふんか,ほのお,特殊,150,100,5,直×,守○,相手全体,自分のHPが少ないほど技の威力が下がる。(150×自分の残りHP÷自分の最大HP)が威力。
ふんえん,ほのお,特殊,80,100,15,直×,守○,自分以外,30%の確率で相手を『やけど』状態にする。
ふわふわフォール,ひこう,物理,90,95,15,直○,守○,1体選択,30%の確率で相手をひるませる。
ブロッキング,あく,変化,-,100,10,直×,守×,自分,必ず先制でき(優先度:+4)、そのターンの間、相手の攻撃技を受けない。また、直接攻撃をしてきた相手の『ぼうぎょ』ランクを2段階下げる。連続で使うと失敗しやすくなる。ダイマックス技は貫通し、1/4のダメージを受ける。
プレゼント,ノーマル,物理,-,90,15,直×,守○,1体選択,40%の確率で威力40、30%で威力80、10%の確率で威力120になり、20%の確率で相手のHPを最大HPの1/4回復する。
ブレイブバード,ひこう,物理,120,100,15,直○,守○,1体選択,相手に与えたダメージの33%を自分も受ける。
ブレイブチャージ,エスパー,変化,-,-,15,直×,守×,自分,自分の状態異常を治す。自分の『とくこう』『とくぼう』ランクが1段階ずつ上がる。
ブレイズキック,ほのお,物理,85,90,10,直○,守○,1体選択,10%の確率で相手を『やけど』状態にする。急所に当たりやすい(急所ランク:+1)。
ブレイジングソウルビート,ドラゴン,特殊,185,-,1,直×,守×,相手全体,『ジャラランガ』の専用Z技。自分の『こうげき』『ぼうぎょ』『とくこう』『とくぼう』『すばやさ』が1段階ずつ上がる。音系の技。相手の『みがわり』状態を貫通する。自分の命中率、相手の回避率に関係なく必ず命中する。
ブレイククロー,ノーマル,物理,75,95,10,直○,守○,1体選択,50%の確率で相手の『ぼうぎょ』ランクを1段階下げる。
フレアドライブ,ほのお,物理,120,100,15,直○,守○,1体選択,相手に与えたダメージの33%を自分も受ける。10%の確率で相手を『やけど』状態にする。自分が『こおり』状態の時でも使う事ができ、使うと『こおり』状態が治る。
フレアソング,ほのお,特殊,80,100,10,直×,守○,1体選択,100%の確率で自分の『とくこう』ランクを1段階上げる。音系の技。相手の『みがわり』状態を貫通する。
フルールカノン,フェアリー,特殊,130,90,5,直×,守○,1体選択,攻撃後、自分の『とくこう』ランクが2段階下がる。
ブルームシャインエクストラ,くさ,特殊,-,-,1,直×,守×,1体選択,『くさ』タイプのZ技。威力や分類は元の技で変化する。自分の命中率、相手の回避率に関係なく必ず命中する。
ふるいたてる,ノーマル,変化,-,-,30,直×,守×,自分,自分の『こうげき』『とくこう』ランクが1段階ずつ上がる。
プリズムレーザー,エスパー,特殊,160,100,10,直×,守○,1体選択,使用した次のターンは行動できない。
ブリザードランス,こおり,物理,120,100,5,直×,守○,相手全体,通常攻撃。
フリーフォール,ひこう,物理,60,100,10,直○,守○,1体選択,1ターン目に相手とともに空中へ飛び上がり、2ターン目で攻撃する。空中にいる間は『うちおとす』『かぜおこし』『かみなり』『サウザンアロー』『スカイアッパー』『たつまき』『ぼうふう』以外の技を受けず、相手は行動できない。『ひこう』タイプのポケモンはダメージを受けない。相手が体重200kg以上の場合は失敗する。
フリーズボルト,こおり,物理,140,90,5,直×,守○,1体選択,1ターン目は攻撃せずに、2ターン目で攻撃する。30%の確率で相手を『まひ』状態にする。
フリーズドライ,こおり,特殊,70,100,20,直×,守○,1体選択,10%の確率で相手を『こおり』状態にする。この技は『みず』タイプにも効果抜群になる。
フラワーヒール,フェアリー,変化,-,-,10,直×,守○,1体選択,相手は最大HPの1/2回復する。ただし、『グラスフィールド』の時は最大HPの2/3回復する。(ダブルバトルで味方に使うと良い)
フラワーガード,フェアリー,変化,-,-,10,直×,守×,全体,すべての『くさ』タイプのポケモンの『ぼうぎょ』ランクが1段階上がる。
フラフラダンス,ノーマル,変化,-,100,20,直×,守○,自分以外,相手を1～4ターンの間『こんらん』状態にする。
フラッシュ,ノーマル,変化,-,100,20,直×,守○,1体選択,相手の命中率を1段階下げる。
ブラックホールイクリプス,あく,特殊,-,-,1,直×,守×,1体選択,『あく』タイプのZ技。威力や分類は元の技で変化する。自分の命中率、相手の回避率に関係なく必ず命中する。
プラズマフィスト,でんき,物理,100,100,15,直○,守○,1体選択,そのターンの間、すべての『ノーマル』タイプの技を『でんき』タイプにする。特性『てつのこぶし』の時、威力が1.2倍になる。
プラズマシャワー,でんき,変化,-,-,25,直×,守×,全体の場,必ず先制でき(優先度:+1)、そのターンの間、すべての『ノーマル』タイプの技を『でんき』タイプにする。
ブラストバーン,ほのお,特殊,150,90,5,直×,守○,1体選択,使用した次のターンは行動できない。
フライングプレス,かくとう,物理,100,95,10,直○,守○,1体選択,この技は『かくとう』タイプであると同時に『ひこう』タイプでもある。相手が技『ちいさくなる』を使用していると必ず命中し、威力が2倍になる。
ふみつけ,ノーマル,物理,65,100,20,直○,守○,1体選択,30%の確率で相手をひるませる。相手が技『ちいさくなる』を使用していると必ず命中し、威力が2倍になる。
ふぶき,こおり,特殊,110,70,5,直×,守○,相手全体,10%の確率で相手を『こおり』状態にする。天気が『ゆき』の時は必ず命中する。
ぶちかまし,じめん,物理,120,100,5,直○,守○,1体選択,攻撃後、自分の『ぼうぎょ』『とくぼう』ランクが1段階ずつ下がる。特性『てつのこぶし』の時、威力が1.2倍になる。
ふしょくガス,どく,変化,-,100,40,直×,守○,自分以外,道具を持っているポケモンは、道具を持っていない状態になる。
ふくろだたき,あく,物理,-,100,10,直×,守○,1体選択,自分を含む『ひんし』や状態異常でない『てもち』のポケモンの数だけ攻撃する。
ぶきみなじゅもん,エスパー,特殊,80,100,5,直×,守○,1体選択,相手の最後に使った技のPPを3減らす。音系の技。相手の『みがわり』状態を貫通する。
ふきとばし,ノーマル,変化,-,-,20,直×,守×,1体選択,必ず後攻になる(優先度:-6)。相手のポケモンを強制的に交代させる。野生のポケモンの場合は戦闘を終了する。自分の命中率、相手の回避率に関係なく必ず命中する。相手の『まもる』『みきり』『トーチカ』『ニードルガード』『ブロッキング』の効果を受けない。相手の『みがわり』状態を貫通する。ダイマックスしている相手には無効。野生のポケモンの場合、相手が自分のレベルより高い場合は失敗する。
フォトンゲイザー,エスパー,特殊,100,100,5,直×,守○,1体選択,自分の『こうげき』と『とくこう』の能力値の高い方でダメージ計算する。また、相手の特性の影響を受けずに攻撃する。
フェザーダンス,ひこう,変化,-,100,15,直×,守○,1体選択,相手の『こうげき』ランクを2段階下げる。
フェイント,ノーマル,物理,30,100,10,直×,守×,1体選択,必ず先制できる(優先度:+2)。相手が技『まもる』『みきり』『たたみがえし』『トーチカ』『キングシールド』『ニードルガード』『ブロッキング』『スレッドトラップ』『ファストガード』『ワイドガード』をしている場合は、その効果を解除して攻撃できる(使用していない場合は通常攻撃)。『ダイウォール』は解除はできないが、貫通する。
フェイタルクロー,どく,物理,80,100,15,直○,守○,1体選択,50%の確率で、相手を『どく』『まひ』『ねむり』状態のいずれかにする。
フェアリーロック,フェアリー,変化,-,-,10,直×,守×,全体の場,次のターン終了まで、すべての『ゴースト』タイプではないポケモンは逃げたり交代できなくなる。
ふういん,エスパー,変化,-,-,10,直×,守×,自分,自分が場を離れるまで、自分が覚えている技と同じ技を相手のポケモンは使えなくなる。
ブイブイブレイク,ノーマル,物理,-,-,20,直○,守○,1体選択,ポケモンがなついているほど威力が高くなる。最大148。また、自分の命中率、相手の回避率に関係なく必ず命中する。
Vジェネレート,ほのお,物理,180,95,5,直○,守○,1体選択,攻撃後、自分の『すばやさ』『ぼうぎょ』『とくぼう』ランクが1段階ずつ下がる。
ふいうち,あく,物理,70,100,5,直○,守○,1体選択,必ず先制できる(優先度:+1)。相手が使う技が攻撃技ではない場合や、優先度などの関係ですでに攻撃を終えていた場合は失敗する。相手が『ねむり』『こおり』状態でも攻撃技を選択していれば成功する。
ファストガード,かくとう,変化,-,-,15,直×,守×,味方の場,必ず先制でき(優先度:+3)、そのターンの間、自分と味方は相手の先制攻撃の技を受けない。特性の効果による先制攻撃も受けない。
ファイナルダイブクラッシュ,ひこう,特殊,-,-,1,直×,守×,1体選択,『ひこう』タイプのZ技。威力や分類は元の技で変化する。自分の命中率、相手の回避率に関係なく必ず命中する。
ビルドアップ,かくとう,変化,-,-,20,直×,守×,自分,自分の『こうげき』『ぼうぎょ』ランクを1段階ずつ上げる。
びりびりちくちく,でんき,物理,80,100,10,直○,守○,1体選択,30%の確率で相手をひるませる。
びりびりエレキ,でんき,特殊,60,100,20,直×,守○,1体選択,100%の確率で相手を『まひ』状態にする。
ピヨピヨパンチ,ノーマル,物理,70,100,10,直○,守○,1体選択,20%の確率で相手を1～4ターンの間『こんらん』状態にする。特性『てつのこぶし』の時、威力が1.2倍になる。
ひょうざんおろし,こおり,物理,100,85,10,直×,守○,1体選択,30%の確率で相手をひるませる。
ひやみず,みず,特殊,50,100,20,直×,守○,1体選択,100%の確率で相手の『こうげき』ランクを1段階下げる。
ひゃっきやこう,ゴースト,特殊,60,100,15,直×,守○,1体選択,30%の確率で相手を『やけど』状態にする。相手が状態異常の時、威力が2倍になる。
ひみつのちから,ノーマル,物理,70,100,20,直×,守○,1体選択,30%の確率で相手に以下の追加効果を与える。地形が草むらやグラスフィールドの時は『ねむり』状態、水上の時は『こうげき』ランクを1段階下げ、砂地の時は命中率を1段階下げ、岩場と洞窟の時はひるませ、雪原と氷上の時は『こおり』状態、火山の時は『やけど』状態、ミストフィールドの時は『とくこう』ランクを1段階下げ、サイコフィールドの時は『すばやさ』ランクを1段階下げ、ウルトラスペースの時は『ぼうぎょ』を1段階下げ、その他は『まひ』状態にする。また、ORASではフィールドで使うと秘密基地を作ることができる。
ひのこ,ほのお,特殊,40,100,25,直×,守○,1体選択,10%の確率で相手を『やけど』状態にする。
ひっさつまえば,ノーマル,物理,80,90,15,直○,守○,1体選択,10%の確率で相手をひるませる。
ひっさつのピカチュート,でんき,物理,210,-,1,直○,守×,1体選択,『ピカチュウ』の専用Z技。自分の命中率、相手の回避率に関係なく必ず命中する。
ビックリヘッド,ほのお,特殊,150,100,5,直×,守○,自分以外,自分のHPを最大HPの半分だけ減らす。『まもる』などで技が防がれた場合も、HPが減る。
ひっくりかえす,あく,変化,-,-,20,直×,守○,1体選択,相手のすべての能力ランクのプラスとマイナスを逆にする。
ひっかく,ノーマル,物理,40,100,35,直○,守○,1体選択,通常攻撃。
ひけん・ちえなみ,あく,物理,65,90,15,直○,守○,1体選択,攻撃後、相手の場を『まきびし』状態にする。
ひかりのかべ,エスパー,変化,-,-,30,直×,守×,味方の場,5ターンの間、相手の特殊攻撃のダメージを半分にする。味方が複数の場合は半分ではなく2/3になる。急所に当たった場合は軽減されない。交代しても効果は続く。
ピカピカサンダー,でんき,特殊,-,-,20,直×,守○,1体選択,ポケモンがなついているほど威力が高くなる。最大148。また、自分の命中率、相手の回避率に関係なく必ず命中する。
ヒートスタンプ,ほのお,物理,-,100,10,直○,守○,1体選択,自分の『おもさ』が相手より重いほど威力が高くなる。相手の『おもさ』が自分の1/5以下なら120、1/4以下なら100、1/3以下なら80、1/2以下なら60、それ以上なら40。相手が技『ちいさくなる』を使用していると必ず命中し、威力が2倍になる。ダイマックスしている相手には無効。
パワートリック,エスパー,変化,-,-,10,直×,守×,自分,自分の『こうげき』と『ぼうぎょ』を入れ替える。『ランク』は変化しない。
パワースワップ,エスパー,変化,-,-,10,直×,守○,1体選択,自分と相手の『こうげき』『とくこう』ランクを入れ替える。
パワーシフト,ノーマル,変化,-,-,10,直×,守×,自分,自分の『こうげき』と『ぼうぎょ』を入れ替える。『ランク』は変化しない。
パワージェム,いわ,特殊,80,100,20,直×,守○,1体選択,通常攻撃。
パワーシェア,エスパー,変化,-,-,10,直×,守○,1体選択,自分と相手の『こうげき』と『とくこう』を足して半分に分ける。
パワーウィップ,くさ,物理,120,85,10,直○,守○,1体選択,通常攻撃。
ハロウィン,ゴースト,変化,-,100,20,直×,守○,1体選択,相手の『タイプ』に『ゴースト』タイプを追加する。
バレットパンチ,はがね,物理,40,100,30,直○,守○,1体選択,必ず先制できる(優先度:+1)。特性『てつのこぶし』の時、威力が1.2倍になる。
はるのあらし,フェアリー,特殊,100,80,5,直×,守○,相手全体,30%の確率で相手の『こうげき』ランクを1段階下げる。
バリアーラッシュ,エスパー,物理,70,90,10,直○,守○,1体選択,攻撃後、100%の確率で自分の『ぼうぎょ』ランクが1段階上がる。
バリアー,エスパー,変化,-,-,20,直×,守×,自分,自分の『ぼうぎょ』ランクを2段階上げる。
パラボラチャージ,でんき,特殊,65,100,20,直×,守○,自分以外,相手に与えたダメージの半分だけ自分のHPが回復する。
はらだいこ,ノーマル,変化,-,-,10,直×,守×,自分,自分のHPを最大HPの半分だけ減らす代わりに、自分の『こうげき』ランクを最大まで上げる。
はめつのひかり,フェアリー,特殊,140,90,5,直×,守○,1体選択,相手に与えたダメージの1/2を自分も受ける。
はめつのねがい,はがね,特殊,140,100,5,直×,守×,1体選択,2ターン後に攻撃する。交代した場合は同じ位置にいるポケモンに攻撃する。タイプ相性の影響を受ける。
バブルこうせん,みず,特殊,65,100,20,直×,守○,1体選択,10%の確率で相手の『すばやさ』ランクを1段階下げる。
ハバネロエキス,くさ,変化,-,-,15,直×,守○,1体選択,相手の『こうげき』ランクを2段階上げ、『ぼうぎょ』ランクを2段階下げる。
はねる,ノーマル,変化,-,-,40,直×,守×,自分,何も起こらない。
はねやすめ,ひこう,変化,-,-,5,直×,守×,自分,HPが最大HPの半分回復するが、そのターンは『ひこう』タイプではなくなる。
はなふぶき,くさ,物理,90,100,15,直×,守○,自分以外,通常攻撃。
はなびらのまい,くさ,特殊,120,100,10,直○,守○,ランダム1体,2～3ターン連続で攻撃し、その後自分は1～4ターンの間『こんらん』状態になる。
バトンタッチ,ノーマル,変化,-,-,40,直×,守×,自分,他の味方のポケモンと交代し、かかっていた補助効果を引き継ぐ。
はどうだん,かくとう,特殊,80,-,20,直×,守○,1体選択,自分の命中率、相手の回避率に関係なく必ず命中する。
ハッピータイム,ノーマル,変化,-,-,30,直×,守×,味方の場,戦闘後に得られる賞金が2倍になる。
はっぱカッター,くさ,物理,55,95,25,直×,守○,相手全体,急所に当たりやすい(急所ランク:+1)。
はっけい,かくとう,物理,60,100,10,直○,守○,1体選択,30%の確率で相手を『まひ』状態にする。
ばちばちアクセル,でんき,物理,80,100,10,直○,守○,1体選択,必ず先制でき(優先度:+2)、必ず急所に当たる。
はたく,ノーマル,物理,40,100,35,直○,守○,1体選択,通常攻撃。
はたきおとす,あく,物理,65,100,20,直○,守○,1体選択,相手が道具を持っている場合、ダメージが1.5倍になり、さらに道具を持っていない状態にする。戦闘終了後、道具は元に戻る。
はじけるほのお,ほのお,特殊,70,100,15,直×,守○,1体選択,ダブルバトルの時、相手の周りにいるポケモンにも相手の最大HPの1/16のダメージを与える。
はさむ,ノーマル,物理,55,100,30,直○,守○,1体選択,通常攻撃。
ハサミギロチン,ノーマル,物理,-,30,5,直○,守○,1体選択,相手を『ひんし』状態にする。相手のレベルが自分より高いと失敗する。(30＋自分のレベル－相手のレベル)が命中率になる。『ゴースト』タイプには無効だが、それ以外のタイプ相性の影響を受けない。ダイマックスしている相手には無効。
ばくれつパンチ,かくとう,物理,100,50,5,直○,守○,1体選択,100%の確率で相手を1～4ターンの間『こんらん』状態にする。特性『てつのこぶし』の時、威力が1.2倍になる。
ばくおんぱ,ノーマル,特殊,140,100,10,直×,守○,自分以外,音系の技。相手の『みがわり』状態を貫通する。
はきだす,ノーマル,特殊,-,100,10,直×,守○,1体選択,技『たくわえる』を使った数だけ威力が高くなる。1つの時は100、2つの時は200、3つの時は300になる。技『たくわえる』で上がった『ぼうぎょ』『とくぼう』ランクは元に戻る。技『たくわえる』を使っていない時は失敗する。
はがねのつばさ,はがね,物理,70,90,25,直○,守○,1体選択,10%の確率で自分の『ぼうぎょ』ランクが1段階上がる。
ばかぢから,かくとう,物理,120,100,5,直○,守○,1体選択,攻撃後、自分の『こうげき』『ぼうぎょ』ランクが1段階ずつ下がる。
はかいこうせん,ノーマル,特殊,150,90,5,直×,守○,1体選択,使用した次のターンは行動できない。
はいよるいちげき,むし,物理,70,90,10,直○,守○,1体選択,100%の確率で、相手の『とくこう』ランクを1段階下げる
ハイパーボイス,ノーマル,特殊,90,100,10,直×,守○,相手全体,音系の技。相手の『みがわり』状態を貫通する。
ハイパードリル,ノーマル,物理,100,100,5,直○,守×,1体選択,相手の『まもる』『みきり』『たたみがえし』『トーチカ』『キングシールド』『ニードルガード』『ブロッキング』『スレッドトラップ』の効果を受けない。
ハイパーダーククラッシャー,あく,物理,180,-,1,直○,守×,1体選択,『ガオガエン』の専用Z技。自分の命中率、相手の回避率に関係なく必ず命中する。相手が技『ちいさくなる』を使用していると、威力が2倍になる。
ハイドロポンプ,みず,特殊,110,80,5,直×,守○,1体選択,通常攻撃。
ハイドロスチーム,みず,特殊,80,100,15,直×,守○,1体選択,天気が『にほんばれ』の時、技の威力が下がらず、1.5倍になる。自分が『こおり』状態の時でも使う事ができ、使うと『こおり』状態が治る。また、相手の『こおり』状態を治す。
ハイドロカノン,みず,特殊,150,90,5,直×,守○,1体選択,使用した次のターンは行動できない。
はいすいのじん,かくとう,変化,-,-,5,直×,守×,自分,自分のすべての『のうりょく』ランクが1段階ずつ上がるが、逃げたり交代できなくなる。2回目からは失敗する。なお、自分が『ゴースト』タイプの場合は逃げたり交代できる。
ハードローラー,むし,物理,65,100,20,直○,守○,1体選択,30%の確率で相手をひるませる。相手が技『ちいさくなる』を使用していると威力が2倍になる。
ハードプラント,くさ,特殊,150,90,5,直×,守○,1体選択,使用した次のターンは行動できない。
ハートスワップ,エスパー,変化,-,-,10,直×,守○,1体選択,自分と相手のすべての能力ランクを入れ替える。
ハートスタンプ,エスパー,物理,60,100,25,直○,守○,1体選択,30%の確率で相手をひるませる。
バークアウト,あく,特殊,55,95,15,直×,守○,相手全体,100%の確率で相手の『とくこう』ランクを1段階下げる。音系の技。相手の『みがわり』状態を貫通する。
のろい,ゴースト,変化,-,-,10,直×,守×,不定,自分のタイプが『ゴースト』タイプの時は自分のHPを最大HPの半分だけ減らして、相手を『のろい』状態にする。『のろい』状態になると毎ターン、HPが最大HPの1/4ずつ減る。それ以外のポケモンの場合『すばやさ』ランクが1段階下がり、『こうげき』『ぼうぎょ』ランクが1段階ずつ上がる。
のみこむ,ノーマル,変化,-,-,10,直×,守×,自分,技『たくわえる』を使った数だけHPが多く回復する。1つの時は最大HPの1/4、2つの時は最大HPの1/2、3つの時は全回復する。技『たくわえる』で上がった『ぼうぎょ』『とくぼう』ランクは元に戻る。技『たくわえる』を使っていない時は失敗する。
のしかかり,ノーマル,物理,85,100,15,直○,守○,1体選択,30%の確率で相手を『まひ』状態にする。相手が技『ちいさくなる』を使用していると必ず命中し、威力が2倍になる。
ねんりき,エスパー,特殊,50,100,25,直×,守○,1体選択,10%の確率で相手を1～4ターンの間『こんらん』状態にする。
ねをはる,くさ,変化,-,-,20,直×,守×,自分,使用後、毎ターン、HPが最大HPの1/16ずつ回復するが、交代できなくなる。自分が『ひこう』タイプや、特性『ふゆう』のポケモンの場合は『じめん』タイプの技が当たるようになる。
ねらいうち,みず,特殊,80,100,15,直×,守○,1体選択,急所に当たりやすい(急所ランク:+1)。特性『ひらいしん』『よびみず』や技『いかりのこな』『このゆびとまれ』『サイドチェンジ』『スポットライト』の攻撃対象を変更する効果の影響を受けずに攻撃できる。
ねむる,エスパー,変化,-,-,5,直×,守×,自分,HPと状態異常をすべて回復した後、2ターンの間『ねむり』状態になる。
ねむりごな,くさ,変化,-,75,15,直×,守○,1体選択,相手を2～4ターン(実質1～3ターン)の間『ねむり』状態にする。『くさ』タイプや特性『ぼうじん』、道具『ぼうじんゴーグル』を持っているポケモンには無効。
ねばねばネット,むし,変化,-,-,20,直×,守×,相手の場,使用後、相手はポケモンを交代する度に、出てきたポケモンの『すばやさ』ランクが1段階下がる。『ひこう』タイプや特性『ふゆう』のポケモンは影響を受けない。
ねっぷう,ほのお,特殊,95,90,10,直×,守○,相手全体,10%の確率で相手を『やけど』状態にする。
ねっとう,みず,特殊,80,100,15,直×,守○,1体選択,30%の確率で相手を『やけど』状態にする。自分が『こおり』状態の時でも使う事ができ、使うと『こおり』状態が治る。また、相手の『こおり』状態を治す。
ねっさのだいち,じめん,特殊,70,100,10,直×,守○,1体選択,30%の確率で相手を『やけど』状態にする。自分が『こおり』状態の時でも使う事ができ、使うと『こおり』状態が治る。
ねっさのあらし,じめん,特殊,100,80,10,直×,守○,相手全体,20%の確率で相手を『やけど』状態にする。天気が『あめ』の時は必ず命中する。
ネズミざん,ノーマル,物理,20,90,10,直○,守○,1体選択,1ターンに外れるまで最大10回連続で攻撃する。
ねこのて,ノーマル,変化,-,-,20,直×,守×,自分,自分以外の『てもち』のポケモンの技のうち1つをランダムで使う。PPが減少するのはこの技のみ。
ネコにこばん,ノーマル,物理,40,100,20,直×,守○,1体選択,戦闘終了後にお金が(自分のレベル×攻撃回数×5)円多く手に入る。
ねごと,ノーマル,変化,-,-,10,直×,守×,自分,自分が『ねむり』状態の時のみ使用可能。自分の持っている技のうち1つをランダムで使う。PPが減少するのはこの技のみ。
ねこだまし,ノーマル,物理,40,100,10,直○,守○,1体選択,必ず先制でき(優先度:+3)、100%の確率で相手をひるませる。ただし、出た最初のターンしか成功しない。
ねがいごと,ノーマル,変化,-,-,10,直×,守×,自分,次のターンの終了時にHPが最大HPの半分回復する。交代した場合は同じ位置にいるポケモンが回復する。
にらみつける,ノーマル,変化,-,100,30,直×,守○,相手全体,相手の『ぼうぎょ』ランクを1段階下げる。
にほんばれ,ほのお,変化,-,-,5,直×,守×,全体の場,5ターンの間、天気を『にほんばれ』にする。『ほのお』タイプの技のダメージが1.5倍になり、『みず』タイプの技のダメージが半減する。『こおり』状態にならない。
ニトロチャージ,ほのお,物理,50,100,20,直○,守○,1体選択,100%の確率で自分の『すばやさ』ランクが1段階上がる。
にどげり,かくとう,物理,30,100,30,直○,守○,1体選択,1ターンに2回連続で攻撃する。
にぎりつぶす,ノーマル,物理,-,100,5,直○,守○,1体選択,相手の残りHPが多いほど威力が高くなる。(120×相手の残りHP÷相手の最大HP)が威力になる。
ニードルガード,くさ,変化,-,-,10,直×,守×,自分,必ず先制でき(優先度:+4)、そのターンの間、相手の攻撃を防ぐと同時に、直接攻撃をした相手に相手の最大HPの1/8のダメージを与える。連続で使うと失敗しやすくなる。ダイマックス技や第7世代のZワザの攻撃技は貫通し、1/4のダメージを受ける。
ニードルアーム,くさ,物理,60,100,15,直○,守○,1体選択,30%の確率で相手をひるませる。
なりきり,エスパー,変化,-,-,10,直×,守×,1体選択,自分の特性を相手の特性と同じにする。ただし、『ふしぎなまもり』など一部の固有な特性はコピーできない。
なやみのタネ,くさ,変化,-,100,10,直×,守○,1体選択,相手の特性を『ふみん』にする。ただし、『なまけ』『バトルスイッチ』など一部の固有な特性の場合は失敗する。
なみのり,みず,特殊,90,100,15,直×,守○,自分以外,相手が『ダイビング』を使っている時でも命中し、ダメージが2倍になる。
なみだめ,ノーマル,変化,-,-,20,直×,守×,1体選択,相手の『こうげき』『とくこう』ランクを1段階ずつ下げる。自分の命中率、相手の回避率に関係なく必ず命中する。相手の『まもる』『みきり』『トーチカ』『ニードルガード』『ブロッキング』の効果を受けない(『ダイウォール』を除く)。
なまける,ノーマル,変化,-,-,5,直×,守×,自分,HPが最大HPの半分回復する。
なしくずし,ノーマル,物理,70,100,20,直○,守○,1体選択,相手の能力ランクの変化に関係なく、ダメージを与える。
なげつける,あく,物理,-,100,10,直×,守○,1体選択,自分の持っている道具によって効果が変化する。投げつけた道具はなくなる。
なきごえ,ノーマル,変化,-,100,40,直×,守○,相手全体,相手の『こうげき』ランクを1段階下げる。音系の技。相手の『みがわり』状態を貫通する。
なかよくする,ノーマル,変化,-,-,20,直×,守×,1体選択,相手の『こうげき』ランクを1段階下げる。自分の命中率、相手の回避率に関係なく必ず命中する。相手の『まもる』『みきり』『トーチカ』『ニードルガード』『ブロッキング』の効果を受けない(『ダイウォール』を除く)。相手の『みがわり』状態を貫通する。
なかまづくり,ノーマル,変化,-,100,15,直×,守○,1体選択,相手の特性を自分と同じ特性にする。ダイマックスしている相手には無効。
ナインエボルブースト,ノーマル,変化,-,-,1,直×,守×,自分,『イーブイ』の専用Z技。自分の『こうげき』『ぼうぎょ』『とくこう』『とくぼう』『すばやさ』が2段階ずつ上がる。
ナイトヘッド,ゴースト,特殊,-,100,15,直×,守○,1体選択,自分のレベルと同じ値の固定ダメージを与える。『ノーマル』タイプには無効だが、それ以外のタイプ相性の影響を受けない。
ナイトバースト,あく,特殊,85,95,10,直×,守○,1体選択,40%の確率で相手の命中率を1段階下げる。
ないしょばなし,ノーマル,変化,-,-,20,直×,守×,1体選択,相手の『とくこう』ランクを1段階下げる。自分の命中率、相手の回避率に関係なく必ず命中する。相手の『まもる』『みきり』『トーチカ』『ニードルガード』『ブロッキング』の効果を受けない(『ダイウォール』を除く)。音系の技。相手の『みがわり』状態を貫通する。
とんぼがえり,むし,物理,70,100,20,直○,守○,1体選択,攻撃後、手持ちのポケモンと入れ替わる。
ドわすれ,エスパー,変化,-,-,20,直×,守×,自分,自分の『とくぼう』ランクを2段階上げる。
どろぼう,あく,物理,60,100,25,直○,守○,1体選択,相手が持っている道具を自分の物にする。自分が既に道具を持っている場合は失敗するが、技『はたきおとす』で自分の道具が無効化されている時は奪う事ができ、道具は上書きされる。トレーナー戦の場合はバトル終了後になくなる。
トロピカルキック,くさ,物理,70,100,15,直○,守○,1体選択,100%の確率で相手の『こうげき』ランクを1段階下げる。
どろばくだん,じめん,特殊,65,85,10,直×,守○,1体選択,30%の確率で相手の命中率を1段階下げる。
どろかけ,じめん,特殊,20,100,10,直×,守○,1体選択,100%の確率で相手の命中率を1段階下げる。
どろあそび,じめん,変化,-,-,15,直×,守×,全体の場,5ターンの間、『でんき』タイプの技の威力が1/3になる。
ドレインパンチ,かくとう,物理,75,100,10,直○,守○,1体選択,相手に与えたダメージの半分だけ自分のHPが回復する。特性『てつのこぶし』の時、威力が1.2倍になる。
ドレインキッス,フェアリー,特殊,50,100,10,直○,守○,1体選択,相手に与えたダメージの3/4だけ自分のHPが回復する。
ドリルライナー,じめん,物理,80,95,10,直○,守○,1体選択,急所に当たりやすい(急所ランク:+1)。
ドリルくちばし,ひこう,物理,80,100,20,直○,守○,1体選択,通常攻撃。
トリプルダイブ,みず,物理,30,95,10,直○,守○,1体選択,1ターンに外れるまで最大3回連続で攻撃する。
トリプルキック,かくとう,物理,10,90,10,直○,守○,1体選択,1ターンに外れるまで最大3回連続で攻撃する。攻撃が当たる度に威力が10ずつ増える。
トリプルアクセル,こおり,物理,20,90,10,直○,守○,1体選択,1ターンに外れるまで最大3回連続で攻撃する。攻撃が当たる度に威力が20ずつ増える。
トリックルーム,エスパー,変化,-,-,5,直×,守×,全体の場,5ターンの間、『すばやさ』が低いポケモンから攻撃できるようになる。ただし、必ず先制できる技には無効。もう1度使用すると元に戻る。必ず後攻になる(優先度:-7)。
トリックフラワー,くさ,物理,70,-,10,直×,守○,1体選択,必ず急所に当たる。自分の命中率、相手の回避率に関係なく必ず命中する。
トリックガード,フェアリー,変化,-,-,10,直×,守×,味方の場,必ず先制でき(優先度:+3)、そのターンの間、すべての味方への変化技を無効化する。なお、場を対象とした技には効果がない。
トリック,エスパー,変化,-,100,10,直×,守○,1体選択,相手と自分が持っている道具を入れ替える。片方しか道具を持っていない場合も成功する。
ドラムアタック,くさ,物理,80,100,10,直×,守○,1体選択,100%の確率で相手の『すばやさ』ランクを1段階下げる。
トラバサミ,くさ,物理,35,100,15,直○,守○,1体選択,4～5ターンの間、毎ターン終了後最大HPの1/8のダメージを与え、その間『ゴースト』タイプではない相手は逃げたり交代できない。
トラップシェル,ほのお,特殊,150,100,5,直×,守○,相手全体,必ず後攻になる(優先度:-3)。そのターン、最初に相手の物理技のダメージを受けた直後に、相手全体を攻撃する。自分のターンまでに相手の物理技のダメージを受けなかった場合は失敗する。
ドラゴンハンマー,ドラゴン,物理,90,100,15,直○,守○,1体選択,通常攻撃。
ドラゴンテール,ドラゴン,物理,60,90,10,直○,守○,1体選択,必ず後攻になる(優先度:-6)。攻撃後、相手のポケモンを強制的に交代させる。野生のポケモンの場合は戦闘を終了する。ダイマックスしている相手には追加効果は無効。
ドラゴンダイブ,ドラゴン,物理,100,75,10,直○,守○,1体選択,20%の確率で相手をひるませる。相手が『ちいさくなる』を使用していると必ず命中し、威力が2倍になる。
ドラゴンクロー,ドラゴン,物理,80,100,15,直○,守○,1体選択,通常攻撃。
ドラゴンエナジー,ドラゴン,特殊,150,100,5,直×,守○,相手全体,自分のHPが少ないほど技の威力が下がる。(150×自分の残りHP÷自分の最大HP)が威力。
ドラゴンアロー,ドラゴン,物理,50,100,10,直×,守○,1体選択,1ターンに2回連続で攻撃する。相手が2匹いる場合は、それぞれに1回ずつ攻撃する。ただし、技『まもる』やタイプ相性などでダメージを与えられない時は片方に2回攻撃する。
トライアタック,ノーマル,特殊,80,100,10,直×,守○,1体選択,20%の確率で相手を『まひ』『やけど』『こおり』状態のうちの1つにする。どの状態異常になるかはランダム。
ともえなげ,かくとう,物理,60,90,10,直○,守○,1体選択,必ず後攻になる(優先度:-6)。攻撃後、相手のポケモンを強制的に交代させる。野生のポケモンの場合は戦闘を終了する。ダイマックスしている相手には追加効果は無効。
とびひざげり,かくとう,物理,130,90,10,直○,守○,1体選択,攻撃が外れたり、相手の技『まもる』などで失敗すると、自分の最大HPの半分のダメージを自分が受ける。
とびはねる,ひこう,物理,85,85,5,直○,守○,1体選択,1ターン目に空中へ飛び上がり、2ターン目に攻撃する。空中にいる間は『うちおとす』『かぜおこし』『かみなり』『サウザンアロー』『スカイアッパー』『たつまき』『ぼうふう』以外の技を受けない。30%の確率で相手を『まひ』状態にする。
とびつく,むし,物理,50,100,20,直○,守○,1体選択,100%の確率で相手の『すばやさ』ランクを1段階下げる。
とびげり,かくとう,物理,100,95,10,直○,守○,1体選択,攻撃が外れたり、相手の技『まもる』などで失敗すると、自分の最大HPの半分のダメージを自分が受ける。
とびかかる,むし,物理,80,100,15,直○,守○,1体選択,100%の確率で相手の『こうげき』ランクを1段階下げる。
どばどばオーラ,エスパー,特殊,80,95,15,直×,守○,1体選択,味方の場に『ひかりのかべ』を作り、5ターンの間、相手の特殊攻撃のダメージを半分にする。
とどめばり,むし,物理,50,100,25,直○,守○,1体選択,この技で相手を倒すと、自分の『こうげき』ランクが3段階上がる。
とっておき,ノーマル,物理,140,100,5,直○,守○,1体選択,この技は自分の持っている他の技をすべて使うと使えるようになる。
とっしん,ノーマル,物理,90,85,20,直○,守○,1体選択,相手に与えたダメージの1/4を自分も受ける。
とける,どく,変化,-,-,20,直×,守×,自分,自分の『ぼうぎょ』ランクを2段階上げる。
ドゲザン,あく,物理,85,-,10,直○,守○,1体選択,自分の命中率、相手の回避率に関係なく必ず命中する。
どげざつき,あく,物理,80,-,10,直○,守○,1体選択,自分の命中率、相手の回避率に関係なく必ず命中する
とげキャノン,ノーマル,物理,20,100,15,直×,守○,1体選択,1ターンに2～5回連続で攻撃する。
とぐろをまく,どく,変化,-,-,20,直×,守×,自分,自分の『こうげき』『ぼうぎょ』『命中率』ランクが1段階ずつ上がる。
どくびし,どく,変化,-,-,20,直×,守×,相手の場,相手の場を『どくびし』状態にし、相手はポケモンを交代する度に、出したポケモンが『どく』状態になる。2回使うと『もうどく』状態になる。『どく』『はがね』『ひこう』タイプ、特性『ふゆう』のポケモンは効果を受けない。『どく』タイプのポケモンが出ると効果がなくなる。
どくばりセンボン,どく,物理,60,100,10,直×,守○,1体選択,50%の確率で相手を『どく』状態にする。また、相手が『どく』状態の時、威力が2倍になる。
どくばり,どく,物理,15,100,35,直×,守○,1体選択,30%の確率で相手を『どく』状態にする。
どくのこな,どく,変化,-,75,35,直×,守○,1体選択,相手を『どく』状態にする。『どく』タイプや『はがね』タイプ、『くさ』タイプ、特性『ぼうじん』、道具『ぼうじんゴーグル』を持っているポケモンには無効。
どくのいと,どく,変化,-,100,20,直×,守○,1体選択,相手を『どく』状態にし、さらに『すばやさ』ランクを1段階下げる。
どくどくのキバ,どく,物理,50,100,15,直○,守○,1体選択,50%の確率で相手を『もうどく』状態にする。『もうどく』状態は通常の『どく』状態と違い、受けるダメージが1/16、2/16、3/16・・・と増えていく。
どくどく,どく,変化,-,90,10,直×,守○,1体選択,相手を『もうどく』状態にする。『もうどく』状態は通常の『どく』状態と違い、受けるダメージが1/16、2/16、3/16・・・と増えていく。『どく』タイプのポケモンが使うと必ず命中する。『どく』タイプや『はがね』タイプには無効。
どくづき,どく,物理,80,100,20,直○,守○,1体選択,30%の確率で相手を『どく』状態にする。
どくガス,どく,変化,-,90,40,直×,守○,相手全体,相手を『どく』状態にする。『どく』タイプや『はがね』タイプには無効。
ときのほうこう,ドラゴン,特殊,150,90,5,直×,守○,1体選択,使用した次のターンは行動できない。
とぎすます,ノーマル,変化,-,-,30,直×,守×,自分,次のターン、自分の技が必ず急所に当たるようになる。
とおぼえ,ノーマル,変化,-,-,40,直×,守×,味方全体,自分と味方全体の『こうげき』ランクを1段階ずつ上げる(第7世代までは、対象は自分のみ)。第8世代からは、音系の技。この技は『ダイウォール』の効果も受けない。
トーチカ,どく,変化,-,-,10,直×,守×,自分,必ず先制でき(優先度:+4)、そのターンの間、相手の攻撃を防ぐと同時に、直接攻撃をした相手を『どく』状態にする。連続で使うと失敗しやすくなる。ダイマックス技や第7世代のZワザの攻撃技は貫通し、1/4のダメージを受ける。
とおせんぼう,ノーマル,変化,-,-,5,直×,守×,1体選択,『ゴースト』タイプではない相手は逃げたり、交代できなくなる。自分が場を離れると効果は消える。
でんじほう,でんき,特殊,120,50,5,直×,守○,1体選択,100%の確率で相手を『まひ』状態にする。
でんじふゆう,でんき,変化,-,-,10,直×,守×,自分,5ターンの間、『ふゆう』状態となり、『じめん』タイプの技や、『グラスフィールド』『ミストフィールド』『エレキフィールド』『サイコフィールド』などの効果を受けなくなる。
でんじは,でんき,変化,-,90,20,直×,守○,1体選択,相手を『まひ』状態にする。『じめん』タイプや『でんき』タイプには無効。
てんしのキッス,フェアリー,変化,-,75,10,直×,守○,1体選択,相手を1～4ターンの間『こんらん』状態にする。
てんこがすめつぼうのひかり,エスパー,特殊,200,-,1,直×,守×,1体選択,『ウルトラネクロズマ』の専用Z技。自分の『こうげき』と『とくこう』の能力値の高い方でダメージ計算する。また、相手の特性の影響を受けずに攻撃する。自分の命中率、相手の回避率に関係なく必ず命中する。
でんこうそうげき,でんき,物理,120,100,5,直○,守○,1体選択,攻撃後、自分は『でんき』タイプではなくなる。自分が『でんき』タイプではない時は失敗する。
でんこうせっか,ノーマル,物理,40,100,30,直○,守○,1体選択,必ず先制できる(優先度:+1)。
でんげきは,でんき,特殊,60,-,20,直×,守○,1体選択,自分の命中率、相手の回避率に関係なく必ず命中する。
でんげきくちばし,でんき,物理,85,100,10,直○,守○,1体選択,相手より先に攻撃できると技の威力が2倍になる。
でんきショック,でんき,特殊,40,100,30,直×,守○,1体選択,10%の確率で相手を『まひ』状態にする。
てをつなぐ,ノーマル,変化,-,-,40,直×,守×,味方1体,効果なし。
テレポート,エスパー,変化,-,-,20,直×,守×,自分,必ず後攻になる(優先度:-6)。手持ちのポケモンと入れ替わる。(第7世代までは、野生のポケモンとの戦闘を終了する効果だった)
テレキネシス,エスパー,変化,-,-,15,直×,守○,1体選択,3ターンの間、相手を『テレキネシス』状態にする。『じめん』タイプの技が当たらなくなるが、それ以外の技が必ず命中するようになる。ただし、一撃必殺の技は変化しない。
テラバースト,ノーマル,特殊,80,100,10,直×,守○,1体選択,自分がテラスタル状態の時、技のタイプが自分のテラスタイプになる。その際、この技の分類は、自分の攻撃と特攻の高い方となるため、『こうげき』のほうが高い場合は物理技となる。
てっぺき,はがね,変化,-,-,15,直×,守×,自分,自分の『ぼうぎょ』ランクを2段階上げる。
てっていこうせん,はがね,特殊,140,95,5,直×,守○,1体選択,自分のHPを最大HPの半分だけ減らす。『まもる』などで技が防がれた場合も、自分のHPは減る。
てだすけ,ノーマル,変化,-,-,20,直×,守×,味方1体,必ず先制できる(優先度:+5)。使用したターンの間、味方の技の威力を1.5倍にする。
デスウイング,ひこう,特殊,80,100,10,直×,守○,1体選択,相手に与えたダメージの3/4だけ自分のHPが回復する。
デコレーション,フェアリー,変化,-,-,15,直×,守×,1体選択,相手の『こうげき』『とくこう』ランクを2段階ずつ上げる(主にダブルバトルで味方に使うと良い)。この技は『ダイウォール』の効果も受けない。
テクノバスター,ノーマル,特殊,120,100,5,直×,守○,1体選択,持たせた『カセット』によって『タイプ』が変わる。
テクスチャー2,ノーマル,変化,-,-,30,直×,守×,1体選択,自分の『タイプ』を相手が最後に使った技が効きづらいタイプに変える。どのタイプになるかはランダム。
テクスチャー,ノーマル,変化,-,-,30,直×,守×,自分,自分の『タイプ』を、自分の一番上の技と同じタイプに変える。
デカハンマー,はがね,物理,160,100,5,直×,守○,1体選択,この技は2回連続で出すことができない。
てかげん,ノーマル,物理,40,100,40,直○,守○,1体選択,この技のダメージで相手のHPが0になる時、相手のHPを1にする。野生のポケモンを捕まえる時に便利。
DDラリアット,あく,物理,85,100,10,直○,守○,1体選択,相手の能力ランクの変化に関係なく、ダメージを与える。
であいがしら,むし,物理,90,100,10,直○,守○,1体選択,必ず先制できる(優先度:+2)。ただし、出た最初のターンしか成功しない。
つるのムチ,くさ,物理,45,100,25,直○,守○,1体選択,通常攻撃。
つるぎのまい,ノーマル,変化,-,-,20,直×,守×,自分,自分の『こうげき』ランクを2段階上げる。
つららばり,こおり,物理,25,100,30,直×,守○,1体選択,1ターンに2～5回連続で攻撃する。
つららおとし,こおり,物理,85,90,10,直×,守○,1体選択,30%の確率で相手をひるませる。
つめとぎ,あく,変化,-,-,15,直×,守×,自分,自分の『こうげき』『命中率』ランクが1段階ずつ上がる。
つぼをつく,ノーマル,変化,-,-,30,直×,守×,自分か味方,ランダムで『こうげき』『ぼうぎょ』『とくこう』『とくぼう』『すばやさ』『回避率』『命中率』ランクのどれか1つが2段階上がる。この技は『ダイウォール』の効果も受けない。
つぶらなひとみ,フェアリー,変化,-,100,30,直×,守○,1体選択,必ず先制できる(優先度:+1)。相手の『こうげき』ランクを1段階下げる。
つばめがえし,ひこう,物理,60,-,20,直○,守○,1体選択,自分の命中率、相手の回避率に関係なく必ず命中する。
つばさでうつ,ひこう,物理,60,100,35,直○,守○,1体選択,通常攻撃。
つのドリル,ノーマル,物理,-,30,5,直○,守○,1体選択,相手を『ひんし』状態にする。相手のレベルが自分より高いと失敗する。(30＋自分のレベル－相手のレベル)が命中率になる。『ゴースト』タイプには無効だが、それ以外のタイプ相性の影響を受けない。ダイマックスしている相手には無効。
つのでつく,ノーマル,物理,65,100,25,直○,守○,1体選択,通常攻撃。
つっぱり,かくとう,物理,15,100,20,直○,守○,1体選択,1ターンに2～5回連続で攻撃する。
つつく,ひこう,物理,35,100,35,直○,守○,1体選択,通常攻撃。
つじぎり,あく,物理,70,100,15,直○,守○,1体選択,急所に当たりやすい(急所ランク:+1)。
つけあがる,あく,物理,20,100,10,直○,守○,1体選択,自分のいずれかの能力ランクが1つ上がる度に威力が20上がる。
つきのひかり,フェアリー,変化,-,-,5,直×,守×,自分,HPが、天気が通常の時は最大HPの1/2、『にほんばれ』の時は最大HPの2/3、『あめ』『ゆき』『すなあらし』の時は最大HPの1/4回復する。
ツインビーム,エスパー,特殊,40,100,10,直×,守○,1体選択,1ターンに2回連続で攻撃する。
ついばむ,ひこう,物理,60,100,20,直○,守○,1体選択,相手が持っているバトルに効果のある『きのみ』を奪って、自分に使う。
ちょうはつ,あく,変化,-,100,20,直×,守○,1体選択,3ターンの間、相手は攻撃技しか出せなくなる。(変化技を使えなくする)
ちょうのまい,むし,変化,-,-,20,直×,守×,自分,自分の『とくこう』『とくぼう』『すばやさ』ランクが1段階ずつ上がる。
ちょうぜつらせんれんげき,はがね,特殊,-,-,1,直×,守×,1体選択,『はがね』タイプのZ技。威力や分類は元の技で変化する。自分の命中率、相手の回避率に関係なく必ず命中する。
ちょうおんぱ,ノーマル,変化,-,55,20,直×,守○,1体選択,相手を1～4ターンの間『こんらん』状態にする。音系の技。相手の『みがわり』状態を貫通する。
チャームボイス,フェアリー,特殊,40,-,15,直×,守○,相手全体,自分の命中率、相手の回避率に関係なく必ず命中する。音系の技。相手の『みがわり』状態を貫通する。
チャージビーム,でんき,特殊,50,90,10,直×,守○,1体選択,70%の確率で自分の『とくこう』ランクが1段階上がる。
ちきゅうなげ,かくとう,物理,-,100,20,直○,守○,1体選択,自分のレベルと同じ値の固定ダメージを与える。『ゴースト』タイプには無効だが、それ以外のタイプ相性の影響を受けない。
ちからをすいとる,くさ,変化,-,100,10,直×,守○,1体選択,相手の『こうげき』の能力値と同じ値だけ自分のHPを回復し、相手の『こうげき』ランクを1段階下げる。特性などでランクが下がらない場合は、回復の効果のみ発動する。すでにランクが最低の場合は失敗する。
ちいさくなる,ノーマル,変化,-,-,10,直×,守×,自分,自分の回避率を2段階上げる。ただし、技『のしかかり』『ふみつけ』『ドラゴンダイブ』『ハードローラー』『ハイパーダーククラッシャー』『フライングプレス』『ヒートスタンプ』『ヘビーボンバー』は必ず命中し威力2倍で受けるようになってしまう(ヒートスタンプは第6世代以降、ヘビーボンバーは第7世代以降。なお、ゴーストダイブは第6世代のみ)。
だんがいのつるぎ,じめん,物理,120,85,10,直×,守○,相手全体,通常攻撃。
ダメおし,あく,物理,60,100,10,直○,守○,1体選択,そのターン、相手が既にダメージを受けている時、威力が2倍になる。
たまなげ,ノーマル,物理,15,85,20,直×,守○,1体選択,1ターンに2～5回連続で攻撃する。
だましうち,あく,物理,60,-,20,直○,守○,1体選択,自分の命中率、相手の回避率に関係なく必ず命中する。
タマゴばくだん,ノーマル,物理,100,75,10,直×,守○,1体選択,通常攻撃。
タマゴうみ,ノーマル,変化,-,-,5,直×,守×,自分,HPが最大HPの半分回復する。
ダブルパンツァー,はがね,物理,60,100,5,直○,守○,1体選択,1ターンに2回連続で攻撃し、それぞれ30%の確率で相手をひるませる。特性『てつのこぶし』の時、威力が1.2倍になる。
ダブルニードル,むし,物理,25,100,20,直×,守○,1体選択,1ターンに2回連続で攻撃する。20%の確率で相手を『どく』状態にする。
ダブルチョップ,ドラゴン,物理,40,90,15,直○,守○,1体選択,1ターンに2回連続で攻撃する。
ダブルウイング,ひこう,物理,40,90,10,直○,守○,1体選択,1ターンに2回連続で攻撃する。
ダブルアタック,ノーマル,物理,35,90,10,直○,守○,1体選択,1ターンに2回連続で攻撃する。
タネマシンガン,くさ,物理,25,100,30,直×,守○,1体選択,1ターンに2～5回連続で攻撃する。
タネばくだん,くさ,物理,80,100,15,直×,守○,1体選択,通常攻撃。
たてこもる,はがね,変化,-,-,10,直×,守×,自分,自分の『ぼうぎょ』ランクを2段階上げる。
たつまき,ドラゴン,特殊,40,100,20,直×,守○,相手全体,20%の確率で相手をひるませる。相手が技『そらをとぶ』『とびはねる』『フリーフォール』を使っている時でも命中し、ダメージが2倍になる。
たたりめ,ゴースト,特殊,65,100,10,直×,守○,1体選択,相手が状態異常の時、威力が2倍になる。
たたみがえし,かくとう,変化,-,-,10,直×,守×,味方の場,そのターンの間、自分と味方への攻撃技を無効化する(先制技ではない)。変化技は防げない。ただし、出た最初のターンしか成功しない。ダイマックス技や第7世代のZワザの攻撃技は貫通し、1/4のダメージを受ける。
たたきつける,ノーマル,物理,80,75,20,直○,守○,1体選択,通常攻撃。
ダストシュート,どく,物理,120,80,5,直×,守○,1体選択,30%の確率で相手を『どく』状態にする。
たこがため,かくとう,変化,-,100,15,直×,守○,1体選択,『ゴースト』タイプではない相手は逃げたり、交代できなくなる。相手はその間、毎ターン『ぼうぎょ』『とくぼう』ランクが1段階ずつ下がる。ターン上限はない。
たくわえる,ノーマル,変化,-,-,20,直×,守×,自分,自分の『ぼうぎょ』『とくぼう』ランクを1段階ずつ上げる。技『のみこむ』『はきだす』の効果を上げる。3回までたくわえることができる。
だくりゅう,みず,特殊,90,85,10,直×,守○,相手全体,30%の確率で相手の命中率を1段階下げる。
たきのぼり,みず,物理,80,100,15,直○,守○,1体選択,20%の確率で相手をひるませる。
たがやす,じめん,変化,-,-,10,直×,守×,全体,すべての『くさ』タイプのポケモンの『こうげき』『とくこう』ランクが1段階ずつ上がる。
ダイワーム,むし,-,-,-,-,直×,守×,不定,『むし』タイプの攻撃技のダイマックス技。相手の『とくこう』ランクを1段階下げる。自分の命中率、相手の回避率に関係なく必ず命中する。レイドでは相手の不思議なバリアのゲージを2つ減らす。
ダイロック,いわ,-,-,-,-,直×,守×,不定,『いわ』タイプの攻撃技のダイマックス技。5ターンの間、天気を『すなあらし』にする。自分の命中率、相手の回避率に関係なく必ず命中する。レイドでは相手の不思議なバリアのゲージを2つ減らす。
ダイヤストーム,いわ,物理,100,95,5,直×,守○,相手全体,50%の確率で自分の『ぼうぎょ』ランクが2段階上がる。
だいもんじ,ほのお,特殊,110,85,5,直×,守○,1体選択,10%の確率で相手を『やけど』状態にする。
ダイマックスほう,ドラゴン,特殊,100,100,5,直×,守○,1体選択,通常攻撃。(第8世代では相手がダイマックスしていると、ダメージが2倍になる)
ダイホロウ,ゴースト,-,-,-,-,直×,守×,不定,『ゴースト』タイプの攻撃技のダイマックス技。相手の『ぼうぎょ』ランクを1段階下げる。自分の命中率、相手の回避率に関係なく必ず命中する。レイドでは相手の不思議なバリアのゲージを2つ減らす。
だいふんげき,ほのお,物理,120,100,10,直×,守○,ランダム1体,2～3ターン連続で攻撃し、その後自分は1～4ターンの間『こんらん』状態になる。
ダイフェアリー,フェアリー,-,-,-,-,直×,守×,不定,『フェアリー』タイプの攻撃技のダイマックス技。5ターンの間、場の状態を『ミストフィールド』にする(『ひこう』タイプや特性『ふゆう』などではない地面にいるすべてのポケモンは、状態異常にならず、また『ドラゴン』タイプの技の受けるダメージが半減する)。自分の命中率、相手の回避率に関係なく必ず命中する。レイドでは相手の不思議なバリアのゲージを2つ減らす。
ダイビング,みず,物理,80,100,10,直○,守○,1体選択,1ターン目に水中へ潜り、2ターン目に攻撃する。水中にいる間は『なみのり』『うずしお』以外の技を受けない。
だいばくはつ,ノーマル,物理,250,100,5,直×,守○,自分以外,攻撃後、自分が『ひんし』状態になる。
ダイバーン,ほのお,-,-,-,-,直×,守×,不定,『ほのお』タイプの攻撃技のダイマックス技。5ターンの間、天気を『にほんばれ』にする。自分の命中率、相手の回避率に関係なく必ず命中する。レイドでは相手の不思議なバリアのゲージを2つ減らす。
ダイナミックフルフレイム,ほのお,特殊,-,-,1,直×,守×,1体選択,『ほのお』タイプのZ技。威力や分類は元の技で変化する。自分の命中率、相手の回避率に関係なく必ず命中する。
ダイナックル,かくとう,-,-,-,-,直×,守×,不定,『かくとう』タイプの攻撃技のダイマックス技。自分と味方全体の『こうげき』ランクを1段階ずつ上げる。自分の命中率、相手の回避率に関係なく必ず命中する。レイドでは相手の不思議なバリアのゲージを2つ減らす。
ダイドラグーン,ドラゴン,-,-,-,-,直×,守×,不定,『ドラゴン』タイプの攻撃技のダイマックス技。相手の『こうげき』ランクを1段階下げる。自分の命中率、相手の回避率に関係なく必ず命中する。レイドでは相手の不思議なバリアのゲージを2つ減らす。
だいちのはどう,ノーマル,特殊,50,100,10,直×,守○,1体選択,場の状態がフィールドで、自分が『ひこう』タイプや特性『ふゆう』などではなく地面にいる時、技のタイプが変化し、威力も2倍になる(フィールドの1.3倍の効果もさらに加わる)。『グラスフィールド』の時は『くさ』タイプ、『ミストフィールド』の時は『フェアリー』タイプ、『エレキフィールド』の時は『でんき』タイプ、『サイコフィールド』の時は『エスパー』タイプの技となる。
だいちのちから,じめん,特殊,90,100,10,直×,守○,1体選択,10%の確率で相手の『とくぼう』ランクを1段階下げる。
ダイソウゲン,くさ,-,-,-,-,直×,守×,不定,『くさ』タイプの攻撃技のダイマックス技。5ターンの間、場の状態を『グラスフィールド』にする(『ひこう』タイプや特性『ふゆう』などではない地面にいるすべてのポケモンは、毎ターン最大HPの1/16ずつ回復し、また『くさ』タイプの技の威力が1.3倍になり、技『じしん』『じならし』『マグニチュード』の受けるダメージが半減する)。自分の命中率、相手の回避率に関係なく必ず命中する。レイドでは相手の不思議なバリアのゲージを2つ減らす。
ダイストリーム,みず,-,-,-,-,直×,守×,不定,『みず』タイプの攻撃技のダイマックス技。5ターンの間、天気を『あめ』にする。自分の命中率、相手の回避率に関係なく必ず命中する。レイドでは相手の不思議なバリアのゲージを2つ減らす。
ダイスチル,はがね,-,-,-,-,直×,守×,不定,『はがね』タイプの攻撃技のダイマックス技。自分と味方全体の『ぼうぎょ』ランクを1段階ずつ上げる。自分の命中率、相手の回避率に関係なく必ず命中する。レイドでは相手の不思議なバリアのゲージを2つ減らす。
ダイジェット,ひこう,-,-,-,-,直×,守×,不定,『ひこう』タイプの攻撃技のダイマックス技。自分と味方全体の『すばやさ』ランクを1段階ずつ上げる。自分の命中率、相手の回避率に関係なく必ず命中する。レイドでは相手の不思議なバリアのゲージを2つ減らす。
ダイサンダー,でんき,-,-,-,-,直×,守×,不定,『でんき』タイプの攻撃技のダイマックス技。5ターンの間、場の状態を『エレキフィールド』にする(『ひこう』タイプや特性『ふゆう』などではない地面にいるすべてのポケモンは、『ねむり』『あくび』(ねむけ)状態にならず、また『でんき』タイプの技の威力が1.3倍になる)。自分の命中率、相手の回避率に関係なく必ず命中する。レイドでは相手の不思議なバリアのゲージを2つ減らす。
ダイサイコ,エスパー,-,-,-,-,直×,守×,不定,『エスパー』タイプの攻撃技のダイマックス技。5ターンの間、場の状態を『サイコフィールド』にする(『ひこう』タイプや特性『ふゆう』などではない地面にいるすべてのポケモンは、相手(味方は含まない)の先制技を受けなくなり、また『エスパー』タイプの技の威力が1.3倍になる)。自分の命中率、相手の回避率に関係なく必ず命中する。レイドでは相手の不思議なバリアのゲージを2つ減らす。
ダイウォール,ノーマル,-,-,-,-,直×,守×,自分,必ず先制でき(優先度:+4)、そのターンの間、相手の技を受けない。連続で使うと失敗しやすくなる。『ゴーストダイブ』などの『まもる』を無視できる技やダイマックス技も防げる。ただし、『フェイント』は貫通する(解除はされない)。
たいあたり,ノーマル,物理,40,100,35,直○,守○,1体選択,通常攻撃。
ダイアタック,ノーマル,-,-,-,-,直×,守×,不定,『ノーマル』タイプの攻撃技のダイマックス技。相手の『すばやさ』ランクを1段階下げる。自分の命中率、相手の回避率に関係なく必ず命中する。レイドでは相手の不思議なバリアのゲージを2つ減らす。
ダイアシッド,どく,-,-,-,-,直×,守×,不定,『どく』タイプの攻撃技のダイマックス技。自分と味方全体の『とくこう』ランクを1段階ずつ上げる。自分の命中率、相手の回避率に関係なく必ず命中する。レイドでは相手の不思議なバリアのゲージを2つ減らす。
ダイアイス,こおり,-,-,-,-,直×,守×,不定,『こおり』タイプの攻撃技のダイマックス技。5ターンの間、天気を『あられ』にする。自分の命中率、相手の回避率に関係なく必ず命中する。レイドでは相手の不思議なバリアのゲージを2つ減らす。
ダイアース,じめん,-,-,-,-,直×,守×,不定,『じめん』タイプの攻撃技のダイマックス技。自分と味方全体の『とくぼう』ランクを1段階ずつ上げる。自分の命中率、相手の回避率に関係なく必ず命中する。レイドでは相手の不思議なバリアのゲージを2つ減らす。
ダイアーク,あく,-,-,-,-,直×,守×,不定,『あく』タイプの攻撃技のダイマックス技。相手の『とくぼう』ランクを1段階下げる。自分の命中率、相手の回避率に関係なく必ず命中する。レイドでは相手の不思議なバリアのゲージを2つ減らす。
タールショット,いわ,変化,-,100,15,直×,守○,1体選択,相手の『すばやさ』ランクを1段階下げる。また、相手の弱点に『ほのお』タイプを追加する。
ダークホール,あく,変化,-,50,10,直×,守○,相手全体,相手を2～4ターン(実質1～3ターン)の間『ねむり』状態にする。『ダークライ』以外のポケモンが使うと失敗する。
そらをとぶ,ひこう,物理,90,95,15,直○,守○,1体選択,1ターン目に空中へ飛び上がり、2ターン目に攻撃する。空中にいる間は『うちおとす』『かぜおこし』『かみなり』『サウザンアロー』『スカイアッパー』『たつまき』『ぼうふう』以外の技を受けない。
ソニックブーム,ノーマル,特殊,-,90,20,直×,守○,1体選択,20の固定ダメージを与える。『ゴースト』タイプには無効だが、それ以外のタイプ相性の影響を受けない。
ソーラーブレード,くさ,物理,125,100,10,直○,守○,1体選択,1ターン目は攻撃せずに、2ターン目で攻撃する。天気が『にほんばれ』の時は1ターンためずに攻撃でき、『あめ』『ゆき』『すなあらし』の時は威力が半分になる。
ソーラービーム,くさ,特殊,120,100,10,直×,守○,1体選択,1ターン目は攻撃せずに、2ターン目で攻撃する。天気が『にほんばれ』の時は1ターンためずに攻撃でき、『あめ』『ゆき』『すなあらし』の時は威力が半分になる。
ソウルビート,ドラゴン,変化,-,100,5,直×,守×,自分,自分のHPを最大HPの1/3だけ減らし、自分のすべての『のうりょく』ランクを1段階ずつ上げる。音系の技。
ソウルクラッシュ,フェアリー,物理,75,100,15,直○,守○,1体選択,100%の確率で相手の『とくこう』ランクを1段階下げる。
そうでん,でんき,変化,-,-,20,直×,守○,1体選択,相手が技を出す前に使用すると、そのターン相手の攻撃は『でんき』タイプになる。
ぜんりょくむそうげきれつけん,かくとう,特殊,-,-,1,直×,守×,1体選択,『かくとう』タイプのZ技。威力や分類は元の技で変化する。自分の命中率、相手の回避率に関係なく必ず命中する。
ぜったいれいど,こおり,特殊,-,30,5,直×,守○,1体選択,相手を『ひんし』状態にする。相手のレベルが自分より高いと失敗する。(30＋自分のレベル－相手のレベル)が命中率になる。第7世代以降は『こおり』タイプ以外のポケモンが使うと命中率が下がり(20＋自分のレベル－相手のレベル？)、また相手が『こおり』タイプの場合は効果がない。ダイマックスしている相手にも無効。
ぜったいほしょくかいてんざん,むし,特殊,-,-,1,直×,守×,1体選択,『むし』タイプのZ技。威力や分類は元の技で変化する。自分の命中率、相手の回避率に関係なく必ず命中する。
せいなるほのお,ほのお,物理,100,95,5,直×,守○,1体選択,50%の確率で相手を『やけど』状態にする。自分が『こおり』状態の時でも使う事ができ、使うと『こおり』状態が治る。
せいなるつるぎ,かくとう,物理,90,100,15,直○,守○,1体選択,相手の能力ランクの変化に関係なく、ダメージを与える。
せいちょう,ノーマル,変化,-,-,20,直×,守×,自分,自分の『こうげき』『とくこう』ランクが1段階ずつ上がる。天気が『にほんばれ』の時は、2段階ずつ上がる。
スレッドトラップ,むし,変化,-,-,10,直×,守×,自分,必ず先制でき(優先度:+4)、そのターンの間、相手の攻撃技を受けない。また、直接攻撃をしてきた相手の『すばやさ』ランクを1段階下げる。連続で使うと失敗しやすくなる。
すりかえ,あく,変化,-,100,10,直×,守○,1体選択,相手と自分が持っている道具を入れ替える。片方しか道具を持っていない場合も成功する。
スモッグ,どく,特殊,30,70,20,直×,守○,1体選択,40%の確率で相手を『どく』状態にする。
スマートホーン,はがね,物理,70,-,10,直○,守○,1体選択,自分の命中率、相手の回避率に関係なく必ず命中する。
スポットライト,ノーマル,変化,-,-,15,直×,守○,1体選択,必ず先制できる(優先度:+3)。この技を受けた相手はそのターン、強制的に他のポケモンの技の対象となる。全体技には効果がない。ダブルバトル用。ただし、ダブルバトルにおいては相手に使っても相手側の味方の技の対象には効果がないため、主に自分の味方に使うと良い。
スプーンまげ,エスパー,変化,-,80,15,直×,守○,1体選択,相手の命中率を1段階下げる。
スピードスワップ,エスパー,変化,-,-,10,直×,守○,1体選択,自分と相手の『すばやさ』を入れ替える。
スピードスター,ノーマル,特殊,60,-,20,直×,守○,相手全体,自分の命中率、相手の回避率に関係なく必ず命中する。
スパーク,でんき,物理,65,100,20,直○,守○,1体選択,30%の確率で相手を『まひ』状態にする。
スパーキングギガボルト,でんき,特殊,-,-,1,直×,守×,1体選択,『でんき』タイプのZ技。威力や分類は元の技で変化する。自分の命中率、相手の回避率に関係なく必ず命中する。
すなじごく,じめん,物理,35,85,15,直×,守○,1体選択,4～5ターンの間、毎ターン終了後最大HPの1/8のダメージを与え、その間『ゴースト』タイプではない相手は逃げたり交代できない。
すなかけ,じめん,変化,-,100,15,直×,守○,1体選択,相手の命中率を1段階下げる。
すなあらし,いわ,変化,-,-,10,直×,守×,全体の場,5ターンの間、天気を『すなあらし』にする。『いわ』『じめん』『はがね』タイプではないポケモンは、毎ターン最大HPの1/16のダメージを受ける。また、『いわ』タイプのポケモンは『とくぼう』が1.5倍になる。
すなあつめ,じめん,変化,-,-,5,直×,守×,自分,HPが最大HPの半分回復する。ただし、天気が『すなあらし』の時は最大HPの2/3回復する。
ストーンエッジ,いわ,物理,100,80,5,直×,守○,1体選択,急所に当たりやすい(急所ランク:+1)。
ステルスロック,いわ,変化,-,-,20,直×,守×,相手の場,使用後、相手はポケモンを交代する度に、出てきたポケモンは最大HPの1/8のダメージを受ける。『タイプ』相性の影響を受け、例えば4倍弱点の場合は最大HPの1/2のダメージとなる。
すてみタックル,ノーマル,物理,120,100,15,直○,守○,1体選択,相手に与えたダメージの33%を自分も受ける。
すてゼリフ,あく,変化,-,100,20,直×,守○,1体選択,相手の『こうげき』『とくこう』ランクを1段階下げたあと、手持ちのポケモンと入れ替わる。音系の技。相手の『みがわり』状態を貫通する。
ずつき,ノーマル,物理,70,100,15,直○,守○,1体選択,30%の確率で相手をひるませる。
スチームバースト,みず,特殊,110,95,5,直×,守○,1体選択,30%の確率で相手を『やけど』状態にする。自分が『こおり』状態の時でも使う事ができ、使うと『こおり』状態が治る。また、相手の『こおり』状態を治す。
スターアサルト,かくとう,物理,150,100,5,直×,守○,1体選択,使用した次のターンは行動できない。
スケッチ,ノーマル,変化,-,-,1,直×,守×,1体選択,この技を忘れて、相手が最後に使った技を覚える。戦闘終了後も元に戻らない。
スケイルノイズ,ドラゴン,特殊,110,100,5,直×,守○,相手全体,攻撃後、自分の『ぼうぎょ』ランクが1段階下がる。音系の技。相手の『みがわり』状態を貫通する。
スケイルショット,ドラゴン,物理,25,90,20,直×,守○,1体選択,1ターンに2～5回連続で攻撃する。その後、自分の『ぼうぎょ』ランクが1段階下がり、『すばやさ』ランクが1段階上がる。
すくすくボンバー,くさ,物理,100,90,10,直×,守○,1体選択,100%の確率で相手に『やどりぎのタネ』を植え付け、毎ターン、相手のHPを最大HPの1/8ずつ減らし、その分自分のHPを回復させる。自分は交代しても効果が引き継ぐ。
スキルスワップ,エスパー,変化,-,-,10,直×,守○,1体選択,自分と相手の特性を入れ替える。ただし、『ふしぎなまもり』など一部の固有な特性は入れ替えられない。ダイマックスしている相手には無効。
スカイアッパー,かくとう,物理,85,90,15,直○,守○,1体選択,相手が技『そらをとぶ』『とびはねる』『フリーフォール』を使っている時でも命中する。特性『てつのこぶし』の時、威力が1.2倍になる。
スーパーアクアトルネード,みず,特殊,-,-,1,直×,守×,1体選択,『みず』タイプのZ技。威力や分類は元の技で変化する。自分の命中率、相手の回避率に関係なく必ず命中する。
すいりゅうれんだ,みず,物理,25,100,5,直○,守○,1体選択,1ターンに外れるまで最大3回連続で攻撃する。必ず急所に当たる。特性『てつのこぶし』の時、威力が1.2倍になる。
すいとる,くさ,特殊,20,100,25,直×,守○,1体選択,相手に与えたダメージの半分だけ自分のHPが回復する。
スイープビンタ,ノーマル,物理,25,85,10,直○,守○,1体選択,1ターンに2～5回連続で攻撃する。
シンプルビーム,ノーマル,変化,-,100,15,直×,守○,1体選択,相手の特性が『たんじゅん』になる。(ダブルバトルで味方に使うと良い)
しんぴのまもり,ノーマル,変化,-,-,25,直×,守×,味方の場,5ターンの間、自分と味方のポケモンは状態異常にならなくなる。交代しても効果は続く。
しんぴのつるぎ,かくとう,特殊,85,100,10,直×,守○,1体選択,相手の『とくぼう』ではなく、相手の『ぼうぎょ』の能力値でダメージ計算する。
しんぴのちから,エスパー,特殊,70,90,10,直×,守○,1体選択,100%の確率で自分の『とくこう』ランクを1段階上げる。
じんつうりき,エスパー,特殊,80,100,20,直×,守○,1体選択,10%の確率で相手をひるませる。
しんそく,ノーマル,物理,80,100,5,直○,守○,1体選択,必ず先制できる(優先度:+2)。
シンクロノイズ,エスパー,特殊,120,100,10,直×,守○,自分以外,自分と同じ『タイプ』のポケモン全員にダメージを与える。
しんくうは,かくとう,特殊,40,100,30,直×,守○,1体選択,必ず先制できる(優先度:+1)。
じわれ,じめん,物理,-,30,5,直×,守○,1体選択,相手を『ひんし』状態にする。相手のレベルが自分より高いと失敗する。(30＋自分のレベル－相手のレベル)が命中率になる。『ひこう』タイプには無効だが、それ以外のタイプ相性の影響を受けない。ダイマックスしている相手には無効。
しろいきり,こおり,変化,-,-,30,直×,守×,味方の場,5ターンの間、自分と味方のポケモンは能力ランクを下げられなくなる。交代しても効果は続く。
しょうりのまい,かくとう,変化,-,-,10,直×,守×,自分,自分の『こうげき』『ぼうぎょ』『すばやさ』ランクを1段階ずつ上げる。
じょうか,どく,変化,-,-,20,直×,守○,1体選択,相手の状態異常を回復し、自分のHPも最大HPの1/2回復する。相手が状態異常ではない時は失敗する。
じゅうりょく,エスパー,変化,-,-,5,直×,守×,全体の場,5ターンの間、すべてのポケモンの命中率が5/3倍(約1.67倍、1.6倍の説もあり)になる。また、特性『ふゆう』や、『ひこう』タイプのポケモンに『じめん』タイプの技が当たるようになる。技『そらをとぶ』『はねる』『とびげり』『とびひざげり』『とびはねる』『でんじふゆう』『フライングプレス』『フリーフォール』が使えなくなり、使用している場合は解除される。『テレキネシス』を受けなくなり、受けている場合は解除される。技『Gのちから』の威力が1.5倍になる。
10まんボルト,でんき,特殊,90,100,15,直×,守○,1体選択,10%の確率で相手を『まひ』状態にする。
10まんばりき,じめん,物理,95,95,10,直○,守○,1体選択,通常攻撃。
じゅうでん,でんき,変化,-,-,20,直×,守×,自分,次のターン、自分の『でんき』タイプの技の威力が2倍になる。自分の『とくぼう』ランクが1段階上がる。
ジャングルヒール,くさ,変化,-,-,10,直×,守×,味方全体,自分と味方全体のHPが最大HPの1/4ずつ回復し、状態異常も回復する。
じゃれつく,フェアリー,物理,90,90,10,直○,守○,1体選択,10%の確率で相手の『こうげき』ランクを1段階下げる。
シャドーレイ,ゴースト,特殊,100,100,5,直×,守○,1体選択,相手の特性の影響を受けずに攻撃する。
シャドーボーン,ゴースト,物理,85,100,10,直×,守○,1体選択,20%の確率で、相手の『ぼうぎょ』ランクを1段階下げる。
シャドーボール,ゴースト,特殊,80,100,15,直×,守○,1体選択,20%の確率で相手の『とくぼう』ランクを1段階下げる。
シャドーパンチ,ゴースト,物理,60,-,20,直○,守○,1体選択,自分の命中率、相手の回避率に関係なく必ず命中する。特性『てつのこぶし』の時、威力が1.2倍になる。
シャドーダイブ,ゴースト,物理,120,100,5,直○,守×,1体選択,1ターン目に消えて、2ターン目に攻撃する。消えている間はほとんどの技を受けない。相手の『まもる』『みきり』『たたみがえし』『トーチカ』『キングシールド』『ニードルガード』『ブロッキング』『スレッドトラップ』の効果を受けない(『ダイウォール』を除く)。
シャドースチール,ゴースト,物理,90,100,10,直○,守○,1体選択,相手のすべての能力ランクの上昇分を0に元に戻して、その分だけ自分の能力ランクを上げ、その後に攻撃のダメージを与える。相手のランクの下降分には影響しない。相手の『みがわり』状態を貫通する。
シャドークロー,ゴースト,物理,70,100,15,直○,守○,1体選択,急所に当たりやすい(急所ランク:+1)。
シャドーアローズストライク,ゴースト,物理,180,-,1,直×,守×,1体選択,『ジュナイパー』の専用Z技。自分の命中率、相手の回避率に関係なく必ず命中する。
ジャイロボール,はがね,物理,-,100,5,直○,守○,1体選択,相手より『すばやさ』が低いほど威力が高くなる。(25×相手のすばやさ÷自分のすばやさ)+1が威力になる。ただし最大威力は150。小数点以下は切り捨て。
しめつける,ノーマル,物理,15,85,20,直○,守○,1体選択,4～5ターンの間、毎ターン終了後最大HPの1/8のダメージを与え、その間『ゴースト』タイプではない相手は逃げたり交代できない。
しぼりとる,ノーマル,特殊,-,100,5,直○,守○,1体選択,相手の残りHPが多いほど威力が高くなる。(120×相手の残りHP÷相手の最大HP)が威力になる。
しびれごな,くさ,変化,-,75,30,直×,守○,1体選択,相手を『まひ』状態にする。『でんき』タイプや『くさ』タイプ、特性『ぼうじん』、『ぼうじんゴーグル』を持っているのポケモンには無効。
じばそうさ,でんき,変化,-,-,20,直×,守×,味方全体,自分と味方全体の特性が『プラス』『マイナス』のポケモンの『ぼうぎょ』『とくぼう』ランクが1段階ずつ上がる。なお、『ダイウォール』は貫通しない。
じばく,ノーマル,物理,200,100,5,直×,守○,自分以外,攻撃後、自分が『ひんし』状態になる。
しねんのずつき,エスパー,物理,80,90,15,直○,守○,1体選択,20%の確率で相手をひるませる。
じならし,じめん,物理,60,100,20,直×,守○,自分以外,100%の確率で相手の『すばやさ』ランクを1段階下げる。
しっぽをふる,ノーマル,変化,-,100,30,直×,守○,相手全体,相手の『ぼうぎょ』ランクを1段階下げる。
しっぽきり,ノーマル,変化,-,-,10,直×,守×,自分,自分のHPを最大HPの半分だけ減らして『みがわり』状態となり、『みがわり』状態のまま手持ちのポケモンに入れ替わる。『みがわり』のHPは最大HPの1/4になる。
しっぺがえし,あく,物理,50,100,10,直○,守○,1体選択,自分が後攻の時、威力が2倍になる。
しっとのほのお,ほのお,特殊,70,100,5,直×,守○,相手全体,100%の確率で、そのターンの間に能力ランクが上がった相手ポケモンを『やけど』状態にする(通常は後攻で攻撃する必要があるが、場に出た時に能力ランクが上がった場合も対象となる)。
しちせいだっこんたい,ゴースト,物理,195,-,1,直○,守×,1体選択,『マーシャドー』の専用Zワザ。
じだんだ,じめん,物理,75,100,10,直○,守○,1体選択,前のターンで自分が使った技が失敗していた場合、威力が2倍になる。
じたばた,ノーマル,物理,-,100,15,直○,守○,1体選択,自分の残りHPが少ないほど威力が高くなる。(威力は20～200)
したでなめる,ゴースト,物理,30,100,30,直○,守○,1体選択,30%の確率で相手を『まひ』状態にする。
しぜんのめぐみ,ノーマル,物理,-,100,15,直×,守○,1体選択,持っている『きのみ』によって『タイプ』と威力が変わる。『きのみ』はなくなる。
しぜんのちから,ノーマル,変化,-,-,20,直×,守×,1体選択,地形が草むらの時は『エナジーボール』、水上の時は『ハイドロポンプ』、砂地の時は『だいちのちから』、岩場と洞窟の時は『パワージェム』、火山の時は『ふんえん』、氷上の時は『れいとうビーム』、ミストフィールドの時は『ムーンフォース』、グラスフィールドの時は『エナジーボール』、エレキフィールドの時は『10まんボルト』、サイコフィールドの時は『サイコキネシス』、それ以外は『トライアタック』となる。(第6世代は沼地の時は『どろばくだん』、雪原の時は『こおりのいぶき』、第7世代のウルトラスペースは『サイコキネシス』)
しぜんのいかり,フェアリー,特殊,-,90,10,直×,守○,1体選択,相手のHPを残りHPの半分にする。
じしん,じめん,物理,100,100,10,直×,守○,自分以外,相手が技『あなをほる』を使っている時でも命中し、ダメージが2倍になる。
シザークロス,むし,物理,80,100,15,直○,守○,1体選択,通常攻撃。
じこさいせい,ノーマル,変化,-,-,5,直×,守×,自分,HPが最大HPの半分回復する。
じごくづき,あく,物理,80,100,15,直○,守○,1体選択,相手は2ターンの間、音系の技『いびき』『いやしのすず』『いやなおと』『うたう』『うたかたのアリア』『エコーボイス』『おしゃべり』『おたけび』『きんぞくおん』『くさぶえ』『さわぐ』『スケイルノイズ』『すてゼリフ』『チャームボイス』『ちょうおんぱ』『とおぼえ』『ないしょばなし』『なきごえ』『バークアウト』『ハイパーボイス』『ばくおんぱ』『ほえる』『ほろびのうた』『むしのさざめき』『りんしょう』『ソウルビート』『オーバードライブ』『ぶきみなじゅもん』『フレアソング』を使えなくなる。
じごくぐるま,かくとう,物理,80,80,20,直○,守○,1体選択,相手に与えたダメージの1/4を自分も受ける。
じこあんじ,ノーマル,変化,-,-,10,直×,守×,1体選択,相手にかかっている補助効果を自分にもかける。
シグナルビーム,むし,特殊,75,100,15,直×,守○,1体選択,10%の確率で相手を1～4ターンの間『こんらん』状態にする。
しおみず,みず,特殊,65,100,10,直×,守○,1体選択,相手のHPが最大HPの半分以下の時、威力が2倍になる。
しおふき,みず,特殊,150,100,5,直×,守○,相手全体,自分のHPが少ないほど技の威力が下がる。(150×自分の残りHP÷自分の最大HP)が威力。
しおづけ,いわ,物理,40,100,15,直×,守○,1体選択,追加効果として相手を『しおづけ』状態にして、毎ターン終了後、相手の最大HPの1/8のダメージを与える。相手が『はがね』や『みず』タイプの場合は、毎ターン最大HPの1/4のダメージになる。
ジオコントロール,フェアリー,変化,-,-,10,直×,守×,自分,1ターン目にためて、2ターン目に自分の『とくこう』『とくぼう』『すばやさ』ランクが2段階ずつ上がる。
シェルブレード,みず,物理,75,95,10,直○,守○,1体選択,50%の確率で相手の『ぼうぎょ』ランクを1段階下げる。
シェルアームズ,どく,特殊,90,100,10,直×,守○,1体選択,この技の分類は、物理・特殊それぞれの場合のダメージを比較して、大きい方の分類で攻撃する(物理の場合は自分の『こうげき』と相手の『ぼうぎょ』でダメージ計算)。20%の確率で相手を『どく』状態にする。
ジェットパンチ,みず,物理,60,100,15,直○,守○,1体選択,必ず先制できる(優先度:+1)。特性『てつのこぶし』の時、威力が1.2倍になる。
Gのちから,くさ,物理,80,100,10,直×,守○,1体選択,100%の確率で相手の『ぼうぎょ』ランクを1段階下げる。場が『じゅうりょく』状態の時、威力が1.5倍になる。
シードフレア,くさ,特殊,120,85,5,直×,守○,1体選択,40%の確率で相手の『とくぼう』ランクを2段階下げる。
サンダープリズン,でんき,特殊,80,90,15,直×,守○,1体選択,4～5ターンの間、毎ターン終了後最大HPの1/8のダメージを与え、その間『ゴースト』タイプではない相手は逃げたり交代できない。
サンシャインスマッシャー,はがね,物理,200,-,1,直○,守×,1体選択,『ソルガレオ』『日食ネクロズマ』の専用Z技。相手の特性の影響を受けずに攻撃する。自分の命中率、相手の回避率に関係なく必ず命中する。
さわぐ,ノーマル,特殊,90,100,10,直×,守○,ランダム1体,3ターン連続で攻撃し、その間はすべてのポケモンが『ねむり』状態にならない。音系の技。相手の『みがわり』状態を貫通する。
さむいギャグ,こおり,変化,-,-,10,直×,守×,全体の場,手持ちのポケモンと入れ替わる。また、5ターンの間、天気を『ゆき』にする(『こおり』タイプのポケモンは、『ぼうぎょ』が1.5倍になる)。
ざぶざぶサーフ,みず,特殊,90,100,15,直×,守○,相手全体,30%の確率で相手を『まひ』状態にする。
さばきのつぶて,ノーマル,特殊,100,100,10,直×,守○,1体選択,持たせた『プレート』によって『タイプ』が変わる。
さしおさえ,あく,変化,-,100,15,直×,守○,1体選択,5ターンの間、持っている道具を使えなくなる。トレーナーもそのポケモンには道具を使えない。
さきどり,ノーマル,変化,-,-,20,直×,守○,不定,相手が使おうとしている攻撃技を自分の技として使い、ダメージを1.5倍にする。後攻になった場合や、相手の技が変化技や第7世代のZワザの場合は失敗する。
さきおくり,あく,変化,-,100,15,直×,守○,1体選択,相手は『すばやさ』に関係なく、行動が最後になる。ダブルバトル用。
サウザンウェーブ,じめん,物理,90,100,10,直×,守○,相手全体,『ゴースト』タイプではない相手は逃げたり、交代できなくなる。自分が場を離れると効果は消える。
サウザンアロー,じめん,物理,90,100,10,直×,守○,相手全体,『ひこう』タイプや特性『ふゆう』のポケモンにも当たり、以後は他の『じめん』タイプの技も当たるようになる。また、技『そらをとぶ』『とびはねる』『でんじふゆう』『テレキネシス』の効果が解除され、『でんじふゆう』『テレキネシス』は使用できなくなる。『フリーフォール』状態の相手にも命中する。
さいみんじゅつ,エスパー,変化,-,60,20,直×,守○,1体選択,相手を2～4ターン(実質1～3ターン)の間『ねむり』状態にする。
さいはい,エスパー,変化,-,-,15,直×,守○,1体選択,相手が最後に使用した技をその場でもう一度使わせる。『はかいこうせん』など反動のある技や、ターン技、ダイマックス技、『ダイマックスほう』など一部の技は失敗する。
サイドチェンジ,エスパー,変化,-,-,15,直×,守×,自分,必ず先制できる(優先度:+2)。自分と味方1体の位置を交代する。ダブルバトル用。第9世代からは、連続で使うと失敗しやすくなる。
サイコブレイド,エスパー,物理,80,100,15,直○,守○,1体選択,場の状態が『エレキフィールド』の時、技の威力が1.5倍になる。
サイコブレイク,エスパー,特殊,100,100,10,直×,守○,1体選択,相手の『とくぼう』ではなく、相手の『ぼうぎょ』の能力値でダメージ計算する。
サイコブースト,エスパー,特殊,140,90,5,直×,守○,1体選択,攻撃後、100%の確率で自分の『とくこう』ランクが2段階下がる。
サイコフィールド,エスパー,変化,-,-,10,直×,守×,全体の場,5ターンの間、場の状態を『サイコフィールド』にする。『ひこう』タイプや特性『ふゆう』などではない地面にいるすべてのポケモンは、相手(味方は含まない)の先制技を受けなくなり、また『エスパー』タイプの技の威力が1.3倍になる(第7世代までは1.5倍)。道具『サイコシード』を持ったポケモンは『とくぼう』ランクが1段階上がる。
サイコファング,エスパー,物理,85,100,10,直○,守○,1体選択,相手の技『リフレクター』『オーロラベール』の効果を受けず、相手の技『リフレクター』『ひかりのかべ』『オーロラベール』を壊す。
サイコショック,エスパー,特殊,80,100,10,直×,守○,1体選択,相手の『とくぼう』ではなく、相手の『ぼうぎょ』の能力値でダメージ計算する。
サイコシフト,エスパー,変化,-,100,10,直×,守○,1体選択,自分の状態異常を相手に移し、自分は回復する。
サイコキネシス,エスパー,特殊,90,100,10,直×,守○,1体選択,10%の確率で相手の『とくぼう』ランクを1段階下げる。
サイコカッター,エスパー,物理,70,100,20,直×,守○,1体選択,急所に当たりやすい(急所ランク:+1)。
サイコウェーブ,エスパー,特殊,-,100,15,直×,守○,1体選択,ランダムに(自分のレベル×0.5～1.5)が相手に与えるダメージになる。『あく』タイプには無効だが、それ以外のタイプ相性の影響を受けない。
サイケこうせん,エスパー,特殊,65,100,20,直×,守○,1体選択,10%の確率で相手を1～4ターンの間『こんらん』状態にする。
さいきのいのり,ノーマル,変化,-,-,1,直×,守×,自分,手持ちの『ひんし』状態のポケモンを、最大HPの半分だけ回復させる。
こんげんのはどう,みず,特殊,110,85,10,直×,守○,相手全体,通常攻撃。
こわいかお,ノーマル,変化,-,100,10,直×,守○,1体選択,相手の『すばやさ』ランクを2段階下げる。
ころがる,いわ,物理,30,90,20,直○,守○,1体選択,外れるまで5ターン連続で攻撃し、攻撃が当たる度に威力が倍増する(最大480)。事前に技『まるくなる』を使っていると威力が2倍になる。
こらえる,ノーマル,変化,-,-,10,直×,守×,自分,必ず先制できる(優先度:+4)。そのターンに『ひんし』状態になる攻撃を受けてもHPが1残る。連続で使うと失敗しやすくなる。
コメットパンチ,はがね,物理,90,90,10,直○,守○,1体選択,20%の確率で自分の『こうげき』ランクが1段階上がる。特性『てつのこぶし』の時、威力が1.2倍になる。
このゆびとまれ,ノーマル,変化,-,-,20,直×,守×,自分,必ず先制できる(優先度:+2)。そのターンの相手の技をすべて自分が受ける。ただし、全体技には効果がない。ダブルバトル用。
このは,くさ,物理,40,100,40,直×,守○,1体選択,通常攻撃。
こなゆき,こおり,特殊,40,100,25,直×,守○,相手全体,10%の確率で相手を『こおり』状態にする。
コットンガード,くさ,変化,-,-,10,直×,守×,自分,自分の『ぼうぎょ』ランクが3段階上がる。
ゴッドバード,ひこう,物理,140,90,5,直×,守○,1体選択,1ターン目は攻撃せずに、2ターン目で攻撃する。30%の確率で相手をひるませる。急所に当たりやすい(急所ランク:+1)。
こちこちフロスト,こおり,特殊,100,90,10,直×,守○,1体選択,すべてのポケモンの能力ランクの変化を元に戻す。
コスモパワー,エスパー,変化,-,-,20,直×,守×,自分,自分の『ぼうぎょ』『とくぼう』ランクが1段階ずつ上がる。
こころのめ,ノーマル,変化,-,-,5,直×,守○,1体選択,次のターン、使った相手に自分の技が必ず命中する。
こごえるせかい,こおり,特殊,65,95,10,直×,守○,相手全体,100%の確率で相手の『すばやさ』ランクを1段階下げる。
こごえるかぜ,こおり,特殊,55,95,15,直×,守○,相手全体,100%の確率で相手の『すばやさ』ランクを1段階下げる。
こがらしあらし,ひこう,特殊,100,80,10,直×,守○,相手全体,30%の確率で、相手の『すばやさ』ランクを1段階下げる。天気が『あめ』の時は必ず命中する。
ゴールドラッシュ,はがね,特殊,120,100,5,直×,守○,相手全体,攻撃後、自分の『とくこう』ランクが1段階下がる。また、戦闘終了後にお金が(自分のレベル×攻撃回数×5)円多く手に入る。
コールドフレア,こおり,特殊,140,90,5,直×,守○,1体選択,1ターン目は攻撃せずに、2ターン目で攻撃する。30%の確率で相手を『やけど』状態にする。
こおりのつぶて,こおり,物理,40,100,30,直×,守○,1体選択,必ず先制できる(優先度:+1)。
こおりのキバ,こおり,物理,65,95,15,直○,守○,1体選択,10%の確率で相手を『こおり』状態にするか、ひるませる。
こおりのいぶき,こおり,特殊,60,90,10,直×,守○,1体選択,必ず急所に当たる。
コートチェンジ,ノーマル,変化,-,100,10,直×,守×,全体の場,お互いの場の状態『オーロラベール』『おいかぜ』『しろいきり』『しんぴのまもり』『ステルスロック』『どくびし』『ねばねばネット』『ひかりのかべ』『まきびし』『リフレクター』『キョダイベンタツ』『キョダイゴクエン』『キョダイホウゲキ』『キョダイフンセキ』『キョダイコウジン』を入れ替える。経過ターン数は引き継がれる。
コーチング,かくとう,変化,-,-,10,直×,守×,味方全体,自分を除く味方全体の『こうげき』『ぼうぎょ』ランクが1段階ずつ上がる(ダブルバトル用)。この技は『ダイウォール』の効果も受けない。
ゴーストダイブ,ゴースト,物理,90,100,10,直○,守×,1体選択,1ターン目に消えて、2ターン目に攻撃する。消えている間はほとんどの技を受けない。相手の『まもる』『みきり』『たたみがえし』『トーチカ』『キングシールド』『ニードルガード』『ブロッキング』『スレッドトラップ』の効果を受けない(『ダイウォール』を除く)。(なお、第7世代以降は相手が『ちいさくなる』を使っている時の必中2倍効果はない)
こうそくスピン,ノーマル,物理,50,100,40,直○,守○,1体選択,自分が受けている技『うずしお』『からではさむ』『サンダープリズン』『しめつける』『すなじごく』『トラバサミ』『ほのおのうず』『マグマストーム』『まきつく』『やどりぎのタネ』および自分の場の『ステルスロック』『どくびし』『まきびし』『ねばねばネット』の効果を解除する。第8世代からは、攻撃後、100%の確率で自分の『すばやさ』ランクが1段階上がる。(第7世代までは威力20)
こうそくいどう,エスパー,変化,-,-,30,直×,守×,自分,自分の『すばやさ』ランクが2段階上がる。
こうごうせい,くさ,変化,-,-,5,直×,守×,自分,HPが、天気が通常の時は最大HPの1/2、『にほんばれ』の時は最大HPの2/3、『あめ』『ゆき』『すなあらし』の時は最大HPの1/4回復する。
こうげきしれい,むし,物理,90,100,15,直×,守○,1体選択,急所に当たりやすい(急所ランク:+1)。
コアパニッシャー,ドラゴン,特殊,100,100,10,直×,守○,相手全体,この技のダメージを受けたポケモンがそのターンにすでに技を使用していた場合、そのポケモンの特性を無効にする。ただし、『バトルスイッチ』『ばけのかわ』などフォルムに関わる特性や、一部の固有の特性などには効かない。
げんしのちから,いわ,特殊,60,100,5,直×,守○,1体選択,10%の確率で自分の『こうげき』『ぼうぎょ』『とくこう』『とくぼう』『すばやさ』ランクが1段階ずつ上がる。
ゲップ,どく,特殊,120,90,10,直×,守○,1体選択,この技は『きのみ』を食べると使えるようになる。
けたぐり,かくとう,物理,-,100,20,直○,守○,1体選択,相手の『おもさ』が重いほど威力が高くなる。10kg未満は20、25kg未満は40、50kg未満は60、100kg未満は80、200kg未満は100、それ以上は120。ダイマックスしている相手には無効。
げきりん,ドラゴン,物理,120,100,10,直○,守○,ランダム1体,2～3ターン連続で攻撃し、その後自分は1～4ターンの間『こんらん』状態になる。
クロロブラスト,くさ,特殊,150,95,5,直×,守○,1体選択,攻撃後、自分の最大HPの半分だけ自分もダメージを受ける。
クロスポイズン,どく,物理,70,100,20,直○,守○,1体選択,10%の確率で相手を『どく』状態にする。急所に当たりやすい(急所ランク:+1)。
クロスフレイム,ほのお,特殊,100,100,5,直×,守○,1体選択,相手・味方を問わず同じターンに技『クロスサンダー』が使われていると、威力が2倍になる。
クロスチョップ,かくとう,物理,100,80,5,直○,守○,1体選択,急所に当たりやすい(急所ランク:+1)。
クロスサンダー,でんき,物理,100,100,5,直×,守○,1体選択,相手・味方を問わず同じターンに技『クロスフレイム』が使われていると、威力が2倍になる。
グロウパンチ,かくとう,物理,40,100,20,直○,守○,1体選択,100%の確率で自分の『こうげき』ランクが1段階上がる。特性『てつのこぶし』の時、威力が1.2倍になる。
くろいまなざし,ノーマル,変化,-,-,5,直×,守×,1体選択,『ゴースト』タイプではない相手は逃げたり、交代できなくなる。自分が場を離れると効果は消える。
くろいきり,こおり,変化,-,-,30,直×,守×,全体の場,すべてのポケモンの能力ランクの変化を元に戻す。
クリアスモッグ,どく,特殊,50,-,15,直×,守○,1体選択,相手の能力ランクの変化を元に戻す。
グランドフォース,じめん,物理,90,100,10,直×,守○,相手全体,通常攻撃。
クラブハンマー,みず,物理,100,90,10,直○,守○,1体選択,急所に当たりやすい(急所ランク:+1)。
グラスミキサー,くさ,特殊,65,90,10,直×,守○,1体選択,50%の確率で相手の命中率を1段階下げる。
グラスフィールド,くさ,変化,-,-,10,直×,守×,全体の場,5ターンの間、場の状態を『グラスフィールド』にする。『ひこう』タイプや特性『ふゆう』などではない地面にいるすべてのポケモンは、毎ターン最大HPの1/16ずつ回復し、また『くさ』タイプの技の威力が1.3倍になり(第7世代までは1.5倍)、技『じしん』『じならし』『マグニチュード』の受けるダメージが半減する。道具『グラスシード』を持ったポケモンは『ぼうぎょ』ランクが1段階上がる。
グラススライダー,くさ,物理,60,100,20,直○,守○,1体選択,場の状態が『グラスフィールド』で、自分が『ひこう』タイプや特性『ふゆう』などではなく地面にいる時、必ず先制できる(優先度:+1)。
くらいつく,あく,物理,80,100,10,直○,守○,1体選択,自分と相手のどちらかが『ひんし』になるまで、どちらも逃げたり交代できなくなる。自分か相手が『ゴースト』タイプの場合は追加効果はない。
クモのす,むし,変化,-,-,10,直×,守○,1体選択,『ゴースト』タイプではない相手は逃げたり、交代できなくなる。自分が場を離れると効果は消える。
くちばしキャノン,ひこう,物理,100,100,15,直×,守○,1体選択,必ず後攻になる(優先度:-3)。技が発動する前に直接攻撃を受けると、そのポケモンを『やけど』状態にする。技はそのまま受ける。
くすぐる,ノーマル,変化,-,100,20,直×,守○,1体選択,相手の『こうげき』『ぼうぎょ』ランクを1段階ずつ下げる。
くさわけ,くさ,物理,50,100,20,直○,守○,1体選択,100%の確率で自分の『すばやさ』ランクが1段階上がる。
くさむすび,くさ,特殊,-,100,20,直○,守○,1体選択,相手の『おもさ』が重いほど威力が高くなる。10kg未満は20、25kg未満は40、50kg未満は60、100kg未満は80、200kg未満は100、それ以上は120。ダイマックスしている相手には無効。
くさぶえ,くさ,変化,-,55,15,直×,守○,1体選択,音系の技。相手を2～4ターン(実質1～3ターン)の間『ねむり』状態にする。
くさのちかい,くさ,特殊,80,100,10,直×,守○,1体選択,ダブルバトルで、技『ほのおのちかい』と組み合わせて使用すると4ターンの間毎ターン『ほのお』タイプ以外の相手にダメージを与え、技『みずのちかい』と組み合わせて使用すると4ターンの間相手の『すばやさ』が下がる。また、威力が150になる。
クイックターン,みず,物理,60,100,20,直○,守○,1体選択,攻撃後、手持ちのポケモンと入れ替わる。
きんぞくおん,はがね,変化,-,85,40,直×,守○,1体選択,音系の技。相手の『とくぼう』ランクを2段階下げる。
キングシールド,はがね,変化,-,-,10,直×,守×,自分,必ず先制でき(優先度:+4)、そのターンの間、相手の攻撃技を受けない。また、直接攻撃をしてきた相手の『こうげき』ランクを1段階下げる(第7世代までは2段階)。連続で使うと失敗しやすくなる。ダイマックス技や第7世代のZワザの攻撃技は貫通し、1/4のダメージを受ける。
ぎんいろのかぜ,むし,特殊,60,100,5,直×,守○,1体選択,10%の確率で自分の『こうげき』『ぼうぎょ』『とくこう』『とくぼう』『すばやさ』ランクが1段階ずつ上がる。
きりふだ,ノーマル,特殊,-,-,5,直○,守○,1体選択,自分の命中率、相手の回避率に関係なく必ず命中する。この技の残りPPが少ない時ほど威力が高くなり、残りPPが5以上の時は40、4の時は50、3の時は60、2の時は80、1の時は200となる。
きりばらい,ひこう,変化,-,-,15,直×,守○,1体選択,相手の回避率を1段階下げる。相手の場の『しろいきり』『ひかりのかべ』『リフレクター』『しんぴのまもり』『オーロラベール』、両方の場の『まきびし』『どくびし』『ステルスロック』『ねばねばネット』、さらに第8世代からは『エレキフィールド』『グラスフィールド』『サイコフィールド』『ミストフィールド』の効果を解除する。相手が『みがわり』状態の場合、回避率を下げる効果のみ失敗する。
きりさく,ノーマル,物理,70,100,20,直○,守○,1体選択,急所に当たりやすい(急所ランク:+1)。
きらきらストーム,フェアリー,特殊,120,85,5,直×,守○,1体選択,自分と味方全体のポケモンの状態異常を治す。
キラースピン,どく,物理,30,100,15,直○,守○,相手全体,自分が受けている技『うずしお』『からではさむ』『サンダープリズン』『しめつける』『すなじごく』『トラバサミ』『ほのおのうず』『マグマストーム』『まきつく』『やどりぎのタネ』および自分の場の『ステルスロック』『どくびし』『まきびし』『ねばねばネット』の効果を解除する。また、100%の確率で相手を『どく』状態にする。
キョダイレンゲキ,みず,-,-,-,-,直×,守×,1体選択,キョダイマックスした『ウーラオス(れんげきのかた)』専用、『みず』タイプの攻撃技のキョダイマックス技。相手の『ダイウォール』『まもる』『みきり』『たたみがえし』『トーチカ』『ニードルガード』『ブロッキング』の効果を受けない。自分の命中率、相手の回避率に関係なく必ず命中する。レイドでは相手の不思議なバリアのゲージを2つ減らす。
キョダイユウゲキ,はがね,-,-,-,-,直×,守×,1体選択,キョダイマックスした『メルメタル』専用、『はがね』タイプの攻撃技のキョダイマックス技。相手は同じ技を連続で出せなくなる。自分の命中率、相手の回避率に関係なく必ず命中する。レイドでは相手の不思議なバリアのゲージを2つ減らす。
キョダイホーヨー,ノーマル,-,-,-,-,直×,守×,1体選択,キョダイマックスした『イーブイ』専用、『ノーマル』タイプの攻撃技のキョダイマックス技。相手全体に対して、それぞれが自分とは異なる性別の場合、『メロメロ』状態にする。『メロメロ』状態になると、50%の確率で相手は自分に攻撃できなくなる。自分の命中率、相手の回避率に関係なく必ず命中する。レイドでは相手の不思議なバリアのゲージを2つ減らす。
キョダイホウマツ,みず,-,-,-,-,直×,守×,1体選択,キョダイマックスした『キングラー』専用、『みず』タイプの攻撃技のキョダイマックス技。相手全体の『すばやさ』ランクを2段階ずつ下げる。自分の命中率、相手の回避率に関係なく必ず命中する。レイドでは相手の不思議なバリアのゲージを2つ減らす。
キョダイホウゲキ,みず,-,-,-,-,直×,守×,1体選択,キョダイマックスした『カメックス』専用、『みず』タイプの攻撃技のキョダイマックス技。4ターンの間、相手の場を『キョダイホウゲキ』状態にして、相手全体の『みず』タイプ以外のポケモンに対して、毎ターン終了後最大HPの1/6のダメージを与える。自分の命中率、相手の回避率に関係なく必ず命中する。レイドでは相手の不思議なバリアのゲージを2つ減らす。
キョダイベンタツ,くさ,-,-,-,-,直×,守×,1体選択,キョダイマックスした『フシギバナ』専用、『くさ』タイプの攻撃技のキョダイマックス技。4ターンの間、相手の場を『キョダイベンタツ』状態にして、相手全体の『くさ』タイプ以外のポケモンに対して、毎ターン終了後最大HPの1/6のダメージを与える。自分の命中率、相手の回避率に関係なく必ず命中する。レイドでは相手の不思議なバリアのゲージを2つ減らす。
キョダイフンセキ,いわ,-,-,-,-,直×,守×,1体選択,キョダイマックスした『セキタンザン』専用、『いわ』タイプの攻撃技のキョダイマックス技。4ターンの間、相手の場を『キョダイフンセキ』状態にして、相手全体の『いわ』タイプ以外のポケモンに対して、毎ターン終了後最大HPの1/6のダメージを与える。自分の命中率、相手の回避率に関係なく必ず命中する。レイドでは相手の不思議なバリアのゲージを2つ減らす。
キョダイフウゲキ,ひこう,-,-,-,-,直×,守×,1体選択,キョダイマックスした『アーマーガア』専用、『ひこう』タイプの攻撃技のキョダイマックス技。相手の場の『しろいきり』『ひかりのかべ』『リフレクター』『しんぴのまもり』『オーロラベール』、両方の場の『まきびし』『どくびし』『ステルスロック』『ねばねばネット』『エレキフィールド』『グラスフィールド』『サイコフィールド』『ミストフィールド』『キョダイコウジン』の効果を解除する。自分の命中率、相手の回避率に関係なく必ず命中する。レイドでは相手の不思議なバリアのゲージを2つ減らす。
キョダイヒャッカ,ほのお,-,-,-,-,直×,守×,1体選択,キョダイマックスした『マルヤクデ』専用、『ほのお』タイプの攻撃技のキョダイマックス技。相手全体を『ほのおのうず』(バインド)状態にする(4～5ターンの間、毎ターン終了後最大HPの1/8のダメージを与え、その間『ゴースト』タイプではない相手は逃げたり交代できない)。自分の命中率、相手の回避率に関係なく必ず命中する。レイドでは相手の不思議なバリアのゲージを2つ減らす。
キョダイバンライ,でんき,-,-,-,-,直×,守×,1体選択,キョダイマックスした『ピカチュウ』専用、『でんき』タイプの攻撃技のキョダイマックス技。相手全体の『でんき』タイプ以外のポケモンを『まひ』状態にする(この効果は対象の味方の『じめん』タイプにも有効)。自分の命中率、相手の回避率に関係なく必ず命中する。レイドでは相手の不思議なバリアのゲージを2つ減らす。
キョダイテンバツ,フェアリー,-,-,-,-,直×,守×,1体選択,キョダイマックスした『ブリムオン』専用、『フェアリー』タイプの攻撃技のキョダイマックス技。相手全体を1～4ターンの間『こんらん』状態にする。自分の命中率、相手の回避率に関係なく必ず命中する。レイドでは相手の不思議なバリアのゲージを2つ減らす。
キョダイテンドウ,エスパー,-,-,-,-,直×,守×,1体選択,キョダイマックスした『イオルブ』専用、『エスパー』タイプの攻撃技のキョダイマックス技。5ターンの間、全体の場を『じゅうりょく』状態にする(すべてのポケモンの命中率が5/3倍(約1.67倍、1.6倍の説もあり)になる。また、特性『ふゆう』や、『ひこう』タイプのポケモンに『じめん』タイプの技が当たるようになる。技『そらをとぶ』『はねる』『とびげり』『とびひざげり』『とびはねる』『でんじふゆう』『フライングプレス』『フリーフォール』が使えなくなり、使用している場合は解除される。『テレキネシス』を受けなくなり、受けている場合は解除される。技『Gのちから』の威力が1.5倍になる)。自分の命中率、相手の回避率に関係なく必ず命中する。レイドでは相手の不思議なバリアのゲージを2つ減らす。
キョダイダンエン,フェアリー,-,-,-,-,直×,守×,1体選択,キョダイマックスした『マホイップ』専用、『フェアリー』タイプの攻撃技のキョダイマックス技。自分と味方全体のHPをそれぞれ最大HPの1/6ずつ回復する。自分の命中率、相手の回避率に関係なく必ず命中する。レイドでは相手の不思議なバリアのゲージを2つ減らす。
キョダイソゲキ,みず,-,-,-,-,直×,守×,1体選択,キョダイマックスした『インテレオン』専用、『みず』タイプの攻撃技のキョダイマックス技。もとの技によらず威力が160となり、また相手の特性の影響を受けずに攻撃できる。自分の命中率、相手の回避率に関係なく必ず命中する。レイドでは相手の不思議なバリアのゲージを2つ減らす。
キョダイセンリツ,こおり,-,-,-,-,直×,守×,1体選択,キョダイマックスした『ラプラス』専用、『こおり』タイプの攻撃技のキョダイマックス技。味方の場に『オーロラベール』を設置する(5ターンの間、自分と味方全体が受ける相手の物理攻撃と特殊攻撃のダメージを半分にする。味方が複数の場合は半分ではなく2/3になる。急所に当たった場合は軽減されない)。自分の命中率、相手の回避率に関係なく必ず命中する。レイドでは相手の不思議なバリアのゲージを2つ減らす。
キョダイスイマ,あく,-,-,-,-,直×,守×,1体選択,キョダイマックスした『オーロンゲ』専用、『あく』タイプの攻撃技のキョダイマックス技。50%程度の確率で相手を『あくび』(ねむけ)状態にする(次のターン終了時に相手を2～4ターン(実質1～3ターン)の間『ねむり』状態にする。ただし、そのポケモンが交代されると効果は消える)(追加効果は複数の相手が対象ではない)。自分の命中率、相手の回避率に関係なく必ず命中する。レイドでは相手の不思議なバリアのゲージを2つ減らす。
キョダイシンゲキ,かくとう,-,-,-,-,直×,守×,1体選択,キョダイマックスした『カイリキー』専用、『かくとう』タイプの攻撃技のキョダイマックス技。自分と味方全体の急所ランクが1段階ずつ上がり、今後技が急所に当たりやすくなる(+3で必ず急所に当たる)。自分の命中率、相手の回避率に関係なく必ず命中する。レイドでは相手の不思議なバリアのゲージを2つ減らす。
キョダイシュウキ,どく,-,-,-,-,直×,守×,1体選択,キョダイマックスした『ダストダス』専用、『どく』タイプの攻撃技のキョダイマックス技。相手全体の『どく』タイプや『はがね』タイプ以外のポケモンを『どく』状態にする。自分の命中率、相手の回避率に関係なく必ず命中する。レイドでは相手の不思議なバリアのゲージを2つ減らす。
キョダイサンゲキ,くさ,-,-,-,-,直×,守×,1体選択,キョダイマックスした『アップリュー』専用、『くさ』タイプの攻撃技のキョダイマックス技。相手全体の回避率を1段階ずつ下げる。自分の命中率、相手の回避率に関係なく必ず命中する。レイドでは相手の不思議なバリアのゲージを2つ減らす。
キョダイサジン,じめん,-,-,-,-,直×,守×,1体選択,キョダイマックスした『サダイジャ』専用、『じめん』タイプの攻撃技のキョダイマックス技。相手全体を『すなじごく』(バインド)状態にする(4～5ターンの間、毎ターン終了後最大HPの1/8のダメージを与え、その間『ゴースト』タイプではない相手は逃げたり交代できない)。自分の命中率、相手の回避率に関係なく必ず命中する。レイドでは相手の不思議なバリアのゲージを2つ減らす。
キョダイサイセイ,ノーマル,-,-,-,-,直×,守×,1体選択,キョダイマックスした『カビゴン』専用、『ノーマル』タイプの攻撃技のキョダイマックス技。自分と味方は、50%程度の確率でそれぞれがバトル中に使用した『きのみ』を手に入れる。自分の命中率、相手の回避率に関係なく必ず命中する。レイドでは相手の不思議なバリアのゲージを2つ減らす。
キョダイコワク,むし,-,-,-,-,直×,守×,1体選択,キョダイマックスした『バタフリー』専用、『むし』タイプの攻撃技のキョダイマックス技。相手全体を『まひ』『どく』『ねむり』状態のいずれかにする。選ばれた状態異常が無効の場合は効果がない(『でんき』タイプは『まひ』状態に、『どく』『はがね』タイプは『どく』状態にならない)。自分の命中率、相手の回避率に関係なく必ず命中する。レイドでは相手の不思議なバリアのゲージを2つ減らす。
キョダイコランダ,くさ,-,-,-,-,直×,守×,1体選択,キョダイマックスした『ゴリランダー』専用、『くさ』タイプの攻撃技のキョダイマックス技。もとの技によらず威力が160となり、また相手の特性の影響を受けずに攻撃できる。自分の命中率、相手の回避率に関係なく必ず命中する。レイドでは相手の不思議なバリアのゲージを2つ減らす。
キョダイコバン,ノーマル,-,-,-,-,直×,守×,1体選択,キョダイマックスした『ニャース』専用、『ノーマル』タイプの攻撃技のキョダイマックス技。相手全体を1～4ターンの間『こんらん』状態にする。また、戦闘終了後にお金が手に入り(通信対戦やレイドバトルを除く。トーナメントがオススメ)、自分のレベル×100円×使用回数(2回目は2倍、3回目は3倍)もらえるため、Lv.100で1度のバトルで3回使用すれば計6万円手に入る(『おまもりこばん』を持たせれば上限の99999円)。自分の命中率、相手の回避率に関係なく必ず命中する。レイドでは相手の不思議なバリアのゲージを2つ減らす。
キョダイゴクエン,ほのお,-,-,-,-,直×,守×,1体選択,キョダイマックスした『リザードン』専用、『ほのお』タイプの攻撃技のキョダイマックス技。4ターンの間、相手の場を『キョダイゴクエン』状態にして、相手全体の『ほのお』タイプ以外のポケモンに対して、毎ターン終了後最大HPの1/6のダメージを与える。自分の命中率、相手の回避率に関係なく必ず命中する。レイドでは相手の不思議なバリアのゲージを2つ減らす。
キョダイコウジン,はがね,-,-,-,-,直×,守×,1体選択,キョダイマックスした『ダイオウドウ』専用、『はがね』タイプの攻撃技のキョダイマックス技。相手の場を『キョダイコウジン』状態にする(『はがね』タイプの『ステルスロック』状態。相手はポケモンを交代する度に、出てきたポケモンは最大HPの1/8のダメージを受ける。『はがね』タイプのタイプ相性の影響を受け、例えば2倍弱点の場合は最大HPの1/4のダメージとなる)。自分の命中率、相手の回避率に関係なく必ず命中する。レイドでは相手の不思議なバリアのゲージを2つ減らす。
キョダイゲンスイ,ドラゴン,-,-,-,-,直×,守×,1体選択,キョダイマックスした『ジュラルドン』専用、『ドラゴン』タイプの攻撃技のキョダイマックス技。相手全体のそれぞれが最後に使用した技のPPを2ずつ減らす(レイドでは1)。自分の命中率、相手の回避率に関係なく必ず命中する。レイドでは相手の不思議なバリアのゲージを2つ減らす。
キョダイゲンエイ,ゴースト,-,-,-,-,直×,守×,1体選択,キョダイマックスした『ゲンガー』専用、『ゴースト』タイプの攻撃技のキョダイマックス技。相手全体は、逃げたり、交代できなくなる(『ゴースト』タイプを除く)。自分が場を離れると効果は消える。自分の命中率、相手の回避率に関係なく必ず命中する。レイドでは相手の不思議なバリアのゲージを2つ減らす。
キョダイカンロ,くさ,-,-,-,-,直×,守×,1体選択,キョダイマックスした『タルップル』専用、『くさ』タイプの攻撃技のキョダイマックス技。自分と味方の状態異常を回復する。自分の命中率、相手の回避率に関係なく必ず命中する。レイドでは相手の不思議なバリアのゲージを2つ減らす。
キョダイカンデン,でんき,-,-,-,-,直×,守×,1体選択,キョダイマックスした『ストリンダー』専用、『でんき』タイプの攻撃技のキョダイマックス技。相手全体を『まひ』『どく』状態のいずれかにする。選ばれた状態異常が無効の場合は効果がない(『でんき』タイプは『まひ』状態に、『どく』『はがね』タイプは『どく』状態にならない)。自分の命中率、相手の回避率に関係なく必ず命中する。レイドでは相手の不思議なバリアのゲージを2つ減らす。
キョダイガンジン,みず,-,-,-,-,直×,守×,1体選択,キョダイマックスした『カジリガメ』専用、『みず』タイプの攻撃技のキョダイマックス技。相手の場を『ステルスロック』状態にする(相手はポケモンを交代する度に、出てきたポケモンは最大HPの1/8のダメージを受ける。『いわ』タイプのタイプ相性の影響を受け、例えば4倍弱点の場合は最大HPの1/2のダメージとなる)。自分の命中率、相手の回避率に関係なく必ず命中する。レイドでは相手の不思議なバリアのゲージを2つ減らす。
キョダイカキュウ,ほのお,-,-,-,-,直×,守×,1体選択,キョダイマックスした『エースバーン』専用、『ほのお』タイプの攻撃技のキョダイマックス技。もとの技によらず威力が160となり、また相手の特性の影響を受けずに攻撃できる。自分の命中率、相手の回避率に関係なく必ず命中する。レイドでは相手の不思議なバリアのゲージを2つ減らす。
キョダイイチゲキ,あく,-,-,-,-,直×,守×,1体選択,キョダイマックスした『ウーラオス(いちげきのかた)』専用、『あく』タイプの攻撃技のキョダイマックス技。相手の『ダイウォール』『まもる』『みきり』『たたみがえし』『トーチカ』『ニードルガード』『ブロッキング』の効果を受けない。自分の命中率、相手の回避率に関係なく必ず命中する。レイドでは相手の不思議なバリアのゲージを2つ減らす。
きょじゅうだん,はがね,物理,100,100,5,直○,守○,1体選択,通常攻撃。(第8世代では相手がダイマックスしていると、ダメージが2倍になる)
きょじゅうざん,はがね,物理,100,100,5,直○,守○,1体選択,通常攻撃。(第8世代では相手がダイマックスしていると、ダメージが2倍になる)
きょけんとつげき,ドラゴン,物理,120,100,5,直○,守○,1体選択,次のターン、相手から自分への攻撃が必ず命中し、受けるダメージが2倍になる。
きゅうけつ,むし,物理,80,100,10,直○,守○,1体選択,相手に与えたダメージの半分だけ自分のHPが回復する。
ギフトパス,ノーマル,変化,-,-,15,直×,守×,1体選択,自分の持っている道具を相手に渡す。相手が道具を持っている時は失敗する。
キノコのほうし,くさ,変化,-,100,15,直×,守○,1体選択,相手を2～4ターン(実質1～3ターン)の間『ねむり』状態にする。『くさ』タイプや特性『ぼうじん』、道具『ぼうじんゴーグル』を持っているポケモンには無効。
きつけ,ノーマル,物理,70,100,10,直○,守○,1体選択,相手が『まひ』状態の時、ダメージが2倍になるが、『まひ』状態は治る。
きしかいせい,かくとう,物理,-,100,15,直○,守○,1体選択,自分の残りHPが少ないほど威力が高くなる。(威力は20～200)
ギガドレイン,くさ,特殊,75,100,10,直×,守○,1体選択,相手に与えたダメージの半分だけ自分のHPが回復する。
ギガインパクト,ノーマル,物理,150,90,5,直○,守○,1体選択,使用した次のターンは行動できない。
ギアチェンジ,はがね,変化,-,-,10,直×,守×,自分,自分の『すばやさ』ランクが2段階、『こうげき』ランクが1段階上がる。
ギアソーサー,はがね,物理,50,85,15,直○,守○,1体選択,1ターンに2回連続で攻撃する。
きあいパンチ,かくとう,物理,150,100,20,直○,守○,1体選択,必ず後攻になり(優先度:-3)、攻撃するまでに技を受けると失敗してしまう。特性『てつのこぶし』の時、威力が1.2倍になる。
きあいだめ,ノーマル,変化,-,-,30,直×,守×,自分,急所ランクが2段階上がる『きあいだめ』状態となり、今後自分の技が急所に当たりやすくなる。
きあいだま,かくとう,特殊,120,70,5,直×,守○,1体選択,10%の確率で相手の『とくぼう』ランクを1段階下げる。
がんせきほう,いわ,物理,150,90,5,直×,守○,1体選択,使用した次のターンは行動できない。
がんせきふうじ,いわ,物理,60,95,15,直×,守○,1体選択,100%の確率で相手の『すばやさ』ランクを1段階下げる。
がんせきアックス,いわ,物理,65,90,15,直○,守○,1体選択,攻撃後、相手の場を『ステルスロック』状態にする。
かわらわり,かくとう,物理,75,100,15,直○,守○,1体選択,相手の技『リフレクター』『オーロラベール』の効果を受けず、相手の技『リフレクター』『ひかりのかべ』『オーロラベール』を壊す。
ガリョウテンセイ,ひこう,物理,120,100,5,直○,守○,1体選択,100%の確率で自分の『ぼうぎょ』『とくぼう』ランクが1段階ずつ下がる。
からをやぶる,ノーマル,変化,-,-,15,直×,守×,自分,自分の『ぼうぎょ』『とくぼう』ランクが1段階ずつ下がり、『こうげき』『とくこう』『すばやさ』ランクが2段階ずつ上がる。
からみつく,ノーマル,物理,10,100,35,直○,守○,1体選択,10%の確率で相手の『すばやさ』ランクを1段階下げる。
からにこもる,みず,変化,-,-,40,直×,守×,自分,自分の『ぼうぎょ』ランクを1段階上げる。
からではさむ,みず,物理,35,85,15,直○,守○,1体選択,4～5ターンの間、毎ターン終了後最大HPの1/8のダメージを与え、その間『ゴースト』タイプではない相手は逃げたり交代できない。
からてチョップ,かくとう,物理,50,100,25,直○,守○,1体選択,急所に当たりやすい(急所ランク:+1)。
からげんき,ノーマル,物理,70,100,20,直○,守○,1体選択,自分が『どく』『まひ』『やけど』状態の時、威力が2倍になる。『やけど』による『こうげき』の半減の影響を受けない。
がむしゃら,ノーマル,物理,-,100,5,直○,守○,1体選択,相手の残りHPから自分の残りHPを引いた分のダメージを与える。『ゴースト』タイプには無効だが、それ以外のタイプ相性の影響を受けない。
かみなりパンチ,でんき,物理,75,100,15,直○,守○,1体選択,10%の確率で相手を『まひ』状態にする。特性『てつのこぶし』の時、威力が1.2倍になる。
かみなりのキバ,でんき,物理,65,95,15,直○,守○,1体選択,10%の確率で相手を『まひ』状態にするか、ひるませる。
かみなりあらし,でんき,特殊,100,80,10,直×,守○,相手全体,20%の確率で相手を『まひ』状態にする。天気が『あめ』の時は必ず命中する。
かみなり,でんき,特殊,110,70,10,直×,守○,1体選択,30%の確率で相手を『まひ』状態にする。天気が『あめ』の時は必ず命中し、『にほんばれ』の時は命中率が50%になる。相手が技『そらをとぶ』『とびはねる』『フリーフォール』を使っている時でも命中する。
かみつく,あく,物理,60,100,25,直○,守○,1体選択,30%の確率で相手をひるませる。
かみくだく,あく,物理,80,100,15,直○,守○,1体選択,20%の確率で相手の『ぼうぎょ』ランクを1段階下げる。
がまん,ノーマル,物理,-,-,10,直○,守○,自分,必ず先制できる(優先度:+1)。今後2ターンの間に受けたダメージの2倍を相手に与える。その間、全く行動できなくなる。『ゴースト』タイプには無効だが、それ以外のタイプ相性の影響を受けない。
かまいたち,ノーマル,特殊,80,100,10,直×,守○,相手全体,1ターン目は攻撃せずに、2ターン目で攻撃する。急所に当たりやすい(急所ランク:+1)。
かふんだんご,むし,特殊,90,100,15,直×,守○,1体選択,味方に使った場合、ダメージではなく味方のHPを最大HPの1/2回復する。
かなしばり,ノーマル,変化,-,100,20,直×,守○,1体選択,相手が最後に使った技を4ターンの間使えなくする。
カタストロフィ,あく,特殊,-,90,10,直×,守○,1体選択,相手のHPを残りHPの半分にする。タイプ相性の影響を受けない。
かたくなる,ノーマル,変化,-,-,30,直×,守×,自分,自分の『ぼうぎょ』ランクを1段階上げる。
かたきうち,ノーマル,物理,70,100,5,直○,守○,1体選択,前のターンに味方のポケモンが倒されていると威力が2倍になる。
かぜおこし,ひこう,特殊,40,100,35,直×,守○,1体選択,相手が技『そらをとぶ』『とびはねる』『フリーフォール』を使っている時でも命中し、ダメージが2倍になる。
かげぶんしん,ノーマル,変化,-,-,15,直×,守×,自分,自分の回避率を1段階上げる。
かげぬい,ゴースト,物理,80,100,10,直×,守○,1体選択,『ゴースト』タイプではない相手は逃げたり、交代できなくなる。自分が場を離れると効果は消える。
かげうち,ゴースト,物理,40,100,30,直○,守○,1体選択,必ず先制できる(優先度:+1)。
かくばる,ノーマル,変化,-,-,30,直×,守×,自分,自分の『こうげき』ランクを1段階上げる。
かぎわける,ノーマル,変化,-,-,40,直×,守○,1体選択,使用後、相手の回避率に関係なく攻撃が当たる。相手が『ゴースト』タイプの時、『ノーマル』『かくとう』タイプの技が当たるようになる。
かかとおとし,かくとう,物理,120,90,10,直○,守○,1体選択,30%の確率で相手を1～4ターンの間『こんらん』状態にする。攻撃が外れたり、相手の技『まもる』などで失敗すると、自分の最大HPの半分のダメージを自分が受ける。
かえんボール,ほのお,物理,120,90,5,直×,守○,1体選択,10%の確率で相手を『やけど』状態にする。自分が『こおり』状態の時でも使う事ができ、使うと『こおり』状態が治る。
かえんほうしゃ,ほのお,特殊,90,100,15,直×,守○,1体選択,10%の確率で相手を『やけど』状態にする。
かえんだん,ほのお,特殊,100,100,5,直×,守○,自分以外,30%の確率で相手を『やけど』状態にする。
かえんぐるま,ほのお,物理,60,100,25,直○,守○,1体選択,10%の確率で相手を『やけど』状態にする。自分が『こおり』状態の時でも使う事ができ、使うと『こおり』状態が治る。
カウンター,かくとう,物理,-,100,20,直○,守○,不定,相手の物理攻撃のダメージの2倍をその相手に与える。『ダブルバトル』の時は最後に受けた技のみ有効になる。必ず後攻になる(優先度:-5)。『ゴースト』タイプには無効だが、それ以外のタイプ相性の影響を受けない。
かいりき,ノーマル,物理,80,100,15,直○,守○,1体選択,通常攻撃。
かいふくふうじ,エスパー,変化,-,100,15,直×,守○,相手全体,5ターンの間、相手は回復系の技『あさのひざし』『いやしのねがい』『いやしのはどう』『ウッドホーン』『かいふくしれい』『ギガドレイン』『きゅうけつ』『こうごうせい』『じこさいせい』『じょうか』『すいとる』『すなあつめ』『タマゴうみ』『ちからをすいとる』『つきのひかり』『デスウイング』『ドレインキッス』『ドレインパンチ』『なまける』『ねがいごと』『ねむる』『のみこむ』『はねやすめ』『パラボラチャージ』『フラワーヒール』『みかづきのまい』『ミルクのみ』『メガドレイン』『ゆめくい』『いのちのしずく』『ジャングルヒール』『みかづきのいのり』が使えなくなり、また特性や道具、場の状態などでHPが回復しなくなる。
かいふくしれい,むし,変化,-,-,10,直×,守×,自分,HPが最大HPの半分回復する。
かいでんぱ,でんき,変化,-,100,15,直×,守○,1体選択,相手の『とくこう』ランクを2段階下げる。
ガードスワップ,エスパー,変化,-,-,10,直×,守○,1体選択,自分と相手の『ぼうぎょ』『とくぼう』ランクを入れ替える。
ガードシェア,エスパー,変化,-,-,10,直×,守○,1体選択,自分と相手の『ぼうぎょ』と『とくぼう』を足して半分に分ける。
ガーディアン・デ・アローラ,フェアリー,特殊,-,-,1,直×,守×,1体選択,『カプ・コケコ』『カプ・テテフ』『カプ・ブルル』『カプ・レヒレ』の専用Z技。相手の残りHPの3/4のダメージを与える。自分の命中率、相手の回避率に関係なく必ず命中する。
おんねん,ゴースト,変化,-,-,5,直×,守×,自分,相手の技のダメージで『ひんし』状態になった場合、その技のPPを0にする。
おんがえし,ノーマル,物理,-,100,20,直○,守○,1体選択,ポケモンがなついているほど威力が高くなる。最大102。
オリジンズスーパーノヴァ,エスパー,特殊,185,-,1,直×,守×,1体選択,『ミュウ』の専用Z技。攻撃後、5ターンの間、場の状態を『サイコフィールド』にする。自分の命中率、相手の回避率に関係なく必ず命中する。
おまじない,ノーマル,変化,-,-,30,直×,守×,味方の場,5ターンの間、相手の攻撃が急所に当たらなくなる。
おはかまいり,ゴースト,物理,50,100,10,直×,守○,1体選択,これまでに『ひんし』状態になった味方のポケモン1体につき、威力が50上がる。
おにび,ほのお,変化,-,85,15,直×,守○,1体選択,相手を『やけど』状態にする。『ほのお』タイプには無効。
おどろかす,ゴースト,物理,30,100,15,直○,守○,1体選択,30%の確率で相手をひるませる。
おちゃかい,ノーマル,変化,-,-,10,直×,守×,全体,場にいるすべてのポケモンが、それぞれが持っている『きのみ』を即座に使って効果を発動させる。
おだてる,あく,変化,-,100,15,直×,守○,1体選択,相手を1～4ターンの間『こんらん』状態にするが、相手の『とくこう』ランクを1段階上げてしまう。
おたけび,ノーマル,変化,-,100,30,直×,守○,1体選択,相手の『こうげき』『とくこう』ランクを1段階ずつ下げる。音系の技。相手の『みがわり』状態を貫通する。
おしゃべり,ひこう,特殊,65,100,20,直×,守○,1体選択,『ペラップ』が使うと、100%の確率で相手を『こんらん』状態にする。音系の技。相手の『みがわり』状態を貫通する。
おしおき,あく,物理,-,100,5,直○,守○,1体選択,威力は60を基本として、相手のいずれかの能力ランクが1つ上がる度に20上がる。(最大200)
おさきにどうぞ,ノーマル,変化,-,-,15,直×,守×,1体選択,相手は『すばやさ』に関係なく、この技を受けた直後に行動できるようになる。ダブルバトル用。
オクタンほう,みず,特殊,65,85,10,直×,守○,1体選択,50%の確率で相手の命中率を1段階下げる。
おきみやげ,あく,変化,-,100,10,直×,守○,1体選択,自分が『ひんし』になる代わりに、相手の『こうげき』『とくこう』ランクを2段階ずつ下げる。
おかたづけ,ノーマル,変化,-,-,10,直×,守×,自分,お互いの『みがわり』状態、両方の場の『まきびし』『ステルスロック』『ねばねばネット』『どくびし』の効果を解除する。また、自分の『こうげき』と『すばやさ』ランクが1段階ずつ上がる。
オーロラベール,こおり,変化,-,-,20,直×,守×,味方の場,天気が『ゆき』状態の時のみ使用でき、5ターンの間、自分と味方が受ける相手の物理攻撃と特殊攻撃のダメージを半分にする。味方が複数の場合は半分ではなく2/3になる。急所に当たった場合は軽減されない。交代しても効果は続く。
オーロラビーム,こおり,特殊,65,100,20,直×,守○,1体選択,10%の確率で相手の『こうげき』ランクを1段階下げる。
オーラぐるま,でんき,物理,110,100,10,直×,守○,1体選択,100%の確率で自分の『すばやさ』ランクが1段階上がる。自分の『モルペコ』のフォルムが『まんぷくもよう』の時は『でんき』タイプ、『はらぺこもよう』の時は『あく』タイプの技になる。
オーラウイング,エスパー,特殊,80,100,10,直×,守○,1体選択,急所に当たりやすい(急所ランク:+1)。攻撃後、100%の確率で自分の『すばやさ』ランクが1段階上がる。
オーバーヒート,ほのお,特殊,130,90,5,直×,守○,1体選択,攻撃後、100%の確率で自分の『とくこう』ランクが2段階下がる。
オーバードライブ,でんき,特殊,80,100,10,直×,守○,相手全体,音系の技。相手の『みがわり』状態を貫通する。
オウムがえし,ひこう,変化,-,-,20,直×,守×,1体選択,相手が最後に使った技で、相手を攻撃する。技の対象が「1体選択」の場合は技を使用したポケモン(味方を含める)を攻撃し、それ以外の場合は、自分がその技を使用した場合に本来取りうる対象に攻撃する(「相手全体」「自分以外」など)。ただし、技の対象が「自分」や「場」の場合などは失敗する。相手の技がZワザの場合は失敗する。
おうふくビンタ,ノーマル,物理,15,85,10,直○,守○,1体選択,1ターンに2～5回連続で攻撃する。
おいわい,ノーマル,変化,-,-,40,直×,守×,自分,効果なし。
おいかぜ,ひこう,変化,-,-,15,直×,守×,味方の場,4ターンの間、自分と味方の『すばやさ』が2倍になる。
おいうち,あく,物理,40,100,20,直○,守○,1体選択,相手がポケモンを交代する時に攻撃すると、交代前のポケモンに2倍のダメージを与える。
えんまく,ノーマル,変化,-,100,20,直×,守○,1体選択,相手の命中率を1段階下げる。
エレキボール,でんき,特殊,-,100,10,直×,守○,1体選択,相手より『すばやさ』が高いほど威力が高くなる。1倍未満は40、2倍未満は60、3倍未満は80、4倍未満は120、それ以上は150。
エレキフィールド,でんき,変化,-,-,10,直×,守×,全体の場,5ターンの間、場の状態を『エレキフィールド』にする。『ひこう』タイプや特性『ふゆう』などではない地面にいるすべてのポケモンは、『ねむり』『あくび』(ねむけ)状態にならず、また『でんき』タイプの技の威力が1.3倍になる(第7世代までは1.5倍)。すでに『ねむり』状態の場合は回復しない。道具『エレキシード』を持ったポケモンは『ぼうぎょ』ランクが1段階上がる。
エレキネット,でんき,特殊,55,95,15,直×,守○,相手全体,100%の確率で相手の『すばやさ』ランクを1段階下げる。
エラがみ,みず,物理,85,100,10,直○,守○,1体選択,相手より先に攻撃できると技の威力が2倍になる。
エナジーボール,くさ,特殊,90,100,10,直×,守○,1体選択,10%の確率で相手の『とくぼう』ランクを1段階下げる。
えだづき,くさ,物理,40,100,40,直○,守○,1体選択,通常攻撃。
エコーボイス,ノーマル,特殊,40,100,15,直×,守○,1体選択,毎ターン、誰かが技『エコーボイス』を使う度に威力が高くなっていく。音系の技。相手の『みがわり』状態を貫通する。
エアロブラスト,ひこう,特殊,100,95,5,直×,守○,1体選択,急所に当たりやすい(急所ランク:+1)。
エアスラッシュ,ひこう,特殊,75,95,15,直×,守○,1体選択,30%の確率で相手をひるませる。
エアカッター,ひこう,特殊,60,95,25,直×,守○,相手全体,急所に当たりやすい(急所ランク:+1)。
ウルトラダッシュアタック,ノーマル,特殊,-,-,1,直×,守×,1体選択,『ノーマル』タイプのZ技。威力や分類は元の技で変化する。自分の命中率、相手の回避率に関係なく必ず命中する。
うらみつらみ,ゴースト,特殊,75,100,10,直×,守○,1体選択,100%の確率で相手の『こうげき』ランクを1段階下げる。
うらみ,ゴースト,変化,-,100,10,直×,守○,1体選択,相手の最後に使った技のPPを4減らす。
うっぷんばらし,あく,物理,75,100,5,直○,守○,1体選択,そのターンの間に自分の能力ランクを下げられていると、威力が2倍になる(通常は後攻で攻撃する必要があるが、場に出た時に能力ランクを下げられた場合も対象となる)。
ウッドホーン,くさ,物理,75,100,10,直○,守○,1体選択,相手に与えたダメージの半分だけ自分のHPが回復する。
ウッドハンマー,くさ,物理,120,100,15,直○,守○,1体選択,相手に与えたダメージの33%を自分も受ける。
うつしえ,ノーマル,変化,-,100,10,直×,守×,不定,自分と味方を相手と同じ特性にする。
うちおとす,いわ,物理,50,100,15,直×,守○,1体選択,特性『ふゆう』や、『ひこう』タイプのポケモンに『じめん』タイプの技が当たるようになる。また、技『そらをとぶ』『とびはねる』『でんじふゆう』『テレキネシス』の効果が解除され、『でんじふゆう』『テレキネシス』は使用できなくなる。『フリーフォール』状態の相手にも命中する。
うたかたのアリア,みず,特殊,90,100,10,直×,守○,自分以外,相手の『やけど』状態を治す。音系の技。相手の『みがわり』状態を貫通する。
うたう,ノーマル,変化,-,55,15,直×,守○,1体選択,相手を2～4ターン(実質1～3ターン)の間『ねむり』状態にする。音系の技。相手の『みがわり』状態を貫通する。
うそなき,あく,変化,-,100,20,直×,守○,1体選択,相手の『とくぼう』ランクを2段階下げる。
うずしお,みず,特殊,35,85,15,直×,守○,1体選択,4～5ターンの間、毎ターン終了後最大HPの1/8のダメージを与え、その間『ゴースト』タイプではない相手は逃げたり交代できない。相手が『ダイビング』を使っている時でも命中し、ダメージが2倍になる。
ウェザーボール,ノーマル,特殊,50,100,10,直×,守○,1体選択,天気が『にほんばれ』の時は『ほのお』タイプ、『あめ』の時は『みず』タイプ、『ゆき』の時は『こおり』タイプ、『すなあらし』の時は『いわ』タイプになり、威力が2倍になる。ダイマックス技や第7世代のZワザもタイプが変わる。
ウェーブタックル,みず,物理,120,100,10,直○,守○,1体選択,相手に与えたダメージの33%を自分も受ける。
インファイト,かくとう,物理,120,100,5,直○,守○,1体選択,攻撃後、自分の『ぼうぎょ』『とくぼう』ランクが1段階ずつ下がる。
いわなだれ,いわ,物理,75,90,10,直×,守○,相手全体,30%の確率で相手をひるませる。
いわくだき,かくとう,物理,40,100,15,直○,守○,1体選択,50%の確率で相手の『ぼうぎょ』ランクを1段階下げる。
いわおとし,いわ,物理,50,90,15,直×,守○,1体選択,通常攻撃。
いやなおと,ノーマル,変化,-,85,40,直×,守○,1体選択,相手の『ぼうぎょ』ランクを2段階下げる。音系の技。相手の『みがわり』状態を貫通する。
いやしのはどう,エスパー,変化,-,-,10,直×,守○,1体選択,相手は最大HPの1/2回復する。(ダブルバトルで味方に使うと良い)
いやしのねがい,エスパー,変化,-,-,10,直×,守×,自分,自分が『ひんし』になる代わりに、次に出す自分のポケモンの状態異常とHPが全回復する。
いやしのすず,ノーマル,変化,-,-,5,直×,守×,味方全体,自分と味方全体のポケモンの状態異常を治す。音系の技。味方が『みがわり』状態でも効果が発生する。この技は『ダイウォール』の効果も受けない。
いびき,ノーマル,特殊,50,100,15,直×,守○,1体選択,自分が『ねむり』状態の時のみ使用可能。30%の確率で相手をひるませる。音系の技。相手の『みがわり』状態を貫通する。
いばる,ノーマル,変化,-,85,15,直×,守○,1体選択,相手を1～4ターンの間『こんらん』状態にするが、相手の『こうげき』ランクを2段階上げてしまう。
いのちのしずく,みず,変化,-,-,10,直×,守×,味方全体,自分と味方全体のHPをそれぞれ最大HPの1/4ずつ回復する。特性『ちょすい』『よびみず』の味方は特性が発動するため、この技の効果は無効。この技は『ダイウォール』の効果も受けない。
いのちがけ,かくとう,特殊,-,100,5,直×,守○,1体選択,自分のHPを0にし、その分のダメージを相手に与える。『ゴースト』タイプには無効だが、それ以外のタイプ相性の影響を受けない。
いにしえのうた,ノーマル,特殊,75,100,10,直×,守○,相手全体,それぞれ10%の確率で相手を2～4ターン(実質1～3ターン)の間『ねむり』状態にする。音系の技。相手の『みがわり』状態を貫通する。
イナズマドライブ,でんき,特殊,100,100,5,直○,守○,1体選択,相手の弱点をつくと、ダメージが4/3倍(1.33倍)になる。
いとをはく,むし,変化,-,95,40,直×,守○,相手全体,相手の『すばやさ』ランクを2段階下げる。
いてつくしせん,エスパー,特殊,90,100,10,直×,守○,1体選択,10%の確率で相手を『こおり』状態にする。
いっちょうあがり,ドラゴン,物理,80,100,10,直×,守○,1体選択,ダブルバトルでは口の中にいる味方のシャリタツの姿によって能力のランクが上がる。『シャリタツ(そった)』の時は『こうげき』ランク、『シャリタツ(たれた)』の時は『ぼうぎょ』ランク、『シャリタツ(のびた)』の時は『すばやさ』ランクが1段階上がる(v1.2.0より前のバージョンでは、技が外れても発動する)。
いちゃもん,あく,変化,-,100,15,直×,守○,1体選択,使用後、相手は同じ技を連続で出せなくなる。ダイマックスしている相手には無効。
いたみわけ,ノーマル,変化,-,-,20,直×,守○,1体選択,自分と相手のHPを2匹の残りHPの平均値にする(足して2で割る)。ダイマックス時は、もとのHPで平均値を計算して、もとのHPと平均値との差分値を現在のダイマックス時のHPから増減する。
いじげんラッシュ,あく,物理,100,-,5,直×,守×,1体選択,相手の『まもる』『みきり』『たたみがえし』『トーチカ』『キングシールド』『ニードルガード』『ブロッキング』『スレッドトラップ』の効果を受けない(『ダイウォール』を除く)。相手の『みがわり』状態を貫通する。攻撃後、自分の『ぼうぎょ』ランクが1段階下がる。なお、『ときはなたれしフーパ』以外のポケモンが使用した場合、失敗する。
いじげんホール,エスパー,特殊,80,-,5,直×,守×,1体選択,相手の『まもる』『みきり』『たたみがえし』『トーチカ』『キングシールド』『ニードルガード』『ブロッキング』『スレッドトラップ』の効果を受けない(『ダイウォール』を除く)。相手の『みがわり』状態を貫通する。
いきいきバブル,みず,特殊,60,100,20,直×,守○,1体選択,相手に与えたダメージの半分だけ自分のHPが回復する。
いかりのまえば,ノーマル,物理,-,90,10,直○,守○,1体選択,相手のHPを残りHPの半分にする。『ゴースト』タイプには無効だが、それ以外のタイプ相性の影響を受けない。
いかりのこな,むし,変化,-,-,20,直×,守×,自分,必ず先制できる(優先度:+2)。そのターンの相手の技をすべて自分が受ける。ただし、全体技には効果がない。『くさ』タイプや特性『ぼうじん』、道具『ぼうじんゴーグル』を持っているポケモンには無効。ダブルバトル用。
いかり,ノーマル,物理,20,100,20,直○,守○,1体選択,自分を『いかり』状態にする。『いかり』状態の間、相手の技のダメージを受ける度に『こうげき』ランクが1段階上がる。別の技を使うと『いかり』状態が解除される(変化したランクはそのまま)。
イカサマ,あく,物理,95,100,15,直○,守○,1体選択,自分の『こうげき』ではなく、相手の『こうげき』の能力値でダメージ計算する。
いえき,どく,変化,-,100,10,直×,守○,1体選択,相手の特性を無効にする。ただし、『バトルスイッチ』『ばけのかわ』などフォルムに関わる特性や、一部の固有の特性などには効かない。
いあいぎり,ノーマル,物理,50,95,30,直○,守○,1体選択,通常攻撃。
あんこくきょうだ,あく,物理,75,100,5,直○,守○,1体選択,必ず急所に当たる。特性『てつのこぶし』の時、威力が1.2倍になる。
アンコール,ノーマル,変化,-,100,5,直×,守○,1体選択,3ターンの間、相手は最後に使用した技しか使えなくなる。ただし、PPが0になると解除される。ダイマックスしているポケモンには無効。なお、ダイマックス技や第7世代のZワザは影響を受けずに使うことができる。
アンカーショット,はがね,物理,80,100,20,直○,守○,1体選択,『ゴースト』タイプではない相手は逃げたり、交代できなくなる。自分が場を離れると効果は消える。
あわ,みず,特殊,40,100,30,直×,守○,相手全体,10%の確率で相手の『すばやさ』ランクを1段階下げる。
アロマミスト,フェアリー,変化,-,-,20,直×,守×,味方1体,味方1体の『とくぼう』を1段階上げる(ダブルバトル用)。この技は『ダイウォール』の効果も受けない。
アロマセラピー,くさ,変化,-,-,5,直×,守×,味方全体,自分と味方全体のポケモンの状態異常を治す。この技は『ダイウォール』の効果も受けない。
アルティメットドラゴンバーン,ドラゴン,特殊,-,-,1,直×,守×,1体選択,『ドラゴン』タイプのZ技。威力や分類は元の技で変化する。自分の命中率、相手の回避率に関係なく必ず命中する。
あられ,こおり,変化,-,-,10,直×,守×,全体の場,5ターンの間、天気を『あられ』にする。『こおり』タイプではないポケモンは、毎ターン最大HPの1/16のダメージを受ける。
あやしいひかり,ゴースト,変化,-,100,10,直×,守○,1体選択,相手を1～4ターンの間『こんらん』状態にする。
あやしいかぜ,ゴースト,特殊,60,100,5,直×,守○,1体選択,10%の確率で自分の『こうげき』『ぼうぎょ』『とくこう』『とくぼう』『すばやさ』ランクが1段階ずつ上がる。
あまごい,みず,変化,-,-,5,直×,守×,全体の場,5ターンの間、天気を『あめ』にする。『みず』タイプの技のダメージが1.5倍になり、『ほのお』タイプの技のダメージが半減する。
あまえる,フェアリー,変化,-,100,20,直×,守○,1体選択,相手の『こうげき』ランクを2段階下げる。
あまいかおり,ノーマル,変化,-,100,20,直×,守○,相手全体,相手の回避率を2段階下げる。
アフロブレイク,ノーマル,物理,120,100,15,直○,守○,1体選択,相手に与えたダメージの1/4を自分も受ける。
あばれる,ノーマル,物理,120,100,10,直○,守○,ランダム1体,2～3ターン連続で攻撃し、その後自分は1～4ターンの間『こんらん』状態になる。
あなをほる,じめん,物理,80,100,10,直○,守○,1体選択,1ターン目に地中に潜り、2ターン目に攻撃する。地中にいる間は『じしん』『マグニチュード』以外の技を受けない。
あてみなげ,かくとう,物理,70,-,10,直○,守○,1体選択,必ず後攻になるが(優先度:-1)、自分の命中率、相手の回避率に関係なく必ず命中する。
アストラルビット,ゴースト,特殊,120,100,5,直×,守○,相手全体,通常攻撃。
アシッドボム,どく,特殊,40,100,20,直×,守○,1体選択,100%の確率で相手の『とくぼう』ランクを2段階下げる。
アシッドポイズンデリート,どく,特殊,-,-,1,直×,守×,1体選択,『どく』タイプのZ技。威力や分類は元の技で変化する。自分の命中率、相手の回避率に関係なく必ず命中する。
アシストパワー,エスパー,特殊,20,100,10,直×,守○,1体選択,自分のいずれかの能力ランクが1つ上がる度に威力が20上がる。
アシストギア,はがね,変化,-,-,20,直×,守×,味方全体,自分と味方全体の特性『プラス』『マイナス』のポケモンの『こうげき』『とくこう』を1段階ずつ上げる。なお、『ダイウォール』は貫通しない。
あさのひざし,ノーマル,変化,-,-,5,直×,守×,自分,HPが、天気が通常の時は最大HPの1/2、『にほんばれ』の時は最大HPの2/3、『あめ』『ゆき』『すなあらし』の時は最大HPの1/4回復する。
アクロバット,ひこう,物理,55,100,15,直○,守○,1体選択,自分が道具を持っていない時、威力が2倍になる。
あくむ,ゴースト,変化,-,100,15,直×,守○,1体選択,相手が『ねむり』状態の時、『あくむ』状態にする。『あくむ』状態になると、毎ターン、HPが最大HPの1/4ずつ減る。ただし『ねむり』状態から覚めると『あくむ』状態も解かれる。
あくまのキッス,ノーマル,変化,-,75,10,直×,守○,1体選択,相手を2～4ターン(実質1～3ターン)の間『ねむり』状態にする。
あくび,ノーマル,変化,-,-,10,直×,守○,1体選択,次のターン終了時に相手を2～4ターン(実質1～3ターン)の間『ねむり』状態にする。ただし、そのポケモンが交代されると効果は消える。
あくのはどう,あく,特殊,80,100,15,直×,守○,1体選択,20%の確率で相手をひるませる。
アクセルロック,いわ,物理,40,100,20,直○,守○,1体選択,必ず先制できる(優先度:+1)。
アクセルブレイク,かくとう,物理,100,100,5,直○,守○,1体選択,相手の弱点をつくと、ダメージが4/3倍(1.33倍)になる。
あくうせつだん,ドラゴン,特殊,100,95,5,直×,守○,1体選択,急所に当たりやすい(急所ランク:+1)。
アクアリング,みず,変化,-,-,20,直×,守×,自分,使用後、毎ターン、HPが最大HPの1/16ずつ回復する。
アクアブレイク,みず,物理,85,100,10,直○,守○,1体選択,20%の確率で、相手の『ぼうぎょ』ランクを1段階下げる。
アクアテール,みず,物理,90,90,10,直○,守○,1体選択,通常攻撃。
アクアステップ,みず,物理,80,100,10,直○,守○,1体選択,100%の確率で自分の『すばやさ』ランクが1段階上がる。
アクアジェット,みず,物理,40,100,20,直○,守○,1体選択,必ず先制できる(優先度:+1)。
アクアカッター,みず,物理,70,100,20,直×,守○,1体選択,急所に当たりやすい(急所ランク:+1)。
あおいほのお,ほのお,特殊,130,85,5,直×,守○,1体選択,20%の確率で相手を『やけど』状態にする。
アイスボール,こおり,物理,30,90,20,直○,守○,1体選択,外れるまで5ターン連続で攻撃し、攻撃が当たる度にダメージが倍増する。事前に技『まるくなる』を使っているとダメージが2倍になる。
アイスハンマー,こおり,物理,100,90,10,直○,守○,1体選択,攻撃後、自分の『すばやさ』ランクが1段階下がる。特性『てつのこぶし』の時、威力が1.2倍になる。
アイススピナー,こおり,物理,80,100,15,直○,守○,1体選択,場の状態『グラスフィールド』『ミストフィールド』『エレキフィールド』『サイコフィールド』を解除し、元に戻す。
アイアンローラー,はがね,物理,130,100,5,直○,守○,1体選択,場の状態『グラスフィールド』『ミストフィールド』『エレキフィールド』『サイコフィールド』を解除し、元に戻す。いずれの状態でもない時は技が失敗する。
アイアンヘッド,はがね,物理,80,100,15,直○,守○,1体選択,30%の確率で相手をひるませる。
アイアンテール,はがね,物理,100,75,15,直○,守○,1体選択,30%の確率で相手の『ぼうぎょ』ランクを1段階下げる。
アームハンマー,かくとう,物理,100,90,10,直○,守○,1体選択,攻撃後、自分の『すばやさ』ランクが1段階下がる。特性『てつのこぶし』の時、威力が1.2倍になる。
アーマーキャノン,ほのお,特殊,120,100,5,直×,守○,1体選択,攻撃後、自分の『ぼうぎょ』『とくぼう』ランクが1段階ずつ下がる。
3ぼんのや,かくとう,物理,90,100,10,直×,守○,1体選択,急所に当たりやすい(急所ランク:+1)。50%の確率で、相手の『ぼうぎょ』ランクを1段階下げる。30%の確率で相手をひるませる。
1000まんボルト,でんき,特殊,195,-,1,直×,守×,1体選択,『サトシのピカチュウ』の専用Zワザ。急所に当たりやすい(急所ランク:+2)。
