pokemon,id,form,rank,terastype,raito
リザード,5,0,1,みず,100.0
リザードン,6,0,1,ほのお,45.2
リザードン,6,0,2,じめん,14.5
リザードン,6,0,3,ドラゴン,9.5
リザードン,6,0,4,くさ,6.7
リザードン,6,0,5,あく,6.6
リザードン,6,0,6,ひこう,5.6
リザードン,6,0,7,みず,2.7
リザードン,6,0,8,はがね,2.1
リザードン,6,0,9,でんき,1.8
リザードン,6,0,10,ゴースト,1.6
ピカチュウ,25,0,1,でんき,53.3
ピカチュウ,25,0,2,こおり,16.7
ピカチュウ,25,0,3,ひこう,13.4
ピカチュウ,25,0,4,みず,8.6
ピカチュウ,25,0,5,フェアリー,2.6
ピカチュウ,25,0,6,くさ,2.2
ピカチュウ,25,0,7,じめん,0.9
ピカチュウ,25,0,8,ゴースト,0.7
ピカチュウ,25,0,9,はがね,0.7
ピカチュウ,25,0,10,ドラゴン,0.4
ライチュウ,26,0,1,みず,32.4
ライチュウ,26,0,2,こおり,21.5
ライチュウ,26,0,3,ひこう,14.5
ライチュウ,26,0,4,でんき,10.0
ライチュウ,26,0,5,フェアリー,9.1
ライチュウ,26,0,6,ゴースト,5.2
ライチュウ,26,0,7,かくとう,3.3
ライチュウ,26,0,8,ノーマル,2.7
ライチュウ,26,0,9,じめん,0.6
ライチュウ,26,0,10,くさ,0.3
ライチュウ,26,1,1,でんき,31.2
ライチュウ,26,1,2,フェアリー,28.1
ライチュウ,26,1,3,こおり,19.7
ライチュウ,26,1,4,みず,15.8
ライチュウ,26,1,5,エスパー,2.2
ライチュウ,26,1,6,かくとう,1.2
ライチュウ,26,1,7,くさ,0.7
ライチュウ,26,1,8,ゴースト,0.7
ライチュウ,26,1,9,ひこう,0.5
プリン,39,0,1,はがね,100.0
プクリン,40,0,1,みず,23.1
プクリン,40,0,2,フェアリー,19.2
プクリン,40,0,3,はがね,14.4
プクリン,40,0,4,ノーマル,10.6
プクリン,40,0,5,ゴースト,10.6
プクリン,40,0,6,ほのお,9.6
プクリン,40,0,7,じめん,4.8
プクリン,40,0,8,あく,3.8
プクリン,40,0,9,くさ,2.9
プクリン,40,0,10,どく,1.0
コンパン,48,0,1,どく,100.0
モルフォン,49,0,1,むし,33.3
モルフォン,49,0,2,どく,21.6
モルフォン,49,0,3,あく,13.3
モルフォン,49,0,4,みず,9.5
モルフォン,49,0,5,ノーマル,7.6
モルフォン,49,0,6,いわ,3.4
モルフォン,49,0,7,でんき,2.7
モルフォン,49,0,8,ゴースト,2.7
モルフォン,49,0,9,じめん,1.9
モルフォン,49,0,10,くさ,1.1
ディグダ,50,0,1,ゴースト,100.0
ダグトリオ,51,0,1,じめん,29.3
ダグトリオ,51,0,2,ゴースト,20.0
ダグトリオ,51,0,3,ひこう,10.7
ダグトリオ,51,0,4,こおり,9.3
ダグトリオ,51,0,5,あく,8.0
ダグトリオ,51,0,6,かくとう,8.0
ダグトリオ,51,0,7,みず,6.7
ダグトリオ,51,0,8,いわ,2.7
ダグトリオ,51,0,9,ほのお,2.7
ダグトリオ,51,0,10,でんき,1.3
ダグトリオ,51,1,1,じめん,38.2
ダグトリオ,51,1,2,ひこう,32.4
ダグトリオ,51,1,3,かくとう,10.3
ダグトリオ,51,1,4,みず,8.8
ダグトリオ,51,1,5,はがね,7.4
ダグトリオ,51,1,6,ゴースト,2.9
ニャース,52,0,1,ノーマル,100.0
ペルシアン,53,0,1,ノーマル,73.9
ペルシアン,53,0,2,ゴースト,14.1
ペルシアン,53,0,3,フェアリー,5.4
ペルシアン,53,0,4,はがね,5.4
ペルシアン,53,0,5,あく,1.1
ペルシアン,53,1,1,どく,43.7
ペルシアン,53,1,2,あく,25.6
ペルシアン,53,1,3,フェアリー,19.4
ペルシアン,53,1,4,ゴースト,3.9
ペルシアン,53,1,5,むし,3.0
ペルシアン,53,1,6,はがね,1.5
ペルシアン,53,1,7,みず,1.3
ペルシアン,53,1,8,ひこう,0.9
ペルシアン,53,1,9,こおり,0.4
ペルシアン,53,1,10,くさ,0.4
コダック,54,0,1,みず,85.7
コダック,54,0,2,じめん,10.7
コダック,54,0,3,ほのお,3.6
ゴルダック,55,0,1,みず,67.9
ゴルダック,55,0,2,かくとう,9.3
ゴルダック,55,0,3,フェアリー,6.0
ゴルダック,55,0,4,くさ,3.7
ゴルダック,55,0,5,どく,2.8
ゴルダック,55,0,6,でんき,2.3
ゴルダック,55,0,7,こおり,2.3
ゴルダック,55,0,8,はがね,1.9
ゴルダック,55,0,9,ひこう,1.9
ゴルダック,55,0,10,ノーマル,1.4
オコリザル,57,0,1,みず,34.0
オコリザル,57,0,2,ゴースト,27.9
オコリザル,57,0,3,どく,11.9
オコリザル,57,0,4,はがね,8.8
オコリザル,57,0,5,くさ,5.2
オコリザル,57,0,6,かくとう,4.5
オコリザル,57,0,7,ひこう,1.9
オコリザル,57,0,8,ノーマル,1.4
オコリザル,57,0,9,フェアリー,1.0
オコリザル,57,0,10,でんき,0.7
ガーディ,58,0,1,くさ,100.0
ガーディ,58,1,1,いわ,100.0
ウインディ,59,0,1,ノーマル,44.7
ウインディ,59,0,2,くさ,24.7
ウインディ,59,0,3,みず,12.0
ウインディ,59,0,4,フェアリー,6.8
ウインディ,59,0,5,ほのお,2.7
ウインディ,59,0,6,かくとう,2.0
ウインディ,59,0,7,ひこう,1.7
ウインディ,59,0,8,でんき,1.2
ウインディ,59,0,9,ドラゴン,0.8
ウインディ,59,0,10,こおり,0.8
ウインディ,59,1,1,くさ,30.7
ウインディ,59,1,2,ノーマル,22.1
ウインディ,59,1,3,いわ,16.9
ウインディ,59,1,4,ほのお,15.4
ウインディ,59,1,5,みず,4.3
ウインディ,59,1,6,ひこう,3.4
ウインディ,59,1,7,でんき,2.8
ウインディ,59,1,8,フェアリー,1.4
ウインディ,59,1,9,むし,1.3
ウインディ,59,1,10,ドラゴン,0.6
ヤドン,79,0,1,フェアリー,28.6
ヤドン,79,0,2,むし,28.6
ヤドン,79,0,3,ほのお,28.6
ヤドン,79,0,4,ゴースト,7.1
ヤドン,79,0,5,あく,7.1
ヤドラン,80,0,1,フェアリー,40.0
ヤドラン,80,0,2,みず,16.4
ヤドラン,80,0,3,かくとう,9.7
ヤドラン,80,0,4,くさ,7.7
ヤドラン,80,0,5,エスパー,5.0
ヤドラン,80,0,6,はがね,3.7
ヤドラン,80,0,7,ノーマル,3.2
ヤドラン,80,0,8,でんき,2.8
ヤドラン,80,0,9,ドラゴン,2.5
ヤドラン,80,0,10,ほのお,2.2
ヤドラン,80,2,1,どく,31.3
ヤドラン,80,2,2,かくとう,17.2
ヤドラン,80,2,3,みず,10.6
ヤドラン,80,2,4,じめん,9.0
ヤドラン,80,2,5,あく,7.7
ヤドラン,80,2,6,フェアリー,5.9
ヤドラン,80,2,7,ひこう,5.0
ヤドラン,80,2,8,くさ,4.1
ヤドラン,80,2,9,ノーマル,3.8
ヤドラン,80,2,10,はがね,1.2
コイル,81,0,1,でんき,66.7
コイル,81,0,2,はがね,33.3
レアコイル,82,0,1,でんき,30.9
レアコイル,82,0,2,こおり,18.5
レアコイル,82,0,3,ひこう,13.7
レアコイル,82,0,4,みず,13.3
レアコイル,82,0,5,くさ,6.4
レアコイル,82,0,6,フェアリー,3.4
レアコイル,82,0,7,はがね,3.4
レアコイル,82,0,8,ほのお,3.0
レアコイル,82,0,9,かくとう,3.0
レアコイル,82,0,10,むし,1.3
ベトベター,88,0,1,ゴースト,91.7
ベトベター,88,0,2,ほのお,8.3
ベトベトン,89,0,1,ひこう,24.1
ベトベトン,89,0,2,ゴースト,18.1
ベトベトン,89,0,3,かくとう,13.0
ベトベトン,89,0,4,あく,10.3
ベトベトン,89,0,5,どく,9.7
ベトベトン,89,0,6,じめん,7.0
ベトベトン,89,0,7,みず,4.0
ベトベトン,89,0,8,ほのお,3.6
ベトベトン,89,0,9,こおり,2.7
ベトベトン,89,0,10,くさ,1.8
ベトベトン,89,1,1,ひこう,31.2
ベトベトン,89,1,2,どく,19.5
ベトベトン,89,1,3,あく,13.0
ベトベトン,89,1,4,かくとう,12.4
ベトベトン,89,1,5,くさ,10.3
ベトベトン,89,1,6,みず,4.5
ベトベトン,89,1,7,むし,2.6
ベトベトン,89,1,8,こおり,1.8
ベトベトン,89,1,9,ゴースト,1.7
ベトベトン,89,1,10,フェアリー,1.0
シェルダー,90,0,1,フェアリー,100.0
パルシェン,91,0,1,ゴースト,36.9
パルシェン,91,0,2,こおり,15.7
パルシェン,91,0,3,じめん,10.2
パルシェン,91,0,4,でんき,9.5
パルシェン,91,0,5,みず,8.7
パルシェン,91,0,6,ほのお,4.6
パルシェン,91,0,7,くさ,4.1
パルシェン,91,0,8,フェアリー,3.8
パルシェン,91,0,9,どく,1.8
パルシェン,91,0,10,いわ,1.1
ゴース,92,0,1,ゴースト,100.0
ゴースト,93,0,1,ゴースト,35.1
ゴースト,93,0,2,ノーマル,16.9
ゴースト,93,0,3,フェアリー,15.6
ゴースト,93,0,4,あく,14.3
ゴースト,93,0,5,どく,10.4
ゴースト,93,0,6,こおり,3.9
ゴースト,93,0,7,かくとう,1.3
ゴースト,93,0,8,でんき,1.3
ゴースト,93,0,9,はがね,1.3
ゲンガー,94,0,1,ゴースト,27.1
ゲンガー,94,0,2,ノーマル,26.1
ゲンガー,94,0,3,フェアリー,10.3
ゲンガー,94,0,4,かくとう,5.4
ゲンガー,94,0,5,くさ,5.1
ゲンガー,94,0,6,ひこう,5.0
ゲンガー,94,0,7,どく,4.2
ゲンガー,94,0,8,あく,4.1
ゲンガー,94,0,9,こおり,3.5
ゲンガー,94,0,10,じめん,2.2
スリープ,96,0,1,フェアリー,63.6
スリープ,96,0,2,ノーマル,36.4
スリーパー,97,0,1,フェアリー,53.2
スリーパー,97,0,2,ノーマル,12.8
スリーパー,97,0,3,はがね,10.6
スリーパー,97,0,4,エスパー,6.4
スリーパー,97,0,5,どく,6.4
スリーパー,97,0,6,みず,4.3
スリーパー,97,0,7,ゴースト,4.3
スリーパー,97,0,8,あく,2.1
マルマイン,101,0,1,こおり,67.2
マルマイン,101,0,2,でんき,22.1
マルマイン,101,0,3,フェアリー,4.6
マルマイン,101,0,4,くさ,1.5
マルマイン,101,0,5,ノーマル,1.5
マルマイン,101,0,6,みず,0.8
マルマイン,101,0,7,ひこう,0.8
マルマイン,101,0,8,エスパー,0.8
マルマイン,101,0,9,はがね,0.8
マルマイン,101,1,1,くさ,30.4
マルマイン,101,1,2,こおり,24.5
マルマイン,101,1,3,でんき,23.7
マルマイン,101,1,4,ほのお,6.4
マルマイン,101,1,5,ゴースト,4.1
マルマイン,101,1,6,みず,3.1
マルマイン,101,1,7,じめん,2.5
マルマイン,101,1,8,はがね,1.5
マルマイン,101,1,9,あく,1.3
マルマイン,101,1,10,いわ,1.2
ラッキー,113,0,1,あく,70.5
ラッキー,113,0,2,ゴースト,13.2
ラッキー,113,0,3,どく,5.5
ラッキー,113,0,4,フェアリー,3.6
ラッキー,113,0,5,みず,2.3
ラッキー,113,0,6,はがね,1.2
ラッキー,113,0,7,ほのお,1.1
ラッキー,113,0,8,ひこう,1.0
ラッキー,113,0,9,ドラゴン,0.5
ラッキー,113,0,10,じめん,0.3
ストライク,123,0,1,ノーマル,18.5
ストライク,123,0,2,みず,18.3
ストライク,123,0,3,かくとう,15.2
ストライク,123,0,4,ひこう,13.5
ストライク,123,0,5,じめん,7.9
ストライク,123,0,6,いわ,6.2
ストライク,123,0,7,こおり,5.8
ストライク,123,0,8,はがね,3.7
ストライク,123,0,9,フェアリー,2.2
ストライク,123,0,10,むし,2.0
ケンタロス,128,0,1,ノーマル,43.0
ケンタロス,128,0,2,ゴースト,23.3
ケンタロス,128,0,3,エスパー,8.8
ケンタロス,128,0,4,でんき,8.8
ケンタロス,128,0,5,フェアリー,8.8
ケンタロス,128,0,6,むし,2.1
ケンタロス,128,0,7,ドラゴン,1.6
ケンタロス,128,0,8,みず,1.0
ケンタロス,128,0,9,くさ,1.0
ケンタロス,128,0,10,じめん,1.0
ケンタロス,128,1,1,はがね,46.0
ケンタロス,128,1,2,でんき,24.0
ケンタロス,128,1,3,かくとう,20.0
ケンタロス,128,1,4,エスパー,4.0
ケンタロス,128,1,5,くさ,2.0
ケンタロス,128,1,6,いわ,2.0
ケンタロス,128,1,7,あく,2.0
ケンタロス,128,2,1,くさ,27.6
ケンタロス,128,2,2,ほのお,15.1
ケンタロス,128,2,3,こおり,13.7
ケンタロス,128,2,4,かくとう,9.1
ケンタロス,128,2,5,みず,8.4
ケンタロス,128,2,6,フェアリー,5.1
ケンタロス,128,2,7,ひこう,4.9
ケンタロス,128,2,8,はがね,4.6
ケンタロス,128,2,9,じめん,3.7
ケンタロス,128,2,10,ドラゴン,2.6
ケンタロス,128,3,1,みず,22.8
ケンタロス,128,3,2,フェアリー,17.4
ケンタロス,128,3,3,はがね,15.3
ケンタロス,128,3,4,こおり,7.4
ケンタロス,128,3,5,ゴースト,7.4
ケンタロス,128,3,6,じめん,5.7
ケンタロス,128,3,7,くさ,4.5
ケンタロス,128,3,8,でんき,4.0
ケンタロス,128,3,9,かくとう,4.0
ケンタロス,128,3,10,どく,3.4
コイキング,129,0,1,ノーマル,100.0
ギャラドス,130,0,1,じめん,29.0
ギャラドス,130,0,2,ひこう,24.4
ギャラドス,130,0,3,みず,12.8
ギャラドス,130,0,4,でんき,9.4
ギャラドス,130,0,5,はがね,8.4
ギャラドス,130,0,6,フェアリー,5.1
ギャラドス,130,0,7,ドラゴン,3.6
ギャラドス,130,0,8,くさ,2.7
ギャラドス,130,0,9,こおり,1.4
ギャラドス,130,0,10,いわ,0.7
メタモン,132,0,1,ノーマル,31.9
メタモン,132,0,2,ゴースト,12.3
メタモン,132,0,3,フェアリー,12.1
メタモン,132,0,4,はがね,8.3
メタモン,132,0,5,じめん,6.5
メタモン,132,0,6,でんき,5.6
メタモン,132,0,7,みず,5.6
メタモン,132,0,8,あく,5.0
メタモン,132,0,9,ひこう,3.1
メタモン,132,0,10,ほのお,2.6
イーブイ,133,0,1,ノーマル,81.3
イーブイ,133,0,2,あく,12.5
イーブイ,133,0,3,かくとう,6.3
シャワーズ,134,0,1,ほのお,28.4
シャワーズ,134,0,2,フェアリー,14.1
シャワーズ,134,0,3,じめん,13.2
シャワーズ,134,0,4,くさ,11.0
シャワーズ,134,0,5,ゴースト,7.6
シャワーズ,134,0,6,どく,6.4
シャワーズ,134,0,7,でんき,4.6
シャワーズ,134,0,8,ノーマル,4.4
シャワーズ,134,0,9,みず,3.4
シャワーズ,134,0,10,ひこう,2.1
サンダース,135,0,1,こおり,72.9
サンダース,135,0,2,みず,9.1
サンダース,135,0,3,ひこう,4.6
サンダース,135,0,4,フェアリー,4.2
サンダース,135,0,5,ゴースト,2.7
サンダース,135,0,6,でんき,2.2
サンダース,135,0,7,くさ,1.6
サンダース,135,0,8,ノーマル,0.8
サンダース,135,0,9,むし,0.7
サンダース,135,0,10,じめん,0.5
ブースター,136,0,1,ノーマル,47.0
ブースター,136,0,2,かくとう,10.2
ブースター,136,0,3,みず,7.7
ブースター,136,0,4,くさ,7.2
ブースター,136,0,5,じめん,5.7
ブースター,136,0,6,フェアリー,4.4
ブースター,136,0,7,はがね,3.8
ブースター,136,0,8,こおり,3.6
ブースター,136,0,9,ひこう,2.3
ブースター,136,0,10,むし,2.3
フリーザー,144,0,1,じめん,34.1
フリーザー,144,0,2,こおり,23.5
フリーザー,144,0,3,みず,18.9
フリーザー,144,0,4,でんき,4.8
フリーザー,144,0,5,かくとう,4.1
フリーザー,144,0,6,ほのお,3.1
フリーザー,144,0,7,はがね,2.5
フリーザー,144,0,8,ひこう,1.9
フリーザー,144,0,9,ノーマル,1.8
フリーザー,144,0,10,ゴースト,1.6
フリーザー,144,1,1,かくとう,22.0
フリーザー,144,1,2,エスパー,17.1
フリーザー,144,1,3,じめん,13.6
フリーザー,144,1,4,フェアリー,11.4
フリーザー,144,1,5,あく,9.4
フリーザー,144,1,6,ノーマル,6.1
フリーザー,144,1,7,みず,5.4
フリーザー,144,1,8,こおり,5.3
フリーザー,144,1,9,はがね,4.5
フリーザー,144,1,10,でんき,3.0
サンダー,145,0,1,こおり,33.7
サンダー,145,0,2,でんき,26.6
サンダー,145,0,3,みず,24.8
サンダー,145,0,4,はがね,7.9
サンダー,145,0,5,フェアリー,2.4
サンダー,145,0,6,かくとう,1.8
サンダー,145,0,7,ひこう,0.9
サンダー,145,0,8,じめん,0.6
サンダー,145,0,9,ほのお,0.5
サンダー,145,0,10,くさ,0.3
サンダー,145,1,1,はがね,32.5
サンダー,145,1,2,こおり,19.7
サンダー,145,1,3,かくとう,12.7
サンダー,145,1,4,でんき,9.2
サンダー,145,1,5,ほのお,6.4
サンダー,145,1,6,ゴースト,6.0
サンダー,145,1,7,ひこう,4.1
サンダー,145,1,8,いわ,3.2
サンダー,145,1,9,みず,2.1
サンダー,145,1,10,あく,1.6
ファイヤー,146,0,1,みず,27.2
ファイヤー,146,0,2,くさ,22.2
ファイヤー,146,0,3,じめん,17.9
ファイヤー,146,0,4,ほのお,12.0
ファイヤー,146,0,5,でんき,4.3
ファイヤー,146,0,6,フェアリー,3.7
ファイヤー,146,0,7,かくとう,3.3
ファイヤー,146,0,8,ひこう,3.1
ファイヤー,146,0,9,ドラゴン,3.0
ファイヤー,146,0,10,はがね,2.2
ファイヤー,146,1,1,あく,45.3
ファイヤー,146,1,2,はがね,20.6
ファイヤー,146,1,3,フェアリー,7.7
ファイヤー,146,1,4,ほのお,6.9
ファイヤー,146,1,5,どく,6.9
ファイヤー,146,1,6,みず,6.5
ファイヤー,146,1,7,じめん,2.4
ファイヤー,146,1,8,ゴースト,1.2
ファイヤー,146,1,9,かくとう,0.7
ファイヤー,146,1,10,ひこう,0.6
ハクリュー,148,0,1,はがね,43.1
ハクリュー,148,0,2,ほのお,13.8
ハクリュー,148,0,3,みず,9.2
ハクリュー,148,0,4,でんき,9.2
ハクリュー,148,0,5,フェアリー,7.7
ハクリュー,148,0,6,ノーマル,6.2
ハクリュー,148,0,7,どく,6.2
ハクリュー,148,0,8,ドラゴン,4.6
カイリュー,149,0,1,ノーマル,63.7
カイリュー,149,0,2,ひこう,20.0
カイリュー,149,0,3,はがね,5.6
カイリュー,149,0,4,フェアリー,5.2
カイリュー,149,0,5,みず,2.5
カイリュー,149,0,6,でんき,1.4
カイリュー,149,0,7,ほのお,0.6
カイリュー,149,0,8,ドラゴン,0.4
カイリュー,149,0,9,こおり,0.2
カイリュー,149,0,10,どく,0.2
マグマラシ,156,0,1,ほのお,60.0
マグマラシ,156,0,2,みず,40.0
バクフーン,157,0,1,ほのお,40.5
バクフーン,157,0,2,くさ,26.7
バクフーン,157,0,3,ゴースト,11.3
バクフーン,157,0,4,こおり,10.4
バクフーン,157,0,5,かくとう,2.9
バクフーン,157,0,6,ひこう,2.3
バクフーン,157,0,7,フェアリー,2.2
バクフーン,157,0,8,むし,1.1
バクフーン,157,0,9,みず,0.8
バクフーン,157,0,10,でんき,0.7
バクフーン,157,1,1,ほのお,62.9
バクフーン,157,1,2,フェアリー,9.7
バクフーン,157,1,3,くさ,8.6
バクフーン,157,1,4,ノーマル,5.5
バクフーン,157,1,5,じめん,4.8
バクフーン,157,1,6,ゴースト,3.1
バクフーン,157,1,7,こおり,1.9
バクフーン,157,1,8,みず,1.5
バクフーン,157,1,9,ひこう,0.8
バクフーン,157,1,10,かくとう,0.5
デンリュウ,181,0,1,フェアリー,31.4
デンリュウ,181,0,2,でんき,18.4
デンリュウ,181,0,3,こおり,18.4
デンリュウ,181,0,4,ひこう,16.5
デンリュウ,181,0,5,みず,6.8
デンリュウ,181,0,6,ドラゴン,3.2
デンリュウ,181,0,7,くさ,2.9
デンリュウ,181,0,8,かくとう,1.6
デンリュウ,181,0,9,じめん,0.6
マリル,183,0,1,みず,33.3
マリル,183,0,2,ノーマル,33.3
マリル,183,0,3,フェアリー,22.2
マリル,183,0,4,はがね,11.1
マリルリ,184,0,1,みず,34.4
マリルリ,184,0,2,フェアリー,24.4
マリルリ,184,0,3,ほのお,16.2
マリルリ,184,0,4,でんき,7.5
マリルリ,184,0,5,じめん,5.0
マリルリ,184,0,6,くさ,4.5
マリルリ,184,0,7,はがね,3.3
マリルリ,184,0,8,ノーマル,1.8
マリルリ,184,0,9,ゴースト,1.2
マリルリ,184,0,10,かくとう,0.5
ウソッキー,185,0,1,くさ,56.7
ウソッキー,185,0,2,いわ,26.0
ウソッキー,185,0,3,あく,6.0
ウソッキー,185,0,4,じめん,3.3
ウソッキー,185,0,5,ひこう,3.3
ウソッキー,185,0,6,かくとう,2.7
ウソッキー,185,0,7,フェアリー,0.7
ウソッキー,185,0,8,ゴースト,0.7
ウソッキー,185,0,9,ドラゴン,0.7
ハネッコ,187,0,1,ひこう,60.0
ハネッコ,187,0,2,くさ,40.0
ポポッコ,188,0,1,どく,43.1
ポポッコ,188,0,2,みず,34.5
ポポッコ,188,0,3,はがね,12.1
ポポッコ,188,0,4,ひこう,8.6
ポポッコ,188,0,5,くさ,1.7
ワタッコ,189,0,1,みず,37.6
ワタッコ,189,0,2,フェアリー,13.9
ワタッコ,189,0,3,はがね,13.3
ワタッコ,189,0,4,ゴースト,8.1
ワタッコ,189,0,5,ひこう,7.3
ワタッコ,189,0,6,どく,6.5
ワタッコ,189,0,7,ほのお,4.5
ワタッコ,189,0,8,くさ,3.4
ワタッコ,189,0,9,でんき,1.4
ワタッコ,189,0,10,いわ,1.2
ヒマナッツ,191,0,1,くさ,100.0
キマワリ,192,0,1,ほのお,92.5
キマワリ,192,0,2,くさ,4.7
キマワリ,192,0,3,ゴースト,1.9
キマワリ,192,0,4,はがね,0.9
ウパー,194,0,1,みず,100.0
ヌオー,195,0,1,ほのお,27.0
ヌオー,195,0,2,みず,19.4
ヌオー,195,0,3,どく,13.1
ヌオー,195,0,4,フェアリー,9.3
ヌオー,195,0,5,ゴースト,9.3
ヌオー,195,0,6,くさ,4.4
ヌオー,195,0,7,はがね,3.6
ヌオー,195,0,8,こおり,2.8
ヌオー,195,0,9,ひこう,2.7
ヌオー,195,0,10,かくとう,2.1
エーフィ,196,0,1,かくとう,27.2
エーフィ,196,0,2,フェアリー,24.8
エーフィ,196,0,3,ノーマル,16.4
エーフィ,196,0,4,エスパー,13.0
エーフィ,196,0,5,ほのお,2.7
エーフィ,196,0,6,くさ,2.4
エーフィ,196,0,7,むし,2.3
エーフィ,196,0,8,じめん,2.2
エーフィ,196,0,9,あく,1.7
エーフィ,196,0,10,みず,1.6
ブラッキー,197,0,1,どく,33.2
ブラッキー,197,0,2,フェアリー,30.9
ブラッキー,197,0,3,ゴースト,26.3
ブラッキー,197,0,4,はがね,1.7
ブラッキー,197,0,5,みず,1.6
ブラッキー,197,0,6,あく,1.5
ブラッキー,197,0,7,ひこう,1.4
ブラッキー,197,0,8,ノーマル,1.4
ブラッキー,197,0,9,むし,1.2
ブラッキー,197,0,10,ほのお,0.3
ヤミカラス,198,0,1,フェアリー,20.0
ヤミカラス,198,0,2,ひこう,20.0
ヤミカラス,198,0,3,ゴースト,20.0
ヤミカラス,198,0,4,はがね,20.0
ヤミカラス,198,0,5,あく,20.0
ヤドキング,199,0,1,みず,16.5
ヤドキング,199,0,2,フェアリー,12.9
ヤドキング,199,0,3,くさ,11.2
ヤドキング,199,0,4,どく,10.6
ヤドキング,199,0,5,ほのお,8.0
ヤドキング,199,0,6,ノーマル,6.5
ヤドキング,199,0,7,はがね,5.3
ヤドキング,199,0,8,こおり,4.8
ヤドキング,199,0,9,あく,4.4
ヤドキング,199,0,10,じめん,4.1
ヤドキング,199,1,1,ノーマル,45.2
ヤドキング,199,1,2,どく,24.9
ヤドキング,199,1,3,くさ,9.5
ヤドキング,199,1,4,みず,5.7
ヤドキング,199,1,5,フェアリー,3.3
ヤドキング,199,1,6,ひこう,2.6
ヤドキング,199,1,7,あく,2.6
ヤドキング,199,1,8,じめん,2.5
ヤドキング,199,1,9,でんき,0.9
ヤドキング,199,1,10,エスパー,0.6
ムウマ,200,0,1,フェアリー,42.1
ムウマ,200,0,2,はがね,14.1
ムウマ,200,0,3,でんき,12.5
ムウマ,200,0,4,みず,7.4
ムウマ,200,0,5,ゴースト,6.6
ムウマ,200,0,6,ノーマル,5.6
ムウマ,200,0,7,こおり,4.4
ムウマ,200,0,8,あく,4.2
ムウマ,200,0,9,どく,2.3
ムウマ,200,0,10,じめん,0.6
キリンリキ,203,0,1,かくとう,59.3
キリンリキ,203,0,2,エスパー,16.7
キリンリキ,203,0,3,フェアリー,13.0
キリンリキ,203,0,4,ほのお,7.4
キリンリキ,203,0,5,ノーマル,3.7
クヌギダマ,204,0,1,むし,100.0
フォレトス,205,0,1,かくとう,26.1
フォレトス,205,0,2,みず,23.0
フォレトス,205,0,3,いわ,14.4
フォレトス,205,0,4,ドラゴン,7.2
フォレトス,205,0,5,ノーマル,6.2
フォレトス,205,0,6,むし,5.7
フォレトス,205,0,7,ゴースト,5.4
フォレトス,205,0,8,じめん,3.9
フォレトス,205,0,9,はがね,2.3
フォレトス,205,0,10,ほのお,1.8
ノコッチ,206,0,1,ゴースト,49.1
ノコッチ,206,0,2,どく,28.0
ノコッチ,206,0,3,ひこう,7.8
ノコッチ,206,0,4,みず,6.1
ノコッチ,206,0,5,ノーマル,3.1
ノコッチ,206,0,6,フェアリー,2.7
ノコッチ,206,0,7,ほのお,1.4
ノコッチ,206,0,8,エスパー,1.4
ノコッチ,206,0,9,くさ,0.3
ハリーセン,211,0,1,みず,39.0
ハリーセン,211,0,2,どく,20.3
ハリーセン,211,0,3,むし,14.6
ハリーセン,211,0,4,くさ,9.8
ハリーセン,211,0,5,ほのお,4.1
ハリーセン,211,0,6,じめん,4.1
ハリーセン,211,0,7,かくとう,2.4
ハリーセン,211,0,8,こおり,1.6
ハリーセン,211,0,9,ドラゴン,1.6
ハリーセン,211,0,10,ノーマル,0.8
ハリーセン,211,1,1,みず,59.9
ハリーセン,211,1,2,あく,14.6
ハリーセン,211,1,3,じめん,8.6
ハリーセン,211,1,4,ひこう,7.3
ハリーセン,211,1,5,どく,3.3
ハリーセン,211,1,6,ノーマル,2.3
ハリーセン,211,1,7,ドラゴン,1.9
ハリーセン,211,1,8,くさ,0.8
ハリーセン,211,1,9,むし,0.8
ハリーセン,211,1,10,フェアリー,0.4
ハッサム,212,0,1,はがね,36.8
ハッサム,212,0,2,みず,29.0
ハッサム,212,0,3,ほのお,5.7
ハッサム,212,0,4,ノーマル,5.7
ハッサム,212,0,5,ひこう,3.4
ハッサム,212,0,6,ドラゴン,3.0
ハッサム,212,0,7,あく,2.9
ハッサム,212,0,8,でんき,2.7
ハッサム,212,0,9,かくとう,1.9
ハッサム,212,0,10,じめん,1.9
ヘラクロス,214,0,1,いわ,66.5
ヘラクロス,214,0,2,ノーマル,10.5
ヘラクロス,214,0,3,はがね,4.3
ヘラクロス,214,0,4,かくとう,3.6
ヘラクロス,214,0,5,ほのお,3.2
ヘラクロス,214,0,6,むし,3.2
ヘラクロス,214,0,7,でんき,1.9
ヘラクロス,214,0,8,みず,1.3
ヘラクロス,214,0,9,あく,1.1
ヘラクロス,214,0,10,ゴースト,1.0
ニューラ,215,0,1,あく,75.0
ニューラ,215,0,2,こおり,25.0
ニューラ,215,1,1,こおり,38.5
ニューラ,215,1,2,かくとう,23.1
ニューラ,215,1,3,エスパー,23.1
ニューラ,215,1,4,ゴースト,15.4
リングマ,217,0,1,フェアリー,50.0
リングマ,217,0,2,ノーマル,17.0
リングマ,217,0,3,ゴースト,13.9
リングマ,217,0,4,ひこう,6.6
リングマ,217,0,5,じめん,4.8
リングマ,217,0,6,みず,2.7
リングマ,217,0,7,はがね,1.9
リングマ,217,0,8,どく,1.5
リングマ,217,0,9,むし,0.8
リングマ,217,0,10,かくとう,0.6
デリバード,225,0,1,かくとう,35.7
デリバード,225,0,2,ノーマル,25.0
デリバード,225,0,3,こおり,17.9
デリバード,225,0,4,はがね,10.7
デリバード,225,0,5,ひこう,7.1
デリバード,225,0,6,ドラゴン,3.6
ヘルガー,229,0,1,くさ,36.1
ヘルガー,229,0,2,ゴースト,26.5
ヘルガー,229,0,3,ほのお,13.7
ヘルガー,229,0,4,あく,9.9
ヘルガー,229,0,5,フェアリー,4.8
ヘルガー,229,0,6,ひこう,3.1
ヘルガー,229,0,7,こおり,2.5
ヘルガー,229,0,8,みず,1.3
ヘルガー,229,0,9,はがね,1.0
ヘルガー,229,0,10,どく,0.5
ゴマゾウ,231,0,1,フェアリー,70.0
ゴマゾウ,231,0,2,みず,30.0
ドンファン,232,0,1,こおり,39.1
ドンファン,232,0,2,じめん,19.7
ドンファン,232,0,3,みず,15.5
ドンファン,232,0,4,フェアリー,10.9
ドンファン,232,0,5,くさ,7.6
ドンファン,232,0,6,はがね,1.5
ドンファン,232,0,7,ゴースト,1.2
ドンファン,232,0,8,ドラゴン,1.2
ドンファン,232,0,9,でんき,1.2
ドンファン,232,0,10,どく,1.0
オドシシ,234,0,1,ノーマル,48.4
オドシシ,234,0,2,エスパー,32.3
オドシシ,234,0,3,こおり,9.7
オドシシ,234,0,4,かくとう,6.5
オドシシ,234,0,5,フェアリー,3.2
ハピナス,242,0,1,ゴースト,34.9
ハピナス,242,0,2,あく,29.5
ハピナス,242,0,3,フェアリー,8.3
ハピナス,242,0,4,ほのお,4.7
ハピナス,242,0,5,どく,4.1
ハピナス,242,0,6,はがね,3.6
ハピナス,242,0,7,みず,3.0
ハピナス,242,0,8,じめん,2.7
ハピナス,242,0,9,ひこう,2.1
ハピナス,242,0,10,エスパー,1.4
ヨーギラス,246,0,1,いわ,50.0
ヨーギラス,246,0,2,はがね,50.0
サナギラス,247,0,1,ゴースト,58.8
サナギラス,247,0,2,いわ,17.6
サナギラス,247,0,3,はがね,11.8
サナギラス,247,0,4,むし,5.9
サナギラス,247,0,5,みず,5.9
バンギラス,248,0,1,いわ,33.5
バンギラス,248,0,2,ひこう,16.2
バンギラス,248,0,3,ゴースト,14.0
バンギラス,248,0,4,フェアリー,12.0
バンギラス,248,0,5,じめん,8.4
バンギラス,248,0,6,はがね,4.8
バンギラス,248,0,7,くさ,2.1
バンギラス,248,0,8,どく,2.0
バンギラス,248,0,9,みず,1.7
バンギラス,248,0,10,ほのお,1.3
ペリッパー,279,0,1,じめん,31.9
ペリッパー,279,0,2,くさ,22.8
ペリッパー,279,0,3,はがね,13.2
ペリッパー,279,0,4,ひこう,9.5
ペリッパー,279,0,5,みず,8.6
ペリッパー,279,0,6,でんき,4.0
ペリッパー,279,0,7,フェアリー,2.3
ペリッパー,279,0,8,こおり,1.9
ペリッパー,279,0,9,ドラゴン,1.4
ペリッパー,279,0,10,ノーマル,0.9
ラルトス,280,0,1,エスパー,100.0
サーナイト,282,0,1,ほのお,36.1
サーナイト,282,0,2,フェアリー,13.0
サーナイト,282,0,3,じめん,12.0
サーナイト,282,0,4,みず,11.7
サーナイト,282,0,5,ノーマル,7.7
サーナイト,282,0,6,エスパー,4.5
サーナイト,282,0,7,はがね,3.7
サーナイト,282,0,8,でんき,2.9
サーナイト,282,0,9,かくとう,2.9
サーナイト,282,0,10,くさ,1.5
アメタマ,283,0,1,みず,100.0
アメモース,284,0,1,みず,63.1
アメモース,284,0,2,くさ,12.3
アメモース,284,0,3,むし,7.4
アメモース,284,0,4,じめん,6.6
アメモース,284,0,5,ひこう,2.0
アメモース,284,0,6,ドラゴン,2.0
アメモース,284,0,7,こおり,2.0
アメモース,284,0,8,ほのお,1.6
アメモース,284,0,9,ゴースト,0.8
アメモース,284,0,10,はがね,0.8
キノココ,285,0,1,どく,100.0
キノガッサ,286,0,1,ほのお,50.4
キノガッサ,286,0,2,いわ,9.2
キノガッサ,286,0,3,ゴースト,8.8
キノガッサ,286,0,4,はがね,8.4
キノガッサ,286,0,5,くさ,6.7
キノガッサ,286,0,6,かくとう,4.5
キノガッサ,286,0,7,みず,3.1
キノガッサ,286,0,8,ノーマル,2.1
キノガッサ,286,0,9,こおり,2.0
キノガッサ,286,0,10,じめん,1.2
ヤルキモノ,288,0,1,かくとう,30.8
ヤルキモノ,288,0,2,どく,26.9
ヤルキモノ,288,0,3,ゴースト,15.4
ヤルキモノ,288,0,4,ノーマル,11.5
ヤルキモノ,288,0,5,はがね,3.8
ヤルキモノ,288,0,6,ほのお,3.8
ヤルキモノ,288,0,7,みず,3.8
ヤルキモノ,288,0,8,ひこう,3.8
ケッキング,289,0,1,ノーマル,54.6
ケッキング,289,0,2,ゴースト,34.2
ケッキング,289,0,3,フェアリー,7.5
ケッキング,289,0,4,あく,1.5
ケッキング,289,0,5,どく,1.5
ケッキング,289,0,6,じめん,0.7
マクノシタ,296,0,1,かくとう,100.0
ハリテヤマ,297,0,1,はがね,89.5
ハリテヤマ,297,0,2,かくとう,2.6
ハリテヤマ,297,0,3,ほのお,1.9
ハリテヤマ,297,0,4,ノーマル,1.6
ハリテヤマ,297,0,5,どく,1.4
ハリテヤマ,297,0,6,ゴースト,1.2
ハリテヤマ,297,0,7,フェアリー,0.7
ハリテヤマ,297,0,8,じめん,0.3
ハリテヤマ,297,0,9,みず,0.2
ハリテヤマ,297,0,10,むし,0.2
ヤミラミ,302,0,1,あく,28.0
ヤミラミ,302,0,2,はがね,26.6
ヤミラミ,302,0,3,ノーマル,8.6
ヤミラミ,302,0,4,フェアリー,6.6
ヤミラミ,302,0,5,ほのお,6.3
ヤミラミ,302,0,6,くさ,4.9
ヤミラミ,302,0,7,ひこう,4.3
ヤミラミ,302,0,8,ゴースト,3.9
ヤミラミ,302,0,9,じめん,3.3
ヤミラミ,302,0,10,でんき,3.0
アサナン,307,0,1,かくとう,94.7
アサナン,307,0,2,はがね,5.3
チャーレム,308,0,1,はがね,69.4
チャーレム,308,0,2,かくとう,11.4
チャーレム,308,0,3,ノーマル,8.5
チャーレム,308,0,4,あく,2.5
チャーレム,308,0,5,エスパー,2.2
チャーレム,308,0,6,ほのお,1.5
チャーレム,308,0,7,ゴースト,1.3
チャーレム,308,0,8,こおり,0.8
チャーレム,308,0,9,でんき,0.7
チャーレム,308,0,10,いわ,0.6
ゴクリン,316,0,1,ひこう,66.7
ゴクリン,316,0,2,あく,16.7
ゴクリン,316,0,3,どく,16.7
マルノーム,317,0,1,くさ,42.1
マルノーム,317,0,2,ゴースト,25.3
マルノーム,317,0,3,ひこう,15.8
マルノーム,317,0,4,みず,3.2
マルノーム,317,0,5,あく,3.2
マルノーム,317,0,6,どく,3.2
マルノーム,317,0,7,こおり,2.1
マルノーム,317,0,8,かくとう,2.1
マルノーム,317,0,9,むし,1.1
マルノーム,317,0,10,フェアリー,1.1
ドンメル,322,0,1,くさ,45.7
ドンメル,322,0,2,じめん,14.3
ドンメル,322,0,3,ほのお,14.3
ドンメル,322,0,4,ドラゴン,11.4
ドンメル,322,0,5,かくとう,8.6
ドンメル,322,0,6,ひこう,5.7
バクーダ,323,0,1,くさ,47.0
バクーダ,323,0,2,ほのお,18.9
バクーダ,323,0,3,フェアリー,12.1
バクーダ,323,0,4,じめん,6.1
バクーダ,323,0,5,むし,5.3
バクーダ,323,0,6,こおり,3.8
バクーダ,323,0,7,みず,3.0
バクーダ,323,0,8,ドラゴン,2.3
バクーダ,323,0,9,かくとう,0.8
バクーダ,323,0,10,あく,0.8
コータス,324,0,1,ほのお,43.2
コータス,324,0,2,くさ,27.7
コータス,324,0,3,じめん,8.6
コータス,324,0,4,ひこう,4.3
コータス,324,0,5,みず,4.2
コータス,324,0,6,かくとう,2.8
コータス,324,0,7,ノーマル,1.9
コータス,324,0,8,フェアリー,1.9
コータス,324,0,9,こおり,1.6
コータス,324,0,10,ゴースト,1.6
バネブー,325,0,1,フェアリー,100.0
ブーピッグ,326,0,1,フェアリー,48.1
ブーピッグ,326,0,2,エスパー,22.8
ブーピッグ,326,0,3,ノーマル,7.6
ブーピッグ,326,0,4,かくとう,7.6
ブーピッグ,326,0,5,あく,5.1
ブーピッグ,326,0,6,こおり,5.1
ブーピッグ,326,0,7,はがね,2.5
ブーピッグ,326,0,8,ひこう,1.3
サボネア,331,0,1,いわ,66.7
サボネア,331,0,2,みず,33.3
ノクタス,332,0,1,ほのお,67.1
ノクタス,332,0,2,フェアリー,8.4
ノクタス,332,0,3,ゴースト,5.9
ノクタス,332,0,4,あく,4.3
ノクタス,332,0,5,どく,3.7
ノクタス,332,0,6,こおり,3.7
ノクタス,332,0,7,いわ,2.3
ノクタス,332,0,8,じめん,2.1
ノクタス,332,0,9,くさ,1.6
ノクタス,332,0,10,かくとう,0.9
チルタリス,334,0,1,フェアリー,35.0
チルタリス,334,0,2,はがね,19.7
チルタリス,334,0,3,ノーマル,11.8
チルタリス,334,0,4,みず,10.4
チルタリス,334,0,5,ひこう,9.5
チルタリス,334,0,6,ほのお,5.5
チルタリス,334,0,7,どく,3.1
チルタリス,334,0,8,いわ,1.0
チルタリス,334,0,9,じめん,0.9
チルタリス,334,0,10,でんき,0.7
ザングース,335,0,1,ノーマル,46.0
ザングース,335,0,2,ゴースト,44.6
ザングース,335,0,3,フェアリー,2.3
ザングース,335,0,4,どく,1.7
ザングース,335,0,5,かくとう,1.4
ザングース,335,0,6,エスパー,1.1
ザングース,335,0,7,はがね,0.8
ザングース,335,0,8,くさ,0.8
ザングース,335,0,9,あく,0.8
ザングース,335,0,10,ひこう,0.3
ハブネーク,336,0,1,どく,39.2
ハブネーク,336,0,2,あく,19.6
ハブネーク,336,0,3,ひこう,11.8
ハブネーク,336,0,4,じめん,7.8
ハブネーク,336,0,5,ゴースト,5.9
ハブネーク,336,0,6,くさ,5.9
ハブネーク,336,0,7,こおり,3.9
ハブネーク,336,0,8,かくとう,2.0
ハブネーク,336,0,9,みず,2.0
ハブネーク,336,0,10,ほのお,2.0
ナマズン,340,0,1,ドラゴン,30.0
ナマズン,340,0,2,くさ,23.8
ナマズン,340,0,3,みず,13.8
ナマズン,340,0,4,ほのお,13.8
ナマズン,340,0,5,はがね,11.3
ナマズン,340,0,6,じめん,5.0
ナマズン,340,0,7,ノーマル,1.3
ナマズン,340,0,8,フェアリー,1.3
ジュペッタ,354,0,1,あく,46.7
ジュペッタ,354,0,2,かくとう,32.2
ジュペッタ,354,0,3,ゴースト,10.0
ジュペッタ,354,0,4,フェアリー,4.4
ジュペッタ,354,0,5,ノーマル,2.2
ジュペッタ,354,0,6,ドラゴン,2.2
ジュペッタ,354,0,7,じめん,1.1
ジュペッタ,354,0,8,みず,1.1
トロピウス,357,0,1,みず,58.1
トロピウス,357,0,2,ゴースト,16.4
トロピウス,357,0,3,どく,5.5
トロピウス,357,0,4,ほのお,4.5
トロピウス,357,0,5,はがね,4.1
トロピウス,357,0,6,ひこう,4.0
トロピウス,357,0,7,かくとう,2.3
トロピウス,357,0,8,くさ,1.0
トロピウス,357,0,9,ノーマル,1.0
トロピウス,357,0,10,でんき,0.9
ユキワラシ,361,0,1,みず,100.0
オニゴーリ,362,0,1,みず,82.2
オニゴーリ,362,0,2,こおり,4.3
オニゴーリ,362,0,3,ゴースト,4.2
オニゴーリ,362,0,4,じめん,1.9
オニゴーリ,362,0,5,フェアリー,1.8
オニゴーリ,362,0,6,でんき,1.3
オニゴーリ,362,0,7,どく,0.7
オニゴーリ,362,0,8,ほのお,0.7
オニゴーリ,362,0,9,ドラゴン,0.5
オニゴーリ,362,0,10,かくとう,0.5
コモルー,372,0,1,はがね,75.0
コモルー,372,0,2,みず,12.5
コモルー,372,0,3,ドラゴン,12.5
ボーマンダ,373,0,1,はがね,48.1
ボーマンダ,373,0,2,ひこう,14.0
ボーマンダ,373,0,3,ほのお,8.1
ボーマンダ,373,0,4,フェアリー,7.5
ボーマンダ,373,0,5,みず,7.0
ボーマンダ,373,0,6,ドラゴン,6.7
ボーマンダ,373,0,7,こおり,2.7
ボーマンダ,373,0,8,でんき,2.4
ボーマンダ,373,0,9,じめん,0.8
ボーマンダ,373,0,10,ノーマル,0.8
ムックル,396,0,1,ノーマル,84.6
ムックル,396,0,2,ゴースト,15.4
ムクバード,397,0,1,こおり,100.0
ムクホーク,398,0,1,ひこう,60.4
ムクホーク,398,0,2,ノーマル,20.2
ムクホーク,398,0,3,かくとう,4.5
ムクホーク,398,0,4,ゴースト,3.9
ムクホーク,398,0,5,ほのお,3.0
ムクホーク,398,0,6,こおり,1.8
ムクホーク,398,0,7,フェアリー,1.5
ムクホーク,398,0,8,はがね,1.4
ムクホーク,398,0,9,じめん,1.3
ムクホーク,398,0,10,どく,0.5
コロトック,402,0,1,むし,83.3
コロトック,402,0,2,じめん,12.5
コロトック,402,0,3,ドラゴン,4.2
レントラー,405,0,1,ノーマル,36.2
レントラー,405,0,2,こおり,15.7
レントラー,405,0,3,でんき,10.7
レントラー,405,0,4,フェアリー,9.7
レントラー,405,0,5,くさ,6.6
レントラー,405,0,6,エスパー,6.3
レントラー,405,0,7,ひこう,4.7
レントラー,405,0,8,あく,2.8
レントラー,405,0,9,はがね,2.8
レントラー,405,0,10,みず,1.9
ミツハニー,415,0,1,ひこう,71.9
ミツハニー,415,0,2,むし,28.1
ビークイン,416,0,1,どく,27.8
ビークイン,416,0,2,みず,17.9
ビークイン,416,0,3,フェアリー,14.6
ビークイン,416,0,4,ゴースト,6.0
ビークイン,416,0,5,むし,5.3
ビークイン,416,0,6,いわ,5.3
ビークイン,416,0,7,ほのお,4.6
ビークイン,416,0,8,ノーマル,4.0
ビークイン,416,0,9,くさ,4.0
ビークイン,416,0,10,じめん,3.3
パチリス,417,0,1,ひこう,53.7
パチリス,417,0,2,でんき,19.5
パチリス,417,0,3,むし,7.3
パチリス,417,0,4,ノーマル,7.3
パチリス,417,0,5,みず,4.9
パチリス,417,0,6,フェアリー,2.4
パチリス,417,0,7,ゴースト,2.4
パチリス,417,0,8,あく,2.4
ブイゼル,418,0,1,みず,100.0
フローゼル,419,0,1,みず,94.0
フローゼル,419,0,2,くさ,2.9
フローゼル,419,0,3,ゴースト,1.2
フローゼル,419,0,4,でんき,1.0
フローゼル,419,0,5,こおり,0.5
フローゼル,419,0,6,じめん,0.1
フローゼル,419,0,7,ノーマル,0.1
フローゼル,419,0,8,はがね,0.1
フローゼル,419,0,9,かくとう,0.1
カラナクシ,422,0,1,むし,66.7
カラナクシ,422,0,2,みず,33.3
トリトドン,423,0,1,ほのお,37.7
トリトドン,423,0,2,フェアリー,12.7
トリトドン,423,0,3,みず,10.2
トリトドン,423,0,4,どく,10.1
トリトドン,423,0,5,ゴースト,9.3
トリトドン,423,0,6,はがね,5.4
トリトドン,423,0,7,こおり,4.0
トリトドン,423,0,8,くさ,3.6
トリトドン,423,0,9,ひこう,2.5
トリトドン,423,0,10,じめん,2.3
フワンテ,425,0,1,かくとう,50.0
フワンテ,425,0,2,ゴースト,50.0
フワライド,426,0,1,あく,34.7
フワライド,426,0,2,ノーマル,17.3
フワライド,426,0,3,フェアリー,9.5
フワライド,426,0,4,ゴースト,8.4
フワライド,426,0,5,みず,7.9
フワライド,426,0,6,かくとう,5.3
フワライド,426,0,7,はがね,4.8
フワライド,426,0,8,ひこう,3.5
フワライド,426,0,9,でんき,2.4
フワライド,426,0,10,じめん,1.8
ムウマージ,429,0,1,ノーマル,27.2
ムウマージ,429,0,2,ゴースト,22.7
ムウマージ,429,0,3,でんき,17.1
ムウマージ,429,0,4,フェアリー,7.6
ムウマージ,429,0,5,いわ,6.0
ムウマージ,429,0,6,はがね,3.8
ムウマージ,429,0,7,くさ,3.8
ムウマージ,429,0,8,じめん,3.5
ムウマージ,429,0,9,かくとう,2.5
ムウマージ,429,0,10,こおり,1.8
ドンカラス,430,0,1,あく,44.7
ドンカラス,430,0,2,はがね,20.3
ドンカラス,430,0,3,ひこう,10.9
ドンカラス,430,0,4,フェアリー,8.3
ドンカラス,430,0,5,かくとう,4.9
ドンカラス,430,0,6,じめん,3.4
ドンカラス,430,0,7,くさ,2.6
ドンカラス,430,0,8,みず,2.3
ドンカラス,430,0,9,いわ,0.8
ドンカラス,430,0,10,ゴースト,0.8
スカタンク,435,0,1,あく,53.1
スカタンク,435,0,2,ひこう,17.3
スカタンク,435,0,3,くさ,14.8
スカタンク,435,0,4,ノーマル,8.6
スカタンク,435,0,5,フェアリー,6.2
ドーミラー,436,0,1,じめん,40.0
ドーミラー,436,0,2,はがね,40.0
ドーミラー,436,0,3,ノーマル,20.0
ドータクン,437,0,1,はがね,27.2
ドータクン,437,0,2,かくとう,23.3
ドータクン,437,0,3,でんき,13.7
ドータクン,437,0,4,みず,7.1
ドータクン,437,0,5,フェアリー,6.7
ドータクン,437,0,6,どく,5.6
ドータクン,437,0,7,ゴースト,4.6
ドータクン,437,0,8,ほのお,4.4
ドータクン,437,0,9,あく,2.0
ドータクン,437,0,10,ノーマル,1.8
ウソハチ,438,0,1,いわ,42.9
ウソハチ,438,0,2,あく,42.9
ウソハチ,438,0,3,ゴースト,14.3
ミカルゲ,442,0,1,フェアリー,32.5
ミカルゲ,442,0,2,ゴースト,24.8
ミカルゲ,442,0,3,はがね,14.4
ミカルゲ,442,0,4,あく,10.1
ミカルゲ,442,0,5,どく,8.9
ミカルゲ,442,0,6,くさ,2.5
ミカルゲ,442,0,7,エスパー,2.1
ミカルゲ,442,0,8,ひこう,1.5
ミカルゲ,442,0,9,みず,1.2
ミカルゲ,442,0,10,ほのお,0.9
ガブリアス,445,0,1,はがね,33.8
ガブリアス,445,0,2,フェアリー,25.2
ガブリアス,445,0,3,ほのお,21.6
ガブリアス,445,0,4,みず,7.7
ガブリアス,445,0,5,こおり,3.0
ガブリアス,445,0,6,じめん,2.9
ガブリアス,445,0,7,どく,1.6
ガブリアス,445,0,8,でんき,1.4
ガブリアス,445,0,9,ドラゴン,1.3
ガブリアス,445,0,10,いわ,0.3
リオル,447,0,1,かくとう,91.0
リオル,447,0,2,ひこう,7.5
リオル,447,0,3,ゴースト,1.5
ルカリオ,448,0,1,ノーマル,63.9
ルカリオ,448,0,2,かくとう,14.2
ルカリオ,448,0,3,こおり,6.6
ルカリオ,448,0,4,はがね,6.4
ルカリオ,448,0,5,ゴースト,2.1
ルカリオ,448,0,6,あく,1.6
ルカリオ,448,0,7,ひこう,1.6
ルカリオ,448,0,8,じめん,1.3
ルカリオ,448,0,9,くさ,0.7
ルカリオ,448,0,10,フェアリー,0.6
カバルドン,450,0,1,はがね,45.9
カバルドン,450,0,2,みず,23.5
カバルドン,450,0,3,くさ,12.4
カバルドン,450,0,4,フェアリー,4.2
カバルドン,450,0,5,いわ,3.1
カバルドン,450,0,6,じめん,2.4
カバルドン,450,0,7,こおり,1.4
カバルドン,450,0,8,ほのお,1.4
カバルドン,450,0,9,どく,1.3
カバルドン,450,0,10,かくとう,1.0
グレッグル,453,0,1,ほのお,100.0
ドクロッグ,454,0,1,ほのお,22.1
ドクロッグ,454,0,2,じめん,21.9
ドクロッグ,454,0,3,ひこう,18.4
ドクロッグ,454,0,4,はがね,10.3
ドクロッグ,454,0,5,かくとう,7.5
ドクロッグ,454,0,6,どく,6.8
ドクロッグ,454,0,7,あく,5.4
ドクロッグ,454,0,8,ゴースト,4.1
ドクロッグ,454,0,9,フェアリー,1.2
ドクロッグ,454,0,10,むし,0.8
ネオラント,457,0,1,じめん,47.3
ネオラント,457,0,2,ゴースト,16.3
ネオラント,457,0,3,みず,14.0
ネオラント,457,0,4,ほのお,5.4
ネオラント,457,0,5,ひこう,3.9
ネオラント,457,0,6,エスパー,3.1
ネオラント,457,0,7,フェアリー,3.1
ネオラント,457,0,8,くさ,2.3
ネオラント,457,0,9,でんき,1.6
ネオラント,457,0,10,いわ,1.6
ユキカブリ,459,0,1,こおり,66.7
ユキカブリ,459,0,2,くさ,33.3
ユキノオー,460,0,1,みず,28.3
ユキノオー,460,0,2,じめん,15.1
ユキノオー,460,0,3,くさ,11.2
ユキノオー,460,0,4,ほのお,10.3
ユキノオー,460,0,5,こおり,8.1
ユキノオー,460,0,6,どく,7.5
ユキノオー,460,0,7,ドラゴン,6.3
ユキノオー,460,0,8,ゴースト,3.3
ユキノオー,460,0,9,フェアリー,3.0
ユキノオー,460,0,10,かくとう,1.9
マニューラ,461,0,1,ゴースト,39.7
マニューラ,461,0,2,ほのお,18.4
マニューラ,461,0,3,あく,11.9
マニューラ,461,0,4,こおり,8.7
マニューラ,461,0,5,かくとう,5.3
マニューラ,461,0,6,じめん,4.4
マニューラ,461,0,7,フェアリー,3.9
マニューラ,461,0,8,どく,3.1
マニューラ,461,0,9,でんき,2.7
マニューラ,461,0,10,ひこう,1.2
ジバコイル,462,0,1,みず,44.6
ジバコイル,462,0,2,ひこう,22.2
ジバコイル,462,0,3,フェアリー,9.9
ジバコイル,462,0,4,かくとう,4.9
ジバコイル,462,0,5,くさ,4.2
ジバコイル,462,0,6,でんき,3.8
ジバコイル,462,0,7,こおり,3.1
ジバコイル,462,0,8,じめん,2.3
ジバコイル,462,0,9,ゴースト,2.2
ジバコイル,462,0,10,はがね,1.1
リーフィア,470,0,1,ほのお,34.0
リーフィア,470,0,2,いわ,22.1
リーフィア,470,0,3,みず,11.7
リーフィア,470,0,4,ゴースト,8.0
リーフィア,470,0,5,ノーマル,6.0
リーフィア,470,0,6,じめん,4.9
リーフィア,470,0,7,こおり,3.3
リーフィア,470,0,8,どく,1.8
リーフィア,470,0,9,くさ,1.7
リーフィア,470,0,10,フェアリー,1.6
グレイシア,471,0,1,みず,27.4
グレイシア,471,0,2,じめん,25.2
グレイシア,471,0,3,ほのお,12.4
グレイシア,471,0,4,ゴースト,11.1
グレイシア,471,0,5,フェアリー,8.7
グレイシア,471,0,6,かくとう,7.6
グレイシア,471,0,7,こおり,4.0
グレイシア,471,0,8,でんき,1.3
グレイシア,471,0,9,どく,0.8
グレイシア,471,0,10,ノーマル,0.5
エルレイド,475,0,1,くさ,15.4
エルレイド,475,0,2,エスパー,15.1
エルレイド,475,0,3,あく,11.9
エルレイド,475,0,4,はがね,11.8
エルレイド,475,0,5,ゴースト,10.0
エルレイド,475,0,6,かくとう,9.9
エルレイド,475,0,7,ノーマル,5.6
エルレイド,475,0,8,みず,5.4
エルレイド,475,0,9,フェアリー,5.2
エルレイド,475,0,10,ほのお,4.9
ユキメノコ,478,0,1,どく,30.3
ユキメノコ,478,0,2,こおり,20.4
ユキメノコ,478,0,3,ゴースト,19.0
ユキメノコ,478,0,4,ノーマル,6.3
ユキメノコ,478,0,5,あく,5.6
ユキメノコ,478,0,6,フェアリー,5.6
ユキメノコ,478,0,7,じめん,4.2
ユキメノコ,478,0,8,みず,4.2
ユキメノコ,478,0,9,かくとう,2.1
ユキメノコ,478,0,10,ひこう,1.4
ロトム,479,0,1,ゴースト,34.6
ロトム,479,0,2,でんき,26.9
ロトム,479,0,3,フェアリー,19.2
ロトム,479,0,4,はがね,7.7
ロトム,479,0,5,あく,7.7
ロトム,479,0,6,みず,3.8
ロトム,479,1,1,でんき,27.1
ロトム,479,1,2,ゴースト,21.7
ロトム,479,1,3,フェアリー,15.3
ロトム,479,1,4,はがね,13.7
ロトム,479,1,5,くさ,7.2
ロトム,479,1,6,こおり,4.8
ロトム,479,1,7,みず,4.1
ロトム,479,1,8,ほのお,1.8
ロトム,479,1,9,かくとう,1.1
ロトム,479,1,10,どく,0.8
ロトム,479,2,1,はがね,36.7
ロトム,479,2,2,ゴースト,22.9
ロトム,479,2,3,フェアリー,19.7
ロトム,479,2,4,でんき,12.6
ロトム,479,2,5,こおり,1.9
ロトム,479,2,6,ほのお,1.9
ロトム,479,2,7,どく,1.6
ロトム,479,2,8,くさ,0.8
ロトム,479,2,9,みず,0.6
ロトム,479,2,10,かくとう,0.3
ロトム,479,3,1,でんき,40.4
ロトム,479,3,2,ゴースト,17.7
ロトム,479,3,3,はがね,15.2
ロトム,479,3,4,ほのお,9.0
ロトム,479,3,5,どく,5.8
ロトム,479,3,6,こおり,5.1
ロトム,479,3,7,みず,4.3
ロトム,479,3,8,じめん,2.2
ロトム,479,3,9,ドラゴン,0.4
ロトム,479,4,1,はがね,39.8
ロトム,479,4,2,でんき,23.9
ロトム,479,4,3,ゴースト,20.5
ロトム,479,4,4,みず,5.7
ロトム,479,4,5,フェアリー,4.5
ロトム,479,4,6,どく,2.3
ロトム,479,4,7,くさ,2.3
ロトム,479,4,8,じめん,1.1
ロトム,479,5,1,でんき,35.2
ロトム,479,5,2,ゴースト,19.8
ロトム,479,5,3,フェアリー,13.8
ロトム,479,5,4,ほのお,8.8
ロトム,479,5,5,こおり,6.2
ロトム,479,5,6,みず,5.3
ロトム,479,5,7,はがね,3.5
ロトム,479,5,8,いわ,2.2
ロトム,479,5,9,かくとう,2.0
ロトム,479,5,10,どく,1.5
ユクシー,480,0,1,フェアリー,42.1
ユクシー,480,0,2,でんき,26.5
ユクシー,480,0,3,はがね,6.3
ユクシー,480,0,4,どく,6.1
ユクシー,480,0,5,ノーマル,5.1
ユクシー,480,0,6,あく,3.3
ユクシー,480,0,7,かくとう,2.2
ユクシー,480,0,8,ゴースト,2.1
ユクシー,480,0,9,エスパー,1.9
ユクシー,480,0,10,じめん,1.6
エムリット,481,0,1,フェアリー,40.4
エムリット,481,0,2,でんき,13.4
エムリット,481,0,3,どく,12.9
エムリット,481,0,4,かくとう,9.1
エムリット,481,0,5,はがね,8.7
エムリット,481,0,6,ノーマル,4.0
エムリット,481,0,7,じめん,3.7
エムリット,481,0,8,エスパー,2.1
エムリット,481,0,9,あく,1.6
エムリット,481,0,10,こおり,1.6
アグノム,482,0,1,ノーマル,36.1
アグノム,482,0,2,エスパー,15.6
アグノム,482,0,3,はがね,10.5
アグノム,482,0,4,フェアリー,9.8
アグノム,482,0,5,かくとう,8.2
アグノム,482,0,6,でんき,6.5
アグノム,482,0,7,ゴースト,4.3
アグノム,482,0,8,じめん,2.6
アグノム,482,0,9,くさ,2.1
アグノム,482,0,10,あく,1.2
ヒードラン,485,0,1,くさ,53.5
ヒードラン,485,0,2,むし,23.9
ヒードラン,485,0,3,フェアリー,15.3
ヒードラン,485,0,4,ひこう,2.7
ヒードラン,485,0,5,みず,2.4
ヒードラン,485,0,6,ほのお,1.2
ヒードラン,485,0,7,こおり,0.4
ヒードラン,485,0,8,ゴースト,0.2
ヒードラン,485,0,9,はがね,0.1
ヒードラン,485,0,10,ドラゴン,0.1
クレセリア,488,0,1,でんき,53.4
クレセリア,488,0,2,どく,23.9
クレセリア,488,0,3,フェアリー,13.5
クレセリア,488,0,4,はがね,5.8
クレセリア,488,0,5,ゴースト,0.8
クレセリア,488,0,6,みず,0.8
クレセリア,488,0,7,エスパー,0.6
クレセリア,488,0,8,ノーマル,0.2
クレセリア,488,0,9,ほのお,0.2
クレセリア,488,0,10,あく,0.2
ミジュマル,501,0,1,みず,88.9
ミジュマル,501,0,2,フェアリー,11.1
フタチマル,502,0,1,フェアリー,80.0
フタチマル,502,0,2,こおり,10.0
フタチマル,502,0,3,でんき,10.0
ダイケンキ,503,0,1,みず,23.1
ダイケンキ,503,0,2,でんき,18.8
ダイケンキ,503,0,3,フェアリー,17.4
ダイケンキ,503,0,4,むし,14.9
ダイケンキ,503,0,5,くさ,9.7
ダイケンキ,503,0,6,じめん,5.9
ダイケンキ,503,0,7,どく,4.3
ダイケンキ,503,0,8,ひこう,1.6
ダイケンキ,503,0,9,はがね,1.4
ダイケンキ,503,0,10,かくとう,0.9
ダイケンキ,503,1,1,フェアリー,45.4
ダイケンキ,503,1,2,みず,26.3
ダイケンキ,503,1,3,どく,15.6
ダイケンキ,503,1,4,ひこう,4.5
ダイケンキ,503,1,5,むし,2.1
ダイケンキ,503,1,6,ゴースト,1.9
ダイケンキ,503,1,7,あく,1.7
ダイケンキ,503,1,8,かくとう,0.7
ダイケンキ,503,1,9,じめん,0.5
ダイケンキ,503,1,10,ほのお,0.4
ドレディア,549,0,1,ほのお,41.8
ドレディア,549,0,2,みず,18.9
ドレディア,549,0,3,いわ,8.1
ドレディア,549,0,4,くさ,7.1
ドレディア,549,0,5,でんき,4.3
ドレディア,549,0,6,フェアリー,4.1
ドレディア,549,0,7,はがね,4.0
ドレディア,549,0,8,じめん,3.5
ドレディア,549,0,9,ゴースト,3.5
ドレディア,549,0,10,ひこう,1.9
ドレディア,549,1,1,ゴースト,32.5
ドレディア,549,1,2,くさ,13.9
ドレディア,549,1,3,ほのお,10.2
ドレディア,549,1,4,こおり,9.2
ドレディア,549,1,5,どく,8.1
ドレディア,549,1,6,はがね,7.6
ドレディア,549,1,7,いわ,7.6
ドレディア,549,1,8,みず,4.3
ドレディア,549,1,9,フェアリー,2.3
ドレディア,549,1,10,ひこう,1.7
バスラオ,550,0,1,みず,82.8
バスラオ,550,0,2,むし,10.1
バスラオ,550,0,3,いわ,3.0
バスラオ,550,0,4,こおり,2.0
バスラオ,550,0,5,どく,1.0
バスラオ,550,0,6,くさ,1.0
バスラオ,550,1,1,みず,70.8
バスラオ,550,1,2,ノーマル,20.8
バスラオ,550,1,3,ゴースト,4.2
バスラオ,550,1,4,でんき,4.2
バスラオ,550,2,1,ゴースト,97.9
バスラオ,550,2,2,みず,2.1
メグロコ,551,0,1,みず,100.0
ワルビアル,553,0,1,どく,35.4
ワルビアル,553,0,2,じめん,17.5
ワルビアル,553,0,3,フェアリー,8.3
ワルビアル,553,0,4,あく,7.5
ワルビアル,553,0,5,こおり,7.3
ワルビアル,553,0,6,はがね,7.3
ワルビアル,553,0,7,ゴースト,4.8
ワルビアル,553,0,8,ドラゴン,3.4
ワルビアル,553,0,9,くさ,3.2
ワルビアル,553,0,10,みず,1.7
ゾロア,570,1,1,ゴースト,44.4
ゾロア,570,1,2,かくとう,33.3
ゾロア,570,1,3,ノーマル,11.1
ゾロア,570,1,4,あく,11.1
ゾロアーク,571,0,1,あく,26.7
ゾロアーク,571,0,2,こおり,17.8
ゾロアーク,571,0,3,フェアリー,15.2
ゾロアーク,571,0,4,じめん,9.6
ゾロアーク,571,0,5,ゴースト,7.0
ゾロアーク,571,0,6,どく,5.6
ゾロアーク,571,0,7,はがね,5.2
ゾロアーク,571,0,8,エスパー,3.7
ゾロアーク,571,0,9,みず,1.9
ゾロアーク,571,0,10,でんき,1.9
ゾロアーク,571,1,1,かくとう,28.5
ゾロアーク,571,1,2,フェアリー,24.6
ゾロアーク,571,1,3,ゴースト,22.2
ゾロアーク,571,1,4,こおり,7.1
ゾロアーク,571,1,5,じめん,5.9
ゾロアーク,571,1,6,ノーマル,5.2
ゾロアーク,571,1,7,あく,2.1
ゾロアーク,571,1,8,みず,1.3
ゾロアーク,571,1,9,はがね,1.1
ゾロアーク,571,1,10,くさ,0.8
ゴチミル,575,0,1,じめん,50.0
ゴチミル,575,0,2,かくとう,21.4
ゴチミル,575,0,3,フェアリー,17.9
ゴチミル,575,0,4,ひこう,7.1
ゴチミル,575,0,5,ゴースト,3.6
ゴチルゼル,576,0,1,ひこう,23.4
ゴチルゼル,576,0,2,フェアリー,21.1
ゴチルゼル,576,0,3,じめん,19.6
ゴチルゼル,576,0,4,かくとう,11.5
ゴチルゼル,576,0,5,ゴースト,5.4
ゴチルゼル,576,0,6,みず,4.7
ゴチルゼル,576,0,7,あく,3.9
ゴチルゼル,576,0,8,どく,2.0
ゴチルゼル,576,0,9,エスパー,2.0
ゴチルゼル,576,0,10,くさ,1.7
メブキジカ,586,0,1,ノーマル,47.0
メブキジカ,586,0,2,みず,12.6
メブキジカ,586,0,3,フェアリー,12.6
メブキジカ,586,0,4,ほのお,9.3
メブキジカ,586,0,5,じめん,6.6
メブキジカ,586,0,6,くさ,4.6
メブキジカ,586,0,7,エスパー,3.3
メブキジカ,586,0,8,ゴースト,2.0
メブキジカ,586,0,9,こおり,0.7
メブキジカ,586,0,10,かくとう,0.7
タマゲタケ,590,0,1,ゴースト,100.0
モロバレル,591,0,1,みず,44.8
モロバレル,591,0,2,どく,14.4
モロバレル,591,0,3,フェアリー,10.5
モロバレル,591,0,4,ほのお,9.1
モロバレル,591,0,5,あく,7.2
モロバレル,591,0,6,はがね,5.1
モロバレル,591,0,7,くさ,1.6
モロバレル,591,0,8,いわ,1.4
モロバレル,591,0,9,ノーマル,1.3
モロバレル,591,0,10,ドラゴン,1.0
ママンボウ,594,0,1,フェアリー,55.9
ママンボウ,594,0,2,くさ,11.5
ママンボウ,594,0,3,はがね,6.8
ママンボウ,594,0,4,みず,6.6
ママンボウ,594,0,5,でんき,4.5
ママンボウ,594,0,6,ひこう,3.7
ママンボウ,594,0,7,ドラゴン,3.6
ママンボウ,594,0,8,ゴースト,2.8
ママンボウ,594,0,9,かくとう,1.5
ママンボウ,594,0,10,じめん,1.1
シビシラス,602,0,1,こおり,100.0
シビビール,603,0,1,でんき,87.5
シビビール,603,0,2,くさ,12.5
シビルドン,604,0,1,はがね,20.2
シビルドン,604,0,2,でんき,16.9
シビルドン,604,0,3,ゴースト,15.6
シビルドン,604,0,4,こおり,10.8
シビルドン,604,0,5,くさ,8.9
シビルドン,604,0,6,どく,7.6
シビルドン,604,0,7,フェアリー,5.2
シビルドン,604,0,8,かくとう,4.8
シビルドン,604,0,9,みず,3.9
シビルドン,604,0,10,じめん,2.2
オノンド,611,0,1,フェアリー,63.2
オノンド,611,0,2,はがね,21.1
オノンド,611,0,3,ドラゴン,10.5
オノンド,611,0,4,ほのお,5.3
オノノクス,612,0,1,はがね,60.0
オノノクス,612,0,2,ほのお,7.6
オノノクス,612,0,3,ドラゴン,6.2
オノノクス,612,0,4,じめん,5.8
オノノクス,612,0,5,フェアリー,3.8
オノノクス,612,0,6,でんき,3.7
オノノクス,612,0,7,むし,3.5
オノノクス,612,0,8,こおり,3.4
オノノクス,612,0,9,ゴースト,2.2
オノノクス,612,0,10,どく,1.5
クマシュン,613,0,1,こおり,100.0
ツンベアー,614,0,1,みず,40.6
ツンベアー,614,0,2,こおり,15.2
ツンベアー,614,0,3,じめん,10.6
ツンベアー,614,0,4,フェアリー,6.5
ツンベアー,614,0,5,かくとう,5.8
ツンベアー,614,0,6,ゴースト,4.5
ツンベアー,614,0,7,でんき,3.5
ツンベアー,614,0,8,ノーマル,2.3
ツンベアー,614,0,9,どく,2.3
ツンベアー,614,0,10,エスパー,2.3
フリージオ,615,0,1,どく,48.3
フリージオ,615,0,2,でんき,13.4
フリージオ,615,0,3,じめん,10.5
フリージオ,615,0,4,ゴースト,7.3
フリージオ,615,0,5,みず,5.9
フリージオ,615,0,6,ほのお,4.8
フリージオ,615,0,7,こおり,4.3
フリージオ,615,0,8,かくとう,1.5
フリージオ,615,0,9,いわ,1.4
フリージオ,615,0,10,はがね,0.9
コマタナ,624,0,1,あく,33.3
コマタナ,624,0,2,ひこう,33.3
コマタナ,624,0,3,かくとう,33.3
キリキザン,625,0,1,ひこう,40.7
キリキザン,625,0,2,あく,20.8
キリキザン,625,0,3,フェアリー,13.7
キリキザン,625,0,4,ゴースト,9.3
キリキザン,625,0,5,こおり,5.2
キリキザン,625,0,6,はがね,4.8
キリキザン,625,0,7,みず,3.2
キリキザン,625,0,8,エスパー,1.1
キリキザン,625,0,9,じめん,0.4
キリキザン,625,0,10,くさ,0.4
ワシボン,627,0,1,じめん,36.4
ワシボン,627,0,2,ひこう,36.4
ワシボン,627,0,3,ゴースト,18.2
ワシボン,627,0,4,ノーマル,9.1
ウォーグル,628,0,1,はがね,32.1
ウォーグル,628,0,2,ひこう,24.2
ウォーグル,628,0,3,ノーマル,14.9
ウォーグル,628,0,4,こおり,8.7
ウォーグル,628,0,5,かくとう,7.8
ウォーグル,628,0,6,じめん,5.1
ウォーグル,628,0,7,ほのお,3.6
ウォーグル,628,0,8,いわ,2.1
ウォーグル,628,0,9,フェアリー,0.9
ウォーグル,628,0,10,ゴースト,0.4
ウォーグル,628,1,1,エスパー,34.9
ウォーグル,628,1,2,フェアリー,20.7
ウォーグル,628,1,3,かくとう,15.3
ウォーグル,628,1,4,ノーマル,9.4
ウォーグル,628,1,5,あく,4.9
ウォーグル,628,1,6,みず,4.7
ウォーグル,628,1,7,はがね,3.8
ウォーグル,628,1,8,ひこう,2.6
ウォーグル,628,1,9,ほのお,1.3
ウォーグル,628,1,10,じめん,1.2
ジヘッド,634,0,1,はがね,53.6
ジヘッド,634,0,2,ほのお,25.0
ジヘッド,634,0,3,あく,10.7
ジヘッド,634,0,4,こおり,10.7
サザンドラ,635,0,1,はがね,47.5
サザンドラ,635,0,2,どく,19.1
サザンドラ,635,0,3,ゴースト,9.4
サザンドラ,635,0,4,でんき,5.6
サザンドラ,635,0,5,あく,5.2
サザンドラ,635,0,6,フェアリー,4.6
サザンドラ,635,0,7,ほのお,4.4
サザンドラ,635,0,8,ドラゴン,2.1
サザンドラ,635,0,9,みず,1.1
サザンドラ,635,0,10,ノーマル,0.3
メラルバ,636,0,1,みず,60.0
メラルバ,636,0,2,むし,40.0
ウルガモス,637,0,1,みず,45.0
ウルガモス,637,0,2,くさ,26.1
ウルガモス,637,0,3,フェアリー,16.2
ウルガモス,637,0,4,じめん,1.9
ウルガモス,637,0,5,いわ,1.7
ウルガモス,637,0,6,むし,1.5
ウルガモス,637,0,7,ほのお,1.4
ウルガモス,637,0,8,でんき,1.2
ウルガモス,637,0,9,ドラゴン,0.9
ウルガモス,637,0,10,ゴースト,0.9
トルネロス,641,0,1,こおり,35.0
トルネロス,641,0,2,じめん,18.0
トルネロス,641,0,3,ひこう,13.0
トルネロス,641,0,4,ほのお,8.8
トルネロス,641,0,5,はがね,7.3
トルネロス,641,0,6,ゴースト,5.2
トルネロス,641,0,7,あく,3.9
トルネロス,641,0,8,かくとう,2.4
トルネロス,641,0,9,いわ,2.3
トルネロス,641,0,10,フェアリー,2.1
トルネロス,641,1,1,ひこう,24.8
トルネロス,641,1,2,じめん,21.2
トルネロス,641,1,3,はがね,21.2
トルネロス,641,1,4,かくとう,8.4
トルネロス,641,1,5,こおり,8.2
トルネロス,641,1,6,ほのお,4.8
トルネロス,641,1,7,みず,2.1
トルネロス,641,1,8,フェアリー,1.9
トルネロス,641,1,9,くさ,1.8
トルネロス,641,1,10,でんき,1.7
ボルトロス,642,0,1,こおり,33.6
ボルトロス,642,0,2,でんき,19.1
ボルトロス,642,0,3,みず,16.4
ボルトロス,642,0,4,ひこう,15.9
ボルトロス,642,0,5,はがね,6.5
ボルトロス,642,0,6,かくとう,2.2
ボルトロス,642,0,7,フェアリー,1.8
ボルトロス,642,0,8,ゴースト,1.8
ボルトロス,642,0,9,いわ,0.6
ボルトロス,642,0,10,じめん,0.6
ボルトロス,642,1,1,ひこう,46.1
ボルトロス,642,1,2,こおり,27.5
ボルトロス,642,1,3,みず,18.2
ボルトロス,642,1,4,はがね,4.0
ボルトロス,642,1,5,でんき,2.8
ボルトロス,642,1,6,フェアリー,0.5
ボルトロス,642,1,7,かくとう,0.4
ボルトロス,642,1,8,ゴースト,0.2
ボルトロス,642,1,9,いわ,0.1
ボルトロス,642,1,10,ほのお,0.1
ランドロス,645,0,1,みず,21.8
ランドロス,645,0,2,こおり,17.9
ランドロス,645,0,3,どく,15.6
ランドロス,645,0,4,はがね,15.4
ランドロス,645,0,5,じめん,12.8
ランドロス,645,0,6,ひこう,5.3
ランドロス,645,0,7,フェアリー,3.1
ランドロス,645,0,8,ゴースト,2.0
ランドロス,645,0,9,かくとう,1.8
ランドロス,645,0,10,でんき,1.7
ランドロス,645,1,1,ひこう,43.7
ランドロス,645,1,2,みず,24.4
ランドロス,645,1,3,フェアリー,9.7
ランドロス,645,1,4,はがね,8.8
ランドロス,645,1,5,じめん,5.3
ランドロス,645,1,6,こおり,4.8
ランドロス,645,1,7,でんき,1.5
ランドロス,645,1,8,かくとう,0.4
ランドロス,645,1,9,くさ,0.3
ランドロス,645,1,10,ほのお,0.3
ハリマロン,650,0,1,ほのお,100.0
ハリボーグ,651,0,1,ほのお,62.4
ハリボーグ,651,0,2,みず,10.1
ハリボーグ,651,0,3,かくとう,9.0
ハリボーグ,651,0,4,ゴースト,7.4
ハリボーグ,651,0,5,どく,4.8
ハリボーグ,651,0,6,いわ,2.1
ハリボーグ,651,0,7,くさ,1.6
ハリボーグ,651,0,8,フェアリー,1.1
ハリボーグ,651,0,9,こおり,1.1
ハリボーグ,651,0,10,ノーマル,0.5
ブリガロン,652,0,1,ほのお,24.4
ブリガロン,652,0,2,みず,19.7
ブリガロン,652,0,3,フェアリー,14.4
ブリガロン,652,0,4,いわ,12.6
ブリガロン,652,0,5,どく,8.7
ブリガロン,652,0,6,はがね,8.5
ブリガロン,652,0,7,ゴースト,5.4
ブリガロン,652,0,8,くさ,2.2
ブリガロン,652,0,9,でんき,1.6
ブリガロン,652,0,10,かくとう,1.5
フォッコ,653,0,1,みず,50.0
フォッコ,653,0,2,くさ,50.0
テールナー,654,0,1,みず,30.7
テールナー,654,0,2,ひこう,21.1
テールナー,654,0,3,あく,15.8
テールナー,654,0,4,くさ,14.9
テールナー,654,0,5,ほのお,7.0
テールナー,654,0,6,フェアリー,5.3
テールナー,654,0,7,ドラゴン,3.5
テールナー,654,0,8,エスパー,0.9
テールナー,654,0,9,ノーマル,0.9
マフォクシー,655,0,1,フェアリー,39.0
マフォクシー,655,0,2,ほのお,13.8
マフォクシー,655,0,3,ゴースト,10.9
マフォクシー,655,0,4,くさ,9.9
マフォクシー,655,0,5,ノーマル,7.5
マフォクシー,655,0,6,みず,4.7
マフォクシー,655,0,7,こおり,3.4
マフォクシー,655,0,8,ひこう,2.8
マフォクシー,655,0,9,かくとう,2.6
マフォクシー,655,0,10,あく,2.4
ケロマツ,656,0,1,みず,100.0
ゲッコウガ,658,0,1,みず,70.7
ゲッコウガ,658,0,2,ゴースト,10.3
ゲッコウガ,658,0,3,どく,8.4
ゲッコウガ,658,0,4,フェアリー,2.8
ゲッコウガ,658,0,5,あく,1.8
ゲッコウガ,658,0,6,こおり,1.2
ゲッコウガ,658,0,7,でんき,1.0
ゲッコウガ,658,0,8,はがね,0.9
ゲッコウガ,658,0,9,ほのお,0.9
ゲッコウガ,658,0,10,じめん,0.7
ヤヤコマ,661,0,1,ひこう,100.0
ヒノヤコマ,662,0,1,ひこう,100.0
ファイアロー,663,0,1,ひこう,69.4
ファイアロー,663,0,2,くさ,7.6
ファイアロー,663,0,3,みず,4.3
ファイアロー,663,0,4,ドラゴン,3.4
ファイアロー,663,0,5,ノーマル,2.6
ファイアロー,663,0,6,じめん,2.5
ファイアロー,663,0,7,フェアリー,2.3
ファイアロー,663,0,8,はがね,1.8
ファイアロー,663,0,9,ほのお,1.6
ファイアロー,663,0,10,かくとう,1.4
ビビヨン,666,18,1,はがね,35.4
ビビヨン,666,18,2,ひこう,23.4
ビビヨン,666,18,3,ゴースト,13.6
ビビヨン,666,18,4,みず,11.3
ビビヨン,666,18,5,むし,5.5
ビビヨン,666,18,6,ほのお,3.3
ビビヨン,666,18,7,フェアリー,1.9
ビビヨン,666,18,8,じめん,1.9
ビビヨン,666,18,9,くさ,1.3
ビビヨン,666,18,10,いわ,0.6
シシコ,667,0,1,くさ,50.0
シシコ,667,0,2,ノーマル,50.0
カエンジシ,668,0,1,ノーマル,31.9
カエンジシ,668,0,2,フェアリー,21.6
カエンジシ,668,0,3,ほのお,15.2
カエンジシ,668,0,4,くさ,13.7
カエンジシ,668,0,5,ゴースト,6.4
カエンジシ,668,0,6,みず,5.9
カエンジシ,668,0,7,かくとう,2.5
カエンジシ,668,0,8,こおり,1.0
カエンジシ,668,0,9,エスパー,0.5
カエンジシ,668,0,10,あく,0.5
フラベベ,669,0,1,くさ,100.0
フラエッテ,670,0,1,くさ,96.4
フラエッテ,670,0,2,ほのお,3.6
フラージェス,671,0,1,くさ,63.9
フラージェス,671,0,2,じめん,13.8
フラージェス,671,0,3,ほのお,11.3
フラージェス,671,0,4,みず,4.7
フラージェス,671,0,5,はがね,2.4
フラージェス,671,0,6,フェアリー,1.5
フラージェス,671,0,7,どく,0.7
フラージェス,671,0,8,でんき,0.3
フラージェス,671,0,9,いわ,0.3
フラージェス,671,0,10,かくとう,0.2
メェークル,672,0,1,みず,50.0
メェークル,672,0,2,くさ,50.0
ゴーゴート,673,0,1,みず,29.6
ゴーゴート,673,0,2,ほのお,16.8
ゴーゴート,673,0,3,いわ,16.2
ゴーゴート,673,0,4,どく,12.5
ゴーゴート,673,0,5,じめん,7.0
ゴーゴート,673,0,6,フェアリー,6.1
ゴーゴート,673,0,7,こおり,5.5
ゴーゴート,673,0,8,でんき,2.1
ゴーゴート,673,0,9,くさ,1.8
ゴーゴート,673,0,10,はがね,1.2
クズモー,690,0,1,みず,77.8
クズモー,690,0,2,くさ,22.2
ドラミドロ,691,0,1,みず,61.2
ドラミドロ,691,0,2,どく,8.1
ドラミドロ,691,0,3,フェアリー,5.6
ドラミドロ,691,0,4,ほのお,4.4
ドラミドロ,691,0,5,ゴースト,3.1
ドラミドロ,691,0,6,ドラゴン,2.8
ドラミドロ,691,0,7,あく,2.5
ドラミドロ,691,0,8,じめん,2.2
ドラミドロ,691,0,9,こおり,2.1
ドラミドロ,691,0,10,かくとう,1.9
ウデッポウ,692,0,1,みず,100.0
ブロスター,693,0,1,ドラゴン,30.2
ブロスター,693,0,2,みず,18.5
ブロスター,693,0,3,かくとう,17.1
ブロスター,693,0,4,あく,9.9
ブロスター,693,0,5,でんき,6.8
ブロスター,693,0,6,はがね,3.7
ブロスター,693,0,7,くさ,2.9
ブロスター,693,0,8,ひこう,2.4
ブロスター,693,0,9,こおり,2.1
ブロスター,693,0,10,どく,1.9
ニンフィア,700,0,1,じめん,29.8
ニンフィア,700,0,2,みず,28.5
ニンフィア,700,0,3,ほのお,26.8
ニンフィア,700,0,4,フェアリー,7.7
ニンフィア,700,0,5,ノーマル,1.9
ニンフィア,700,0,6,はがね,1.9
ニンフィア,700,0,7,かくとう,0.6
ニンフィア,700,0,8,ゴースト,0.5
ニンフィア,700,0,9,くさ,0.5
ニンフィア,700,0,10,でんき,0.5
ルチャブル,701,0,1,はがね,42.9
ルチャブル,701,0,2,ひこう,32.1
ルチャブル,701,0,3,かくとう,7.3
ルチャブル,701,0,4,ゴースト,4.9
ルチャブル,701,0,5,じめん,4.0
ルチャブル,701,0,6,ほのお,3.8
ルチャブル,701,0,7,フェアリー,1.9
ルチャブル,701,0,8,こおり,1.1
ルチャブル,701,0,9,でんき,0.7
ルチャブル,701,0,10,どく,0.3
デデンネ,702,0,1,こおり,33.8
デデンネ,702,0,2,でんき,22.1
デデンネ,702,0,3,フェアリー,19.1
デデンネ,702,0,4,ノーマル,8.8
デデンネ,702,0,5,ひこう,4.4
デデンネ,702,0,6,むし,4.4
デデンネ,702,0,7,あく,1.5
デデンネ,702,0,8,くさ,1.5
デデンネ,702,0,9,みず,1.5
デデンネ,702,0,10,ゴースト,1.5
メレシー,703,0,1,かくとう,46.7
メレシー,703,0,2,みず,16.0
メレシー,703,0,3,フェアリー,12.4
メレシー,703,0,4,いわ,9.3
メレシー,703,0,5,くさ,8.9
メレシー,703,0,6,ひこう,1.8
メレシー,703,0,7,ノーマル,1.3
メレシー,703,0,8,はがね,1.3
メレシー,703,0,9,こおり,0.9
メレシー,703,0,10,どく,0.9
ヌメラ,704,0,1,ゴースト,100.0
ヌメイル,705,0,1,みず,54.5
ヌメイル,705,0,2,ドラゴン,18.2
ヌメイル,705,0,3,どく,18.2
ヌメイル,705,0,4,はがね,9.1
ヌメイル,705,1,1,ひこう,45.4
ヌメイル,705,1,2,ゴースト,31.9
ヌメイル,705,1,3,くさ,6.7
ヌメイル,705,1,4,みず,6.7
ヌメイル,705,1,5,フェアリー,5.0
ヌメイル,705,1,6,はがね,3.4
ヌメイル,705,1,7,ドラゴン,0.8
ヌメルゴン,706,0,1,みず,28.5
ヌメルゴン,706,0,2,はがね,27.2
ヌメルゴン,706,0,3,どく,19.8
ヌメルゴン,706,0,4,フェアリー,9.5
ヌメルゴン,706,0,5,ほのお,3.8
ヌメルゴン,706,0,6,でんき,2.5
ヌメルゴン,706,0,7,ドラゴン,2.4
ヌメルゴン,706,0,8,ノーマル,1.7
ヌメルゴン,706,0,9,こおり,1.2
ヌメルゴン,706,0,10,じめん,0.9
ヌメルゴン,706,1,1,ひこう,36.0
ヌメルゴン,706,1,2,フェアリー,33.0
ヌメルゴン,706,1,3,みず,14.6
ヌメルゴン,706,1,4,ゴースト,5.0
ヌメルゴン,706,1,5,むし,3.2
ヌメルゴン,706,1,6,はがね,3.1
ヌメルゴン,706,1,7,ドラゴン,2.0
ヌメルゴン,706,1,8,かくとう,0.9
ヌメルゴン,706,1,9,じめん,0.8
ヌメルゴン,706,1,10,どく,0.8
クレッフィ,707,0,1,フェアリー,54.2
クレッフィ,707,0,2,みず,16.0
クレッフィ,707,0,3,ひこう,10.9
クレッフィ,707,0,4,エスパー,6.1
クレッフィ,707,0,5,あく,3.6
クレッフィ,707,0,6,じめん,3.2
クレッフィ,707,0,7,はがね,2.7
クレッフィ,707,0,8,ドラゴン,1.3
クレッフィ,707,0,9,こおり,0.6
クレッフィ,707,0,10,かくとう,0.4
クレベース,713,0,1,かくとう,42.0
クレベース,713,0,2,ゴースト,18.1
クレベース,713,0,3,みず,14.4
クレベース,713,0,4,フェアリー,9.7
クレベース,713,0,5,どく,4.8
クレベース,713,0,6,ひこう,2.0
クレベース,713,0,7,ドラゴン,1.5
クレベース,713,0,8,くさ,1.5
クレベース,713,0,9,でんき,1.4
クレベース,713,0,10,じめん,1.0
クレベース,713,1,1,ゴースト,20.9
クレベース,713,1,2,こおり,15.0
クレベース,713,1,3,フェアリー,13.8
クレベース,713,1,4,じめん,12.7
クレベース,713,1,5,かくとう,10.1
クレベース,713,1,6,みず,9.4
クレベース,713,1,7,ひこう,6.9
クレベース,713,1,8,くさ,6.8
クレベース,713,1,9,いわ,1.6
クレベース,713,1,10,でんき,1.5
オンバーン,715,0,1,ノーマル,65.8
オンバーン,715,0,2,こおり,9.2
オンバーン,715,0,3,ひこう,6.3
オンバーン,715,0,4,はがね,5.4
オンバーン,715,0,5,ほのお,4.6
オンバーン,715,0,6,ドラゴン,1.9
オンバーン,715,0,7,フェアリー,1.4
オンバーン,715,0,8,じめん,1.4
オンバーン,715,0,9,ゴースト,1.0
オンバーン,715,0,10,みず,0.9
モクロー,722,0,1,みず,78.3
モクロー,722,0,2,くさ,13.0
モクロー,722,0,3,ひこう,4.3
モクロー,722,0,4,あく,4.3
フクスロー,723,0,1,いわ,28.6
フクスロー,723,0,2,みず,28.6
フクスロー,723,0,3,どく,28.6
フクスロー,723,0,4,はがね,14.3
ジュナイパー,724,0,1,ひこう,19.6
ジュナイパー,724,0,2,みず,18.2
ジュナイパー,724,0,3,くさ,12.0
ジュナイパー,724,0,4,フェアリー,12.0
ジュナイパー,724,0,5,ゴースト,7.6
ジュナイパー,724,0,6,はがね,6.4
ジュナイパー,724,0,7,こおり,5.6
ジュナイパー,724,0,8,ほのお,3.9
ジュナイパー,724,0,9,ノーマル,3.9
ジュナイパー,724,0,10,あく,3.4
ジュナイパー,724,1,1,はがね,17.1
ジュナイパー,724,1,2,かくとう,14.7
ジュナイパー,724,1,3,ゴースト,14.6
ジュナイパー,724,1,4,ほのお,13.0
ジュナイパー,724,1,5,みず,9.8
ジュナイパー,724,1,6,いわ,9.6
ジュナイパー,724,1,7,くさ,6.3
ジュナイパー,724,1,8,フェアリー,4.6
ジュナイパー,724,1,9,こおり,3.0
ジュナイパー,724,1,10,ひこう,2.3
デカグース,735,0,1,エスパー,58.7
デカグース,735,0,2,ノーマル,34.8
デカグース,735,0,3,じめん,4.3
デカグース,735,0,4,むし,2.2
マケンカニ,739,0,1,みず,100.0
ケケンカニ,740,0,1,でんき,22.0
ケケンカニ,740,0,2,みず,21.3
ケケンカニ,740,0,3,かくとう,20.4
ケケンカニ,740,0,4,ゴースト,18.7
ケケンカニ,740,0,5,ほのお,4.9
ケケンカニ,740,0,6,じめん,4.2
ケケンカニ,740,0,7,どく,3.3
ケケンカニ,740,0,8,フェアリー,1.9
ケケンカニ,740,0,9,いわ,1.4
ケケンカニ,740,0,10,くさ,0.7
オドリドリ,741,0,1,くさ,50.7
オドリドリ,741,0,2,はがね,19.7
オドリドリ,741,0,3,フェアリー,9.3
オドリドリ,741,0,4,ひこう,5.0
オドリドリ,741,0,5,ドラゴン,4.6
オドリドリ,741,0,6,じめん,3.4
オドリドリ,741,0,7,ゴースト,2.2
オドリドリ,741,0,8,でんき,1.4
オドリドリ,741,0,9,みず,1.2
オドリドリ,741,0,10,ほのお,1.2
オドリドリ,741,1,1,はがね,26.9
オドリドリ,741,1,2,フェアリー,21.4
オドリドリ,741,1,3,こおり,19.2
オドリドリ,741,1,4,みず,14.5
オドリドリ,741,1,5,ほのお,5.7
オドリドリ,741,1,6,かくとう,2.9
オドリドリ,741,1,7,ひこう,2.7
オドリドリ,741,1,8,でんき,2.4
オドリドリ,741,1,9,じめん,1.5
オドリドリ,741,1,10,ノーマル,1.3
オドリドリ,741,2,1,くさ,60.0
オドリドリ,741,2,2,エスパー,40.0
オドリドリ,741,3,1,フェアリー,36.8
オドリドリ,741,3,2,みず,27.2
オドリドリ,741,3,3,かくとう,15.4
オドリドリ,741,3,4,ほのお,6.5
オドリドリ,741,3,5,ひこう,2.8
オドリドリ,741,3,6,こおり,2.8
オドリドリ,741,3,7,じめん,2.3
オドリドリ,741,3,8,くさ,2.3
オドリドリ,741,3,9,ゴースト,1.3
オドリドリ,741,3,10,むし,0.8
ルガルガン,745,0,1,いわ,54.8
ルガルガン,745,0,2,フェアリー,9.6
ルガルガン,745,0,3,ゴースト,9.0
ルガルガン,745,0,4,ひこう,7.3
ルガルガン,745,0,5,かくとう,7.3
ルガルガン,745,0,6,はがね,6.2
ルガルガン,745,0,7,こおり,2.3
ルガルガン,745,0,8,くさ,1.1
ルガルガン,745,0,9,じめん,1.1
ルガルガン,745,0,10,でんき,0.6
ルガルガン,745,1,1,かくとう,32.1
ルガルガン,745,1,2,ゴースト,21.4
ルガルガン,745,1,3,いわ,17.9
ルガルガン,745,1,4,じめん,8.0
ルガルガン,745,1,5,フェアリー,7.1
ルガルガン,745,1,6,ひこう,7.1
ルガルガン,745,1,7,ほのお,5.4
ルガルガン,745,1,8,むし,0.9
ルガルガン,745,2,1,いわ,34.9
ルガルガン,745,2,2,かくとう,28.3
ルガルガン,745,2,3,フェアリー,9.3
ルガルガン,745,2,4,ゴースト,9.1
ルガルガン,745,2,5,くさ,8.9
ルガルガン,745,2,6,あく,2.5
ルガルガン,745,2,7,エスパー,1.9
ルガルガン,745,2,8,ひこう,1.5
ルガルガン,745,2,9,こおり,1.0
ルガルガン,745,2,10,じめん,0.8
ドヒドイデ,748,0,1,フェアリー,37.8
ドヒドイデ,748,0,2,くさ,21.4
ドヒドイデ,748,0,3,どく,15.9
ドヒドイデ,748,0,4,みず,4.4
ドヒドイデ,748,0,5,ノーマル,4.0
ドヒドイデ,748,0,6,むし,4.0
ドヒドイデ,748,0,7,ひこう,3.6
ドヒドイデ,748,0,8,じめん,2.7
ドヒドイデ,748,0,9,あく,1.3
ドヒドイデ,748,0,10,エスパー,1.0
ドロバンコ,749,0,1,はがね,66.7
ドロバンコ,749,0,2,かくとう,33.3
バンバドロ,750,0,1,はがね,29.2
バンバドロ,750,0,2,かくとう,20.1
バンバドロ,750,0,3,みず,13.8
バンバドロ,750,0,4,フェアリー,9.8
バンバドロ,750,0,5,くさ,6.9
バンバドロ,750,0,6,どく,6.3
バンバドロ,750,0,7,でんき,3.4
バンバドロ,750,0,8,ノーマル,2.6
バンバドロ,750,0,9,ゴースト,1.7
バンバドロ,750,0,10,ドラゴン,1.6
カリキリ,753,0,1,くさ,100.0
ラランテス,754,0,1,みず,38.6
ラランテス,754,0,2,ほのお,17.5
ラランテス,754,0,3,じめん,10.1
ラランテス,754,0,4,いわ,8.4
ラランテス,754,0,5,くさ,8.0
ラランテス,754,0,6,でんき,3.6
ラランテス,754,0,7,はがね,3.0
ラランテス,754,0,8,かくとう,2.7
ラランテス,754,0,9,フェアリー,2.1
ラランテス,754,0,10,あく,2.1
ヤトウモリ,757,0,1,むし,50.0
ヤトウモリ,757,0,2,ほのお,50.0
エンニュート,758,0,1,ひこう,30.4
エンニュート,758,0,2,くさ,22.8
エンニュート,758,0,3,ほのお,14.6
エンニュート,758,0,4,どく,13.9
エンニュート,758,0,5,ドラゴン,6.3
エンニュート,758,0,6,ゴースト,3.6
エンニュート,758,0,7,ノーマル,2.7
エンニュート,758,0,8,じめん,1.7
エンニュート,758,0,9,こおり,1.5
エンニュート,758,0,10,あく,1.1
アマージョ,763,0,1,フェアリー,25.7
アマージョ,763,0,2,みず,17.1
アマージョ,763,0,3,ほのお,16.9
アマージョ,763,0,4,いわ,15.0
アマージョ,763,0,5,くさ,4.4
アマージョ,763,0,6,こおり,3.9
アマージョ,763,0,7,エスパー,2.4
アマージョ,763,0,8,かくとう,2.3
アマージョ,763,0,9,ノーマル,2.1
アマージョ,763,0,10,どく,1.8
ヤレユータン,765,0,1,ノーマル,56.0
ヤレユータン,765,0,2,エスパー,16.0
ヤレユータン,765,0,3,でんき,12.0
ヤレユータン,765,0,4,ひこう,8.0
ヤレユータン,765,0,5,フェアリー,8.0
ナゲツケサル,766,0,1,はがね,73.0
ナゲツケサル,766,0,2,どく,9.0
ナゲツケサル,766,0,3,こおり,8.5
ナゲツケサル,766,0,4,かくとう,4.5
ナゲツケサル,766,0,5,フェアリー,1.5
ナゲツケサル,766,0,6,あく,1.0
ナゲツケサル,766,0,7,くさ,1.0
ナゲツケサル,766,0,8,ほのお,0.5
ナゲツケサル,766,0,9,いわ,0.5
ナゲツケサル,766,0,10,みず,0.5
シロデスナ,770,0,1,くさ,53.5
シロデスナ,770,0,2,みず,14.0
シロデスナ,770,0,3,ゴースト,7.6
シロデスナ,770,0,4,はがね,6.8
シロデスナ,770,0,5,ノーマル,5.8
シロデスナ,770,0,6,どく,5.6
シロデスナ,770,0,7,じめん,2.3
シロデスナ,770,0,8,フェアリー,1.6
シロデスナ,770,0,9,ほのお,0.8
シロデスナ,770,0,10,ドラゴン,0.7
ネッコアラ,775,0,1,ゴースト,33.6
ネッコアラ,775,0,2,フェアリー,23.1
ネッコアラ,775,0,3,じめん,14.0
ネッコアラ,775,0,4,ノーマル,12.6
ネッコアラ,775,0,5,でんき,4.2
ネッコアラ,775,0,6,あく,2.8
ネッコアラ,775,0,7,ひこう,2.8
ネッコアラ,775,0,8,ほのお,2.1
ネッコアラ,775,0,9,どく,2.1
ネッコアラ,775,0,10,はがね,1.4
ミミッキュ,778,0,1,ゴースト,45.5
ミミッキュ,778,0,2,フェアリー,25.7
ミミッキュ,778,0,3,かくとう,8.1
ミミッキュ,778,0,4,みず,6.1
ミミッキュ,778,0,5,ノーマル,4.6
ミミッキュ,778,0,6,くさ,4.1
ミミッキュ,778,0,7,はがね,1.4
ミミッキュ,778,0,8,ほのお,1.4
ミミッキュ,778,0,9,ひこう,1.0
ミミッキュ,778,0,10,じめん,0.9
ハギギシリ,779,0,1,エスパー,36.4
ハギギシリ,779,0,2,こおり,17.9
ハギギシリ,779,0,3,みず,17.1
ハギギシリ,779,0,4,あく,8.6
ハギギシリ,779,0,5,フェアリー,5.0
ハギギシリ,779,0,6,かくとう,4.3
ハギギシリ,779,0,7,ひこう,2.9
ハギギシリ,779,0,8,くさ,2.9
ハギギシリ,779,0,9,ゴースト,2.1
ハギギシリ,779,0,10,どく,2.1
バチンキー,811,0,1,みず,22.9
バチンキー,811,0,2,くさ,15.7
バチンキー,811,0,3,でんき,12.0
バチンキー,811,0,4,どく,12.0
バチンキー,811,0,5,フェアリー,8.4
バチンキー,811,0,6,ほのお,8.4
バチンキー,811,0,7,ゴースト,3.6
バチンキー,811,0,8,ノーマル,3.6
バチンキー,811,0,9,いわ,3.6
バチンキー,811,0,10,こおり,3.6
ゴリランダー,812,0,1,いわ,24.7
ゴリランダー,812,0,2,みず,16.4
ゴリランダー,812,0,3,ほのお,15.1
ゴリランダー,812,0,4,こおり,9.2
ゴリランダー,812,0,5,くさ,7.8
ゴリランダー,812,0,6,はがね,7.1
ゴリランダー,812,0,7,どく,3.2
ゴリランダー,812,0,8,かくとう,3.2
ゴリランダー,812,0,9,ノーマル,3.0
ゴリランダー,812,0,10,でんき,2.7
ヒバニー,813,0,1,ほのお,100.0
ラビフット,814,0,1,かくとう,50.0
ラビフット,814,0,2,ほのお,37.5
ラビフット,814,0,3,ノーマル,12.5
エースバーン,815,0,1,ほのお,47.2
エースバーン,815,0,2,かくとう,19.6
エースバーン,815,0,3,こおり,11.2
エースバーン,815,0,4,くさ,5.1
エースバーン,815,0,5,フェアリー,3.3
エースバーン,815,0,6,ひこう,2.7
エースバーン,815,0,7,はがね,2.0
エースバーン,815,0,8,あく,1.8
エースバーン,815,0,9,でんき,1.8
エースバーン,815,0,10,ノーマル,1.4
メッソン,816,0,1,こおり,88.9
メッソン,816,0,2,みず,11.1
インテレオン,818,0,1,みず,59.3
インテレオン,818,0,2,こおり,14.5
インテレオン,818,0,3,でんき,5.9
インテレオン,818,0,4,ひこう,5.4
インテレオン,818,0,5,ゴースト,3.4
インテレオン,818,0,6,あく,3.1
インテレオン,818,0,7,じめん,2.7
インテレオン,818,0,8,くさ,2.5
インテレオン,818,0,9,ドラゴン,1.0
インテレオン,818,0,10,むし,0.9
ホシガリス,819,0,1,ゴースト,100.0
ヨクバリス,820,0,1,かくとう,19.8
ヨクバリス,820,0,2,ゴースト,15.5
ヨクバリス,820,0,3,くさ,15.3
ヨクバリス,820,0,4,じめん,10.2
ヨクバリス,820,0,5,みず,10.2
ヨクバリス,820,0,6,フェアリー,9.6
ヨクバリス,820,0,7,ノーマル,4.5
ヨクバリス,820,0,8,はがね,3.7
ヨクバリス,820,0,9,ひこう,2.8
ヨクバリス,820,0,10,むし,2.3
アーマーガア,823,0,1,ドラゴン,25.8
アーマーガア,823,0,2,かくとう,22.3
アーマーガア,823,0,3,みず,9.5
アーマーガア,823,0,4,ひこう,8.1
アーマーガア,823,0,5,フェアリー,6.7
アーマーガア,823,0,6,じめん,6.1
アーマーガア,823,0,7,あく,6.0
アーマーガア,823,0,8,ほのお,4.5
アーマーガア,823,0,9,ノーマル,3.0
アーマーガア,823,0,10,ゴースト,2.0
カムカメ,833,0,1,フェアリー,100.0
カジリガメ,834,0,1,みず,23.0
カジリガメ,834,0,2,フェアリー,20.9
カジリガメ,834,0,3,くさ,17.2
カジリガメ,834,0,4,ひこう,10.2
カジリガメ,834,0,5,じめん,8.4
カジリガメ,834,0,6,むし,7.8
カジリガメ,834,0,7,いわ,5.7
カジリガメ,834,0,8,こおり,3.3
カジリガメ,834,0,9,ゴースト,1.4
カジリガメ,834,0,10,ドラゴン,0.8
トロッゴン,838,0,1,ひこう,50.0
トロッゴン,838,0,2,くさ,31.8
トロッゴン,838,0,3,ドラゴン,9.1
トロッゴン,838,0,4,じめん,4.5
トロッゴン,838,0,5,いわ,4.5
セキタンザン,839,0,1,くさ,56.5
セキタンザン,839,0,2,ひこう,12.2
セキタンザン,839,0,3,むし,9.7
セキタンザン,839,0,4,かくとう,6.6
セキタンザン,839,0,5,みず,5.9
セキタンザン,839,0,6,ノーマル,3.0
セキタンザン,839,0,7,フェアリー,2.4
セキタンザン,839,0,8,ほのお,1.1
セキタンザン,839,0,9,いわ,1.0
セキタンザン,839,0,10,ドラゴン,0.7
カジッチュ,840,0,1,はがね,66.7
カジッチュ,840,0,2,ほのお,33.3
アップリュー,841,0,1,はがね,32.6
アップリュー,841,0,2,ほのお,16.5
アップリュー,841,0,3,ドラゴン,13.2
アップリュー,841,0,4,ひこう,8.7
アップリュー,841,0,5,くさ,8.4
アップリュー,841,0,6,あく,7.8
アップリュー,841,0,7,みず,5.7
アップリュー,841,0,8,じめん,4.8
アップリュー,841,0,9,ゴースト,0.9
アップリュー,841,0,10,こおり,0.6
タルップル,842,0,1,くさ,21.5
タルップル,842,0,2,はがね,17.6
タルップル,842,0,3,フェアリー,15.2
タルップル,842,0,4,みず,10.2
タルップル,842,0,5,ほのお,8.4
タルップル,842,0,6,かくとう,8.2
タルップル,842,0,7,ゴースト,6.3
タルップル,842,0,8,どく,3.7
タルップル,842,0,9,でんき,3.0
タルップル,842,0,10,じめん,3.0
サダイジャ,844,0,1,みず,24.6
サダイジャ,844,0,2,はがね,19.3
サダイジャ,844,0,3,フェアリー,13.5
サダイジャ,844,0,4,いわ,9.9
サダイジャ,844,0,5,ほのお,6.4
サダイジャ,844,0,6,くさ,5.8
サダイジャ,844,0,7,じめん,5.8
サダイジャ,844,0,8,どく,3.5
サダイジャ,844,0,9,かくとう,3.5
サダイジャ,844,0,10,ノーマル,2.3
カマスジョー,847,0,1,みず,65.2
カマスジョー,847,0,2,こおり,10.3
カマスジョー,847,0,3,フェアリー,6.7
カマスジョー,847,0,4,ゴースト,6.3
カマスジョー,847,0,5,かくとう,4.6
カマスジョー,847,0,6,くさ,3.2
カマスジョー,847,0,7,ひこう,1.3
カマスジョー,847,0,8,いわ,0.6
カマスジョー,847,0,9,でんき,0.4
カマスジョー,847,0,10,ノーマル,0.4
ストリンダー,849,0,1,ノーマル,92.3
ストリンダー,849,0,2,ひこう,2.8
ストリンダー,849,0,3,でんき,2.2
ストリンダー,849,0,4,くさ,1.1
ストリンダー,849,0,5,こおり,0.7
ストリンダー,849,0,6,ゴースト,0.3
ストリンダー,849,0,7,フェアリー,0.2
ストリンダー,849,0,8,どく,0.2
ストリンダー,849,0,9,かくとう,0.1
ストリンダー,849,0,10,むし,0.1
ストリンダー,849,1,1,ノーマル,84.9
ストリンダー,849,1,2,でんき,6.9
ストリンダー,849,1,3,ひこう,5.2
ストリンダー,849,1,4,あく,1.2
ストリンダー,849,1,5,みず,0.9
ストリンダー,849,1,6,くさ,0.5
ストリンダー,849,1,7,どく,0.3
ストリンダー,849,1,8,ゴースト,0.2
ヤバチャ,854,0,1,ゴースト,100.0
ポットデス,855,0,1,かくとう,42.5
ポットデス,855,0,2,みず,25.4
ポットデス,855,0,3,フェアリー,11.1
ポットデス,855,0,4,ノーマル,7.5
ポットデス,855,0,5,くさ,3.3
ポットデス,855,0,6,ゴースト,2.9
ポットデス,855,0,7,ほのお,2.1
ポットデス,855,0,8,はがね,2.0
ポットデス,855,0,9,エスパー,0.8
ポットデス,855,0,10,あく,0.8
テブリム,857,0,1,ノーマル,57.1
テブリム,857,0,2,フェアリー,32.1
テブリム,857,0,3,ほのお,3.6
テブリム,857,0,4,どく,3.6
テブリム,857,0,5,エスパー,3.6
ブリムオン,858,0,1,みず,26.2
ブリムオン,858,0,2,ほのお,15.7
ブリムオン,858,0,3,ノーマル,13.4
ブリムオン,858,0,4,はがね,9.2
ブリムオン,858,0,5,じめん,7.8
ブリムオン,858,0,6,エスパー,7.1
ブリムオン,858,0,7,くさ,5.3
ブリムオン,858,0,8,フェアリー,5.3
ブリムオン,858,0,9,あく,3.3
ブリムオン,858,0,10,ひこう,2.7
ベロバー,859,0,1,あく,100.0
オーロンゲ,861,0,1,フェアリー,22.9
オーロンゲ,861,0,2,あく,22.5
オーロンゲ,861,0,3,ゴースト,13.7
オーロンゲ,861,0,4,はがね,11.4
オーロンゲ,861,0,5,どく,9.4
オーロンゲ,861,0,6,ほのお,5.3
オーロンゲ,861,0,7,みず,4.2
オーロンゲ,861,0,8,かくとう,3.5
オーロンゲ,861,0,9,くさ,1.8
オーロンゲ,861,0,10,じめん,1.5
ニャイキング,863,0,1,かくとう,34.7
ニャイキング,863,0,2,はがね,20.0
ニャイキング,863,0,3,ひこう,17.3
ニャイキング,863,0,4,じめん,14.7
ニャイキング,863,0,5,フェアリー,10.7
ニャイキング,863,0,6,みず,1.3
ニャイキング,863,0,7,ゴースト,1.3
タイレーツ,870,0,1,はがね,33.5
タイレーツ,870,0,2,ゴースト,27.2
タイレーツ,870,0,3,でんき,21.8
タイレーツ,870,0,4,フェアリー,5.8
タイレーツ,870,0,5,かくとう,4.4
タイレーツ,870,0,6,あく,2.9
タイレーツ,870,0,7,むし,2.4
タイレーツ,870,0,8,ほのお,1.0
タイレーツ,870,0,9,こおり,1.0
バチンウニ,871,0,1,ゴースト,36.6
バチンウニ,871,0,2,フェアリー,15.1
バチンウニ,871,0,3,でんき,10.8
バチンウニ,871,0,4,みず,9.7
バチンウニ,871,0,5,ひこう,8.6
バチンウニ,871,0,6,あく,8.6
バチンウニ,871,0,7,こおり,6.5
バチンウニ,871,0,8,くさ,2.2
バチンウニ,871,0,9,どく,1.1
バチンウニ,871,0,10,はがね,1.1
ユキハミ,872,0,1,むし,100.0
モスノウ,873,0,1,みず,65.8
モスノウ,873,0,2,じめん,15.5
モスノウ,873,0,3,でんき,5.1
モスノウ,873,0,4,ゴースト,4.4
モスノウ,873,0,5,ほのお,1.4
モスノウ,873,0,6,いわ,1.4
モスノウ,873,0,7,くさ,1.0
モスノウ,873,0,8,かくとう,0.9
モスノウ,873,0,9,こおり,0.9
モスノウ,873,0,10,あく,0.8
イシヘンジン,874,0,1,くさ,36.4
イシヘンジン,874,0,2,かくとう,18.2
イシヘンジン,874,0,3,ひこう,18.2
イシヘンジン,874,0,4,ゴースト,15.2
イシヘンジン,874,0,5,いわ,6.1
イシヘンジン,874,0,6,こおり,3.0
イシヘンジン,874,0,7,じめん,3.0
コオリッポ,875,0,1,こおり,26.8
コオリッポ,875,0,2,ゴースト,18.5
コオリッポ,875,0,3,みず,17.1
コオリッポ,875,0,4,ほのお,16.9
コオリッポ,875,0,5,じめん,6.1
コオリッポ,875,0,6,くさ,4.1
コオリッポ,875,0,7,フェアリー,3.9
コオリッポ,875,0,8,かくとう,3.6
コオリッポ,875,0,9,はがね,2.5
コオリッポ,875,0,10,でんき,0.3
イエッサン,876,0,1,エスパー,26.8
イエッサン,876,0,2,フェアリー,23.8
イエッサン,876,0,3,かくとう,19.7
イエッサン,876,0,4,ほのお,5.6
イエッサン,876,0,5,じめん,5.2
イエッサン,876,0,6,ノーマル,3.7
イエッサン,876,0,7,くさ,3.7
イエッサン,876,0,8,あく,3.3
イエッサン,876,0,9,こおり,3.3
イエッサン,876,0,10,はがね,1.9
イエッサン,876,1,1,かくとう,32.0
イエッサン,876,1,2,フェアリー,26.9
イエッサン,876,1,3,エスパー,10.5
イエッサン,876,1,4,くさ,6.9
イエッサン,876,1,5,みず,5.5
イエッサン,876,1,6,ほのお,5.5
イエッサン,876,1,7,ドラゴン,2.5
イエッサン,876,1,8,ひこう,2.2
イエッサン,876,1,9,はがね,1.8
イエッサン,876,1,10,ノーマル,1.5
ダイオウドウ,879,0,1,フェアリー,43.8
ダイオウドウ,879,0,2,ひこう,24.0
ダイオウドウ,879,0,3,はがね,11.0
ダイオウドウ,879,0,4,みず,10.6
ダイオウドウ,879,0,5,エスパー,3.1
ダイオウドウ,879,0,6,ほのお,2.4
ダイオウドウ,879,0,7,くさ,1.0
ダイオウドウ,879,0,8,こおり,1.0
ダイオウドウ,879,0,9,ゴースト,1.0
ダイオウドウ,879,0,10,じめん,1.0
ドラパルト,887,0,1,ドラゴン,38.0
ドラパルト,887,0,2,はがね,18.5
ドラパルト,887,0,3,ゴースト,17.7
ドラパルト,887,0,4,ほのお,6.9
ドラパルト,887,0,5,フェアリー,6.6
ドラパルト,887,0,6,みず,3.6
ドラパルト,887,0,7,ノーマル,1.8
ドラパルト,887,0,8,でんき,1.3
ドラパルト,887,0,9,かくとう,1.3
ドラパルト,887,0,10,こおり,1.2
ダクマ,891,0,1,かくとう,87.5
ダクマ,891,0,2,はがね,12.5
ウーラオス,892,0,1,あく,67.4
ウーラオス,892,0,2,どく,15.9
ウーラオス,892,0,3,はがね,8.1
ウーラオス,892,0,4,かくとう,4.0
ウーラオス,892,0,5,フェアリー,1.9
ウーラオス,892,0,6,ゴースト,1.2
ウーラオス,892,0,7,でんき,0.5
ウーラオス,892,0,8,みず,0.3
ウーラオス,892,0,9,ほのお,0.2
ウーラオス,892,0,10,くさ,0.2
ウーラオス,892,1,1,みず,60.0
ウーラオス,892,1,2,でんき,10.0
ウーラオス,892,1,3,どく,8.9
ウーラオス,892,1,4,はがね,8.8
ウーラオス,892,1,5,かくとう,6.5
ウーラオス,892,1,6,フェアリー,1.8
ウーラオス,892,1,7,ほのお,1.0
ウーラオス,892,1,8,くさ,0.8
ウーラオス,892,1,9,ゴースト,0.8
ウーラオス,892,1,10,じめん,0.6
レジエレキ,894,0,1,こおり,82.5
レジエレキ,894,0,2,でんき,8.9
レジエレキ,894,0,3,みず,3.1
レジエレキ,894,0,4,ノーマル,2.4
レジエレキ,894,0,5,くさ,0.9
レジエレキ,894,0,6,ひこう,0.8
レジエレキ,894,0,7,ゴースト,0.8
レジエレキ,894,0,8,フェアリー,0.4
レジエレキ,894,0,9,じめん,0.1
レジエレキ,894,0,10,いわ,0.1
レジドラゴ,895,0,1,はがね,61.1
レジドラゴ,895,0,2,ドラゴン,33.1
レジドラゴ,895,0,3,ほのお,2.1
レジドラゴ,895,0,4,どく,1.4
レジドラゴ,895,0,5,フェアリー,1.3
レジドラゴ,895,0,6,じめん,0.3
レジドラゴ,895,0,7,ノーマル,0.3
レジドラゴ,895,0,8,こおり,0.2
レジドラゴ,895,0,9,ひこう,0.1
レジドラゴ,895,0,10,ゴースト,0.0
ブリザポス,896,0,1,でんき,43.5
ブリザポス,896,0,2,フェアリー,16.1
ブリザポス,896,0,3,みず,12.9
ブリザポス,896,0,4,じめん,7.4
ブリザポス,896,0,5,ゴースト,6.0
ブリザポス,896,0,6,こおり,3.1
ブリザポス,896,0,7,かくとう,2.9
ブリザポス,896,0,8,くさ,2.2
ブリザポス,896,0,9,ほのお,2.2
ブリザポス,896,0,10,どく,2.1
レイスポス,897,0,1,フェアリー,71.3
レイスポス,897,0,2,かくとう,14.2
レイスポス,897,0,3,ゴースト,4.6
レイスポス,897,0,4,みず,2.6
レイスポス,897,0,5,ノーマル,2.1
レイスポス,897,0,6,はがね,1.6
レイスポス,897,0,7,あく,1.2
レイスポス,897,0,8,こおり,0.7
レイスポス,897,0,9,じめん,0.5
レイスポス,897,0,10,ひこう,0.3
アヤシシ,899,0,1,フェアリー,38.4
アヤシシ,899,0,2,かくとう,25.7
アヤシシ,899,0,3,みず,11.3
アヤシシ,899,0,4,エスパー,8.8
アヤシシ,899,0,5,ほのお,7.4
アヤシシ,899,0,6,ノーマル,2.8
アヤシシ,899,0,7,じめん,1.8
アヤシシ,899,0,8,ゴースト,1.8
アヤシシ,899,0,9,ひこう,0.7
アヤシシ,899,0,10,でんき,0.7
バサギリ,900,0,1,くさ,59.3
バサギリ,900,0,2,むし,17.1
バサギリ,900,0,3,ゴースト,5.4
バサギリ,900,0,4,みず,4.8
バサギリ,900,0,5,ひこう,4.8
バサギリ,900,0,6,じめん,2.2
バサギリ,900,0,7,いわ,1.7
バサギリ,900,0,8,かくとう,1.3
バサギリ,900,0,9,あく,1.1
バサギリ,900,0,10,はがね,0.9
ガチグマ,901,0,1,ノーマル,38.9
ガチグマ,901,0,2,みず,19.7
ガチグマ,901,0,3,フェアリー,14.8
ガチグマ,901,0,4,ゴースト,12.3
ガチグマ,901,0,5,かくとう,4.3
ガチグマ,901,0,6,どく,2.8
ガチグマ,901,0,7,くさ,2.4
ガチグマ,901,0,8,じめん,2.2
ガチグマ,901,0,9,はがね,1.2
ガチグマ,901,0,10,でんき,0.6
イダイトウ,902,0,1,みず,72.9
イダイトウ,902,0,2,ゴースト,13.2
イダイトウ,902,0,3,フェアリー,7.4
イダイトウ,902,0,4,かくとう,1.6
イダイトウ,902,0,5,でんき,1.2
イダイトウ,902,0,6,じめん,0.6
イダイトウ,902,0,7,こおり,0.6
イダイトウ,902,0,8,ノーマル,0.5
イダイトウ,902,0,9,あく,0.5
イダイトウ,902,0,10,ドラゴン,0.3
イダイトウ,902,1,1,フェアリー,40.8
イダイトウ,902,1,2,みず,33.7
イダイトウ,902,1,3,こおり,7.1
イダイトウ,902,1,4,じめん,4.7
イダイトウ,902,1,5,ゴースト,3.7
イダイトウ,902,1,6,くさ,3.2
イダイトウ,902,1,7,ノーマル,2.6
イダイトウ,902,1,8,かくとう,1.3
イダイトウ,902,1,9,でんき,0.9
イダイトウ,902,1,10,あく,0.6
オオニューラ,903,0,1,ゴースト,36.8
オオニューラ,903,0,2,ひこう,25.3
オオニューラ,903,0,3,かくとう,14.2
オオニューラ,903,0,4,みず,7.3
オオニューラ,903,0,5,こおり,6.9
オオニューラ,903,0,6,あく,3.6
オオニューラ,903,0,7,どく,3.3
オオニューラ,903,0,8,ほのお,0.5
オオニューラ,903,0,9,じめん,0.5
オオニューラ,903,0,10,フェアリー,0.4
ハリーマン,904,0,1,みず,31.5
ハリーマン,904,0,2,あく,19.5
ハリーマン,904,0,3,ひこう,18.4
ハリーマン,904,0,4,どく,10.2
ハリーマン,904,0,5,むし,6.5
ハリーマン,904,0,6,ゴースト,5.2
ハリーマン,904,0,7,くさ,3.6
ハリーマン,904,0,8,フェアリー,2.0
ハリーマン,904,0,9,じめん,1.3
ハリーマン,904,0,10,ノーマル,0.7
ラブトロス,905,0,1,はがね,35.1
ラブトロス,905,0,2,フェアリー,27.1
ラブトロス,905,0,3,かくとう,11.1
ラブトロス,905,0,4,ほのお,7.4
ラブトロス,905,0,5,じめん,6.1
ラブトロス,905,0,6,ゴースト,4.1
ラブトロス,905,0,7,みず,3.0
ラブトロス,905,0,8,ひこう,1.9
ラブトロス,905,0,9,こおり,1.5
ラブトロス,905,0,10,でんき,1.4
ラブトロス,905,1,1,フェアリー,53.7
ラブトロス,905,1,2,みず,20.1
ラブトロス,905,1,3,はがね,11.5
ラブトロス,905,1,4,じめん,5.1
ラブトロス,905,1,5,ほのお,4.4
ラブトロス,905,1,6,どく,1.7
ラブトロス,905,1,7,でんき,1.1
ラブトロス,905,1,8,ゴースト,0.8
ラブトロス,905,1,9,ひこう,0.5
ラブトロス,905,1,10,くさ,0.3
ニャオハ,906,0,1,あく,50.0
ニャオハ,906,0,2,くさ,50.0
ニャローテ,907,0,1,フェアリー,50.0
ニャローテ,907,0,2,くさ,25.0
ニャローテ,907,0,3,みず,12.5
ニャローテ,907,0,4,ほのお,12.5
マスカーニャ,908,0,1,くさ,55.0
マスカーニャ,908,0,2,あく,12.0
マスカーニャ,908,0,3,こおり,7.9
マスカーニャ,908,0,4,ゴースト,6.0
マスカーニャ,908,0,5,いわ,5.8
マスカーニャ,908,0,6,ほのお,3.1
マスカーニャ,908,0,7,はがね,3.0
マスカーニャ,908,0,8,フェアリー,2.7
マスカーニャ,908,0,9,じめん,1.4
マスカーニャ,908,0,10,どく,1.1
ホゲータ,909,0,1,みず,37.5
ホゲータ,909,0,2,ほのお,25.0
ホゲータ,909,0,3,ゴースト,12.5
ホゲータ,909,0,4,ひこう,12.5
ホゲータ,909,0,5,くさ,12.5
アチゲータ,910,0,1,くさ,30.1
アチゲータ,910,0,2,みず,27.1
アチゲータ,910,0,3,フェアリー,25.6
アチゲータ,910,0,4,ひこう,9.8
アチゲータ,910,0,5,ほのお,5.3
アチゲータ,910,0,6,かくとう,0.8
アチゲータ,910,0,7,ノーマル,0.8
アチゲータ,910,0,8,ゴースト,0.8
ラウドボーン,911,0,1,フェアリー,38.3
ラウドボーン,911,0,2,ノーマル,16.2
ラウドボーン,911,0,3,みず,15.9
ラウドボーン,911,0,4,くさ,11.2
ラウドボーン,911,0,5,ほのお,10.6
ラウドボーン,911,0,6,あく,2.2
ラウドボーン,911,0,7,ひこう,1.8
ラウドボーン,911,0,8,どく,0.8
ラウドボーン,911,0,9,ゴースト,0.6
ラウドボーン,911,0,10,でんき,0.6
クワッス,912,0,1,みず,100.0
ウェルカモ,913,0,1,フェアリー,100.0
ウェーニバル,914,0,1,みず,48.2
ウェーニバル,914,0,2,でんき,19.7
ウェーニバル,914,0,3,はがね,14.5
ウェーニバル,914,0,4,ゴースト,3.9
ウェーニバル,914,0,5,ひこう,3.4
ウェーニバル,914,0,6,こおり,2.5
ウェーニバル,914,0,7,くさ,1.9
ウェーニバル,914,0,8,フェアリー,1.6
ウェーニバル,914,0,9,どく,1.4
ウェーニバル,914,0,10,ほのお,1.0
グルトン,915,0,1,はがね,100.0
パフュートン,916,0,1,フェアリー,37.7
パフュートン,916,0,2,ノーマル,20.8
パフュートン,916,0,3,じめん,10.4
パフュートン,916,0,4,ゴースト,7.8
パフュートン,916,0,5,かくとう,7.8
パフュートン,916,0,6,はがね,5.2
パフュートン,916,0,7,みず,3.9
パフュートン,916,0,8,どく,2.6
パフュートン,916,0,9,むし,2.6
パフュートン,916,0,10,くさ,1.3
パフュートン,916,1,1,ゴースト,42.6
パフュートン,916,1,2,どく,22.2
パフュートン,916,1,3,フェアリー,18.5
パフュートン,916,1,4,みず,11.1
パフュートン,916,1,5,はがね,3.7
パフュートン,916,1,6,ノーマル,1.9
ワナイダー,918,0,1,いわ,23.5
ワナイダー,918,0,2,むし,18.1
ワナイダー,918,0,3,みず,14.1
ワナイダー,918,0,4,ゴースト,11.4
ワナイダー,918,0,5,かくとう,7.4
ワナイダー,918,0,6,ほのお,6.7
ワナイダー,918,0,7,あく,5.4
ワナイダー,918,0,8,はがね,4.7
ワナイダー,918,0,9,じめん,2.0
ワナイダー,918,0,10,エスパー,2.0
マメバッタ,919,0,1,むし,100.0
エクスレッグ,920,0,1,むし,84.6
エクスレッグ,920,0,2,あく,8.9
エクスレッグ,920,0,3,ゴースト,1.9
エクスレッグ,920,0,4,かくとう,1.7
エクスレッグ,920,0,5,みず,1.1
エクスレッグ,920,0,6,はがね,0.9
エクスレッグ,920,0,7,ひこう,0.3
エクスレッグ,920,0,8,こおり,0.2
エクスレッグ,920,0,9,ほのお,0.2
エクスレッグ,920,0,10,ノーマル,0.1
パーモット,923,0,1,でんき,88.5
パーモット,923,0,2,かくとう,3.0
パーモット,923,0,3,こおり,2.9
パーモット,923,0,4,ひこう,2.2
パーモット,923,0,5,ゴースト,1.0
パーモット,923,0,6,くさ,0.6
パーモット,923,0,7,はがね,0.5
パーモット,923,0,8,みず,0.3
パーモット,923,0,9,フェアリー,0.3
パーモット,923,0,10,ノーマル,0.2
イッカネズミ,925,0,1,ノーマル,53.0
イッカネズミ,925,0,2,ゴースト,36.1
イッカネズミ,925,0,3,どく,2.7
イッカネズミ,925,0,4,フェアリー,1.6
イッカネズミ,925,0,5,くさ,1.5
イッカネズミ,925,0,6,はがね,1.4
イッカネズミ,925,0,7,あく,1.4
イッカネズミ,925,0,8,ほのお,0.7
イッカネズミ,925,0,9,ひこう,0.6
イッカネズミ,925,0,10,じめん,0.4
パピモッチ,926,0,1,はがね,100.0
バウッツェル,927,0,1,はがね,77.0
バウッツェル,927,0,2,かくとう,9.3
バウッツェル,927,0,3,フェアリー,5.8
バウッツェル,927,0,4,ノーマル,2.4
バウッツェル,927,0,5,くさ,1.4
バウッツェル,927,0,6,あく,0.7
バウッツェル,927,0,7,みず,0.7
バウッツェル,927,0,8,じめん,0.7
バウッツェル,927,0,9,でんき,0.3
バウッツェル,927,0,10,どく,0.3
オリーニョ,929,0,1,フェアリー,55.6
オリーニョ,929,0,2,どく,22.2
オリーニョ,929,0,3,ノーマル,16.7
オリーニョ,929,0,4,ほのお,5.6
オリーヴァ,930,0,1,ほのお,29.3
オリーヴァ,930,0,2,どく,17.2
オリーヴァ,930,0,3,フェアリー,16.2
オリーヴァ,930,0,4,みず,12.3
オリーヴァ,930,0,5,ゴースト,7.5
オリーヴァ,930,0,6,でんき,6.8
オリーヴァ,930,0,7,くさ,2.2
オリーヴァ,930,0,8,ノーマル,1.9
オリーヴァ,930,0,9,はがね,1.5
オリーヴァ,930,0,10,ひこう,1.3
イキリンコ,931,0,1,じめん,47.1
イキリンコ,931,0,2,ひこう,35.3
イキリンコ,931,0,3,ノーマル,15.7
イキリンコ,931,0,4,かくとう,2.0
イキリンコ,931,1,1,ノーマル,80.0
イキリンコ,931,1,2,ひこう,20.0
イキリンコ,931,2,1,ひこう,100.0
イキリンコ,931,3,1,ひこう,73.5
イキリンコ,931,3,2,ノーマル,26.5
ジオヅム,933,0,1,ゴースト,71.3
ジオヅム,933,0,2,フェアリー,11.5
ジオヅム,933,0,3,みず,10.3
ジオヅム,933,0,4,かくとう,2.3
ジオヅム,933,0,5,ひこう,2.3
ジオヅム,933,0,6,くさ,1.1
ジオヅム,933,0,7,ほのお,1.1
キョジオーン,934,0,1,ゴースト,40.8
キョジオーン,934,0,2,みず,23.0
キョジオーン,934,0,3,フェアリー,14.6
キョジオーン,934,0,4,どく,11.3
キョジオーン,934,0,5,ひこう,5.8
キョジオーン,934,0,6,くさ,1.9
キョジオーン,934,0,7,ドラゴン,0.6
キョジオーン,934,0,8,かくとう,0.5
キョジオーン,934,0,9,むし,0.4
キョジオーン,934,0,10,はがね,0.4
グレンアルマ,936,0,1,くさ,30.9
グレンアルマ,936,0,2,エスパー,22.6
グレンアルマ,936,0,3,かくとう,9.9
グレンアルマ,936,0,4,フェアリー,8.3
グレンアルマ,936,0,5,ほのお,7.5
グレンアルマ,936,0,6,みず,4.2
グレンアルマ,936,0,7,ノーマル,3.7
グレンアルマ,936,0,8,こおり,2.9
グレンアルマ,936,0,9,はがね,2.0
グレンアルマ,936,0,10,ドラゴン,1.8
ソウブレイズ,937,0,1,くさ,40.3
ソウブレイズ,937,0,2,フェアリー,24.8
ソウブレイズ,937,0,3,ほのお,9.5
ソウブレイズ,937,0,4,ノーマル,4.4
ソウブレイズ,937,0,5,かくとう,4.3
ソウブレイズ,937,0,6,こおり,3.8
ソウブレイズ,937,0,7,はがね,3.1
ソウブレイズ,937,0,8,むし,2.2
ソウブレイズ,937,0,9,みず,2.1
ソウブレイズ,937,0,10,ひこう,1.9
ハラバリー,939,0,1,でんき,36.0
ハラバリー,939,0,2,みず,25.5
ハラバリー,939,0,3,くさ,10.3
ハラバリー,939,0,4,こおり,9.3
ハラバリー,939,0,5,フェアリー,7.5
ハラバリー,939,0,6,ひこう,7.0
ハラバリー,939,0,7,むし,2.7
ハラバリー,939,0,8,ノーマル,0.5
ハラバリー,939,0,9,どく,0.4
ハラバリー,939,0,10,かくとう,0.2
カイデン,940,0,1,ゴースト,100.0
タイカイデン,941,0,1,こおり,35.3
タイカイデン,941,0,2,みず,31.1
タイカイデン,941,0,3,はがね,10.8
タイカイデン,941,0,4,でんき,9.1
タイカイデン,941,0,5,ひこう,3.5
タイカイデン,941,0,6,フェアリー,3.3
タイカイデン,941,0,7,あく,1.9
タイカイデン,941,0,8,ほのお,1.4
タイカイデン,941,0,9,ゴースト,1.3
タイカイデン,941,0,10,いわ,0.8
オラチフ,942,0,1,ひこう,100.0
マフィティフ,943,0,1,フェアリー,59.2
マフィティフ,943,0,2,ひこう,9.2
マフィティフ,943,0,3,あく,8.7
マフィティフ,943,0,4,ゴースト,5.5
マフィティフ,943,0,5,みず,4.6
マフィティフ,943,0,6,どく,4.6
マフィティフ,943,0,7,くさ,3.7
マフィティフ,943,0,8,こおり,1.4
マフィティフ,943,0,9,いわ,1.4
マフィティフ,943,0,10,ドラゴン,0.9
シルシュルー,944,0,1,ひこう,80.0
シルシュルー,944,0,2,ゴースト,20.0
タギングル,945,0,1,ひこう,56.8
タギングル,945,0,2,ゴースト,14.8
タギングル,945,0,3,あく,8.2
タギングル,945,0,4,じめん,4.8
タギングル,945,0,5,フェアリー,3.3
タギングル,945,0,6,どく,2.6
タギングル,945,0,7,むし,2.1
タギングル,945,0,8,こおり,2.0
タギングル,945,0,9,はがね,1.5
タギングル,945,0,10,ノーマル,1.4
アノクサ,946,0,1,かくとう,75.0
アノクサ,946,0,2,ゴースト,25.0
アノホラグサ,947,0,1,ゴースト,24.5
アノホラグサ,947,0,2,みず,18.0
アノホラグサ,947,0,3,じめん,12.1
アノホラグサ,947,0,4,くさ,8.5
アノホラグサ,947,0,5,フェアリー,8.3
アノホラグサ,947,0,6,ほのお,7.0
アノホラグサ,947,0,7,かくとう,4.3
アノホラグサ,947,0,8,ひこう,3.6
アノホラグサ,947,0,9,あく,2.8
アノホラグサ,947,0,10,はがね,2.8
ノノクラゲ,948,0,1,フェアリー,100.0
リククラゲ,949,0,1,ほのお,28.6
リククラゲ,949,0,2,みず,22.8
リククラゲ,949,0,3,はがね,11.9
リククラゲ,949,0,4,じめん,9.4
リククラゲ,949,0,5,ゴースト,6.5
リククラゲ,949,0,6,どく,5.2
リククラゲ,949,0,7,くさ,3.7
リククラゲ,949,0,8,フェアリー,3.2
リククラゲ,949,0,9,いわ,2.3
リククラゲ,949,0,10,こおり,2.2
ガケガニ,950,0,1,くさ,21.4
ガケガニ,950,0,2,みず,17.9
ガケガニ,950,0,3,ゴースト,15.3
ガケガニ,950,0,4,いわ,10.5
ガケガニ,950,0,5,フェアリー,10.5
ガケガニ,950,0,6,かくとう,8.7
ガケガニ,950,0,7,むし,4.4
ガケガニ,950,0,8,ひこう,3.9
ガケガニ,950,0,9,エスパー,2.6
ガケガニ,950,0,10,ドラゴン,1.3
カプサイジ,951,0,1,くさ,100.0
スコヴィラン,952,0,1,みず,27.2
スコヴィラン,952,0,2,ほのお,25.3
スコヴィラン,952,0,3,フェアリー,17.4
スコヴィラン,952,0,4,はがね,6.1
スコヴィラン,952,0,5,ゴースト,6.0
スコヴィラン,952,0,6,くさ,4.5
スコヴィラン,952,0,7,でんき,3.4
スコヴィラン,952,0,8,いわ,2.9
スコヴィラン,952,0,9,あく,2.4
スコヴィラン,952,0,10,こおり,2.2
シガロコ,953,0,1,はがね,50.0
シガロコ,953,0,2,ノーマル,50.0
ベラカス,954,0,1,ノーマル,33.2
ベラカス,954,0,2,どく,12.7
ベラカス,954,0,3,フェアリー,9.6
ベラカス,954,0,4,いわ,9.1
ベラカス,954,0,5,むし,6.8
ベラカス,954,0,6,はがね,6.8
ベラカス,954,0,7,かくとう,4.3
ベラカス,954,0,8,みず,4.1
ベラカス,954,0,9,こおり,3.3
ベラカス,954,0,10,あく,2.8
クエスパトラ,956,0,1,かくとう,46.2
クエスパトラ,956,0,2,みず,19.2
クエスパトラ,956,0,3,フェアリー,8.5
クエスパトラ,956,0,4,ほのお,7.6
クエスパトラ,956,0,5,ノーマル,6.9
クエスパトラ,956,0,6,はがね,5.4
クエスパトラ,956,0,7,エスパー,1.9
クエスパトラ,956,0,8,あく,1.6
クエスパトラ,956,0,9,どく,0.6
クエスパトラ,956,0,10,ゴースト,0.6
デカヌチャン,959,0,1,ひこう,24.0
デカヌチャン,959,0,2,じめん,19.2
デカヌチャン,959,0,3,フェアリー,17.4
デカヌチャン,959,0,4,みず,13.2
デカヌチャン,959,0,5,はがね,9.5
デカヌチャン,959,0,6,ゴースト,3.2
デカヌチャン,959,0,7,ノーマル,2.7
デカヌチャン,959,0,8,ほのお,2.4
デカヌチャン,959,0,9,あく,2.3
デカヌチャン,959,0,10,ドラゴン,1.4
ウミディグダ,960,0,1,みず,100.0
ウミトリオ,961,0,1,みず,88.0
ウミトリオ,961,0,2,じめん,3.0
ウミトリオ,961,0,3,くさ,3.0
ウミトリオ,961,0,4,こおり,1.8
ウミトリオ,961,0,5,でんき,1.8
ウミトリオ,961,0,6,ほのお,1.2
ウミトリオ,961,0,7,ひこう,0.6
ウミトリオ,961,0,8,いわ,0.6
オトシドリ,962,0,1,いわ,76.2
オトシドリ,962,0,2,あく,9.3
オトシドリ,962,0,3,じめん,4.6
オトシドリ,962,0,4,はがね,2.6
オトシドリ,962,0,5,ひこう,2.6
オトシドリ,962,0,6,みず,2.3
オトシドリ,962,0,7,どく,1.7
オトシドリ,962,0,8,ほのお,0.3
オトシドリ,962,0,9,こおり,0.3
イルカマン,964,0,1,みず,58.3
イルカマン,964,0,2,フェアリー,18.1
イルカマン,964,0,3,かくとう,10.5
イルカマン,964,0,4,でんき,4.3
イルカマン,964,0,5,くさ,3.1
イルカマン,964,0,6,ゴースト,1.5
イルカマン,964,0,7,こおり,0.9
イルカマン,964,0,8,はがね,0.8
イルカマン,964,0,9,ひこう,0.5
イルカマン,964,0,10,ほのお,0.5
ブロロン,965,0,1,はがね,100.0
ブロロローム,966,0,1,じめん,31.5
ブロロローム,966,0,2,みず,23.0
ブロロローム,966,0,3,ひこう,12.0
ブロロローム,966,0,4,ほのお,9.3
ブロロローム,966,0,5,はがね,7.5
ブロロローム,966,0,6,どく,4.6
ブロロローム,966,0,7,くさ,4.3
ブロロローム,966,0,8,こおり,1.9
ブロロローム,966,0,9,ゴースト,1.5
ブロロローム,966,0,10,でんき,0.9
モトトカゲ,967,0,1,ノーマル,32.2
モトトカゲ,967,0,2,ほのお,14.6
モトトカゲ,967,0,3,はがね,13.7
モトトカゲ,967,0,4,ゴースト,9.3
モトトカゲ,967,0,5,ドラゴン,7.5
モトトカゲ,967,0,6,こおり,6.3
モトトカゲ,967,0,7,あく,3.9
モトトカゲ,967,0,8,フェアリー,3.6
モトトカゲ,967,0,9,ひこう,2.4
モトトカゲ,967,0,10,どく,2.4
ミミズズ,968,0,1,ゴースト,40.4
ミミズズ,968,0,2,どく,19.2
ミミズズ,968,0,3,フェアリー,10.9
ミミズズ,968,0,4,かくとう,9.1
ミミズズ,968,0,5,でんき,6.0
ミミズズ,968,0,6,ほのお,4.8
ミミズズ,968,0,7,みず,4.8
ミミズズ,968,0,8,ドラゴン,2.5
ミミズズ,968,0,9,エスパー,0.8
ミミズズ,968,0,10,はがね,0.8
キラーメ,969,0,1,ひこう,100.0
キラフロル,970,0,1,くさ,66.0
キラフロル,970,0,2,ひこう,10.0
キラフロル,970,0,3,みず,6.0
キラフロル,970,0,4,どく,4.8
キラフロル,970,0,5,フェアリー,2.5
キラフロル,970,0,6,こおり,1.7
キラフロル,970,0,7,じめん,1.7
キラフロル,970,0,8,いわ,1.6
キラフロル,970,0,9,ほのお,1.3
キラフロル,970,0,10,むし,1.2
ハカドッグ,972,0,1,かくとう,45.3
ハカドッグ,972,0,2,ゴースト,39.1
ハカドッグ,972,0,3,みず,4.5
ハカドッグ,972,0,4,フェアリー,3.7
ハカドッグ,972,0,5,ほのお,1.6
ハカドッグ,972,0,6,ノーマル,1.6
ハカドッグ,972,0,7,ひこう,1.4
ハカドッグ,972,0,8,じめん,0.7
ハカドッグ,972,0,9,くさ,0.6
ハカドッグ,972,0,10,あく,0.6
カラミンゴ,973,0,1,かくとう,47.6
カラミンゴ,973,0,2,こおり,19.9
カラミンゴ,973,0,3,ひこう,16.9
カラミンゴ,973,0,4,はがね,7.2
カラミンゴ,973,0,5,ゴースト,2.7
カラミンゴ,973,0,6,ノーマル,2.0
カラミンゴ,973,0,7,むし,1.7
カラミンゴ,973,0,8,みず,0.7
カラミンゴ,973,0,9,ドラゴン,0.5
カラミンゴ,973,0,10,じめん,0.4
アルクジラ,974,0,1,こおり,62.5
アルクジラ,974,0,2,じめん,37.5
ハルクジラ,975,0,1,みず,32.2
ハルクジラ,975,0,2,じめん,28.3
ハルクジラ,975,0,3,フェアリー,15.2
ハルクジラ,975,0,4,ほのお,5.4
ハルクジラ,975,0,5,こおり,5.1
ハルクジラ,975,0,6,でんき,4.4
ハルクジラ,975,0,7,どく,2.6
ハルクジラ,975,0,8,くさ,2.6
ハルクジラ,975,0,9,ドラゴン,1.6
ハルクジラ,975,0,10,ゴースト,1.0
ミガルーサ,976,0,1,エスパー,18.9
ミガルーサ,976,0,2,ノーマル,18.3
ミガルーサ,976,0,3,かくとう,16.3
ミガルーサ,976,0,4,あく,11.3
ミガルーサ,976,0,5,みず,8.0
ミガルーサ,976,0,6,じめん,7.3
ミガルーサ,976,0,7,フェアリー,6.3
ミガルーサ,976,0,8,ゴースト,5.0
ミガルーサ,976,0,9,ドラゴン,4.7
ミガルーサ,976,0,10,ほのお,2.0
ヘイラッシャ,977,0,1,フェアリー,49.3
ヘイラッシャ,977,0,2,くさ,18.0
ヘイラッシャ,977,0,3,はがね,8.5
ヘイラッシャ,977,0,4,じめん,4.3
ヘイラッシャ,977,0,5,どく,3.9
ヘイラッシャ,977,0,6,みず,3.1
ヘイラッシャ,977,0,7,でんき,2.7
ヘイラッシャ,977,0,8,ドラゴン,2.6
ヘイラッシャ,977,0,9,ひこう,1.7
ヘイラッシャ,977,0,10,ゴースト,1.6
シャリタツ,978,0,1,ほのお,44.0
シャリタツ,978,0,2,ゴースト,22.2
シャリタツ,978,0,3,ドラゴン,7.7
シャリタツ,978,0,4,みず,6.3
シャリタツ,978,0,5,フェアリー,4.3
シャリタツ,978,0,6,はがね,4.3
シャリタツ,978,0,7,でんき,4.3
シャリタツ,978,0,8,どく,2.4
シャリタツ,978,0,9,じめん,1.4
シャリタツ,978,0,10,いわ,1.4
シャリタツ,978,1,1,フェアリー,34.1
シャリタツ,978,1,2,ほのお,34.1
シャリタツ,978,1,3,ゴースト,13.3
シャリタツ,978,1,4,ドラゴン,7.5
シャリタツ,978,1,5,みず,3.9
シャリタツ,978,1,6,じめん,2.4
シャリタツ,978,1,7,でんき,2.0
シャリタツ,978,1,8,くさ,0.8
シャリタツ,978,1,9,はがね,0.8
シャリタツ,978,1,10,どく,0.4
シャリタツ,978,2,1,ほのお,21.2
シャリタツ,978,2,2,みず,20.7
シャリタツ,978,2,3,フェアリー,17.7
シャリタツ,978,2,4,ゴースト,15.2
シャリタツ,978,2,5,はがね,12.1
シャリタツ,978,2,6,でんき,7.1
シャリタツ,978,2,7,じめん,2.5
シャリタツ,978,2,8,ドラゴン,1.5
シャリタツ,978,2,9,こおり,0.5
シャリタツ,978,2,10,くさ,0.5
コノヨザル,979,0,1,ほのお,23.2
コノヨザル,979,0,2,どく,19.8
コノヨザル,979,0,3,はがね,19.8
コノヨザル,979,0,4,みず,12.2
コノヨザル,979,0,5,ノーマル,9.7
コノヨザル,979,0,6,フェアリー,3.3
コノヨザル,979,0,7,ひこう,3.1
コノヨザル,979,0,8,ゴースト,2.9
コノヨザル,979,0,9,かくとう,2.4
コノヨザル,979,0,10,でんき,1.4
ドオー,980,0,1,みず,27.1
ドオー,980,0,2,フェアリー,14.5
ドオー,980,0,3,どく,12.6
ドオー,980,0,4,ほのお,10.3
ドオー,980,0,5,ゴースト,7.9
ドオー,980,0,6,あく,6.2
ドオー,980,0,7,じめん,5.3
ドオー,980,0,8,ひこう,3.6
ドオー,980,0,9,ノーマル,2.8
ドオー,980,0,10,むし,2.5
リキキリン,981,0,1,フェアリー,53.5
リキキリン,981,0,2,かくとう,15.5
リキキリン,981,0,3,ノーマル,7.6
リキキリン,981,0,4,エスパー,5.2
リキキリン,981,0,5,ほのお,3.7
リキキリン,981,0,6,むし,3.0
リキキリン,981,0,7,じめん,2.6
リキキリン,981,0,8,みず,2.3
リキキリン,981,0,9,ひこう,1.8
リキキリン,981,0,10,くさ,1.4
ノココッチ,982,0,1,ゴースト,29.6
ノココッチ,982,0,2,どく,19.1
ノココッチ,982,0,3,ノーマル,16.6
ノココッチ,982,0,4,フェアリー,10.9
ノココッチ,982,0,5,ひこう,6.1
ノココッチ,982,0,6,エスパー,3.9
ノココッチ,982,0,7,みず,3.2
ノココッチ,982,0,8,ほのお,2.4
ノココッチ,982,0,9,じめん,2.2
ノココッチ,982,0,10,はがね,2.0
ドドゲザン,983,0,1,フェアリー,32.8
ドドゲザン,983,0,2,あく,32.1
ドドゲザン,983,0,3,ひこう,19.3
ドドゲザン,983,0,4,みず,4.4
ドドゲザン,983,0,5,ゴースト,3.9
ドドゲザン,983,0,6,かくとう,1.3
ドドゲザン,983,0,7,くさ,1.2
ドドゲザン,983,0,8,はがね,1.0
ドドゲザン,983,0,9,ほのお,0.9
ドドゲザン,983,0,10,どく,0.7
イダイナキバ,984,0,1,はがね,47.6
イダイナキバ,984,0,2,みず,16.1
イダイナキバ,984,0,3,じめん,8.9
イダイナキバ,984,0,4,かくとう,6.9
イダイナキバ,984,0,5,フェアリー,6.0
イダイナキバ,984,0,6,こおり,4.7
イダイナキバ,984,0,7,くさ,2.1
イダイナキバ,984,0,8,どく,1.8
イダイナキバ,984,0,9,いわ,1.4
イダイナキバ,984,0,10,ゴースト,1.1
サケブシッポ,985,0,1,ノーマル,47.0
サケブシッポ,985,0,2,じめん,14.2
サケブシッポ,985,0,3,フェアリー,8.2
サケブシッポ,985,0,4,はがね,6.9
サケブシッポ,985,0,5,みず,5.9
サケブシッポ,985,0,6,でんき,5.0
サケブシッポ,985,0,7,エスパー,5.0
サケブシッポ,985,0,8,ほのお,2.6
サケブシッポ,985,0,9,かくとう,1.9
サケブシッポ,985,0,10,あく,1.0
アラブルタケ,986,0,1,ほのお,29.5
アラブルタケ,986,0,2,どく,18.2
アラブルタケ,986,0,3,みず,14.5
アラブルタケ,986,0,4,あく,12.7
アラブルタケ,986,0,5,フェアリー,9.5
アラブルタケ,986,0,6,くさ,6.5
アラブルタケ,986,0,7,ゴースト,4.0
アラブルタケ,986,0,8,ひこう,2.0
アラブルタケ,986,0,9,でんき,1.3
アラブルタケ,986,0,10,いわ,0.7
ハバタクカミ,987,0,1,フェアリー,43.6
ハバタクカミ,987,0,2,みず,29.8
ハバタクカミ,987,0,3,じめん,9.0
ハバタクカミ,987,0,4,ノーマル,5.1
ハバタクカミ,987,0,5,ゴースト,4.9
ハバタクカミ,987,0,6,ほのお,4.9
ハバタクカミ,987,0,7,くさ,0.8
ハバタクカミ,987,0,8,はがね,0.8
ハバタクカミ,987,0,9,かくとう,0.4
ハバタクカミ,987,0,10,でんき,0.4
チヲハウハネ,988,0,1,むし,23.8
チヲハウハネ,988,0,2,はがね,19.9
チヲハウハネ,988,0,3,ほのお,15.3
チヲハウハネ,988,0,4,いわ,7.1
チヲハウハネ,988,0,5,こおり,7.0
チヲハウハネ,988,0,6,でんき,5.9
チヲハウハネ,988,0,7,ひこう,4.4
チヲハウハネ,988,0,8,みず,4.3
チヲハウハネ,988,0,9,かくとう,3.6
チヲハウハネ,988,0,10,じめん,3.3
スナノケガワ,989,0,1,こおり,84.3
スナノケガワ,989,0,2,フェアリー,5.2
スナノケガワ,989,0,3,でんき,3.7
スナノケガワ,989,0,4,じめん,1.8
スナノケガワ,989,0,5,ひこう,1.1
スナノケガワ,989,0,6,みず,0.9
スナノケガワ,989,0,7,くさ,0.9
スナノケガワ,989,0,8,はがね,0.7
スナノケガワ,989,0,9,むし,0.5
スナノケガワ,989,0,10,ほのお,0.3
テツノワダチ,990,0,1,みず,23.0
テツノワダチ,990,0,2,じめん,19.7
テツノワダチ,990,0,3,はがね,12.1
テツノワダチ,990,0,4,ひこう,11.2
テツノワダチ,990,0,5,フェアリー,7.6
テツノワダチ,990,0,6,でんき,5.9
テツノワダチ,990,0,7,ゴースト,5.3
テツノワダチ,990,0,8,くさ,4.8
テツノワダチ,990,0,9,こおり,3.5
テツノワダチ,990,0,10,かくとう,3.0
テツノツツミ,991,0,1,みず,37.8
テツノツツミ,991,0,2,ゴースト,28.1
テツノツツミ,991,0,3,こおり,13.9
テツノツツミ,991,0,4,じめん,6.1
テツノツツミ,991,0,5,フェアリー,5.1
テツノツツミ,991,0,6,はがね,4.9
テツノツツミ,991,0,7,かくとう,1.6
テツノツツミ,991,0,8,ほのお,1.3
テツノツツミ,991,0,9,どく,0.4
テツノツツミ,991,0,10,くさ,0.4
テツノカイナ,992,0,1,みず,19.9
テツノカイナ,992,0,2,ひこう,17.8
テツノカイナ,992,0,3,かくとう,11.2
テツノカイナ,992,0,4,でんき,10.3
テツノカイナ,992,0,5,じめん,10.1
テツノカイナ,992,0,6,フェアリー,9.9
テツノカイナ,992,0,7,くさ,7.8
テツノカイナ,992,0,8,はがね,5.1
テツノカイナ,992,0,9,こおり,3.4
テツノカイナ,992,0,10,ほのお,1.8
テツノコウベ,993,0,1,はがね,45.2
テツノコウベ,993,0,2,ひこう,16.5
テツノコウベ,993,0,3,あく,13.2
テツノコウベ,993,0,4,じめん,8.0
テツノコウベ,993,0,5,ほのお,6.9
テツノコウベ,993,0,6,こおり,3.4
テツノコウベ,993,0,7,くさ,1.3
テツノコウベ,993,0,8,かくとう,1.3
テツノコウベ,993,0,9,ゴースト,0.9
テツノコウベ,993,0,10,みず,0.8
テツノドクガ,994,0,1,くさ,44.9
テツノドクガ,994,0,2,みず,25.4
テツノドクガ,994,0,3,ほのお,6.2
テツノドクガ,994,0,4,フェアリー,5.4
テツノドクガ,994,0,5,どく,5.2
テツノドクガ,994,0,6,じめん,4.4
テツノドクガ,994,0,7,ひこう,2.2
テツノドクガ,994,0,8,こおり,1.9
テツノドクガ,994,0,9,ゴースト,1.6
テツノドクガ,994,0,10,あく,0.6
テツノイバラ,995,0,1,むし,64.6
テツノイバラ,995,0,2,ひこう,14.5
テツノイバラ,995,0,3,でんき,6.3
テツノイバラ,995,0,4,くさ,4.0
テツノイバラ,995,0,5,いわ,3.7
テツノイバラ,995,0,6,みず,1.7
テツノイバラ,995,0,7,じめん,1.6
テツノイバラ,995,0,8,ゴースト,1.0
テツノイバラ,995,0,9,フェアリー,0.8
テツノイバラ,995,0,10,こおり,0.8
セゴール,997,0,1,じめん,75.0
セゴール,997,0,2,フェアリー,25.0
セグレイブ,998,0,1,じめん,25.8
セグレイブ,998,0,2,でんき,25.5
セグレイブ,998,0,3,フェアリー,17.6
セグレイブ,998,0,4,こおり,9.8
セグレイブ,998,0,5,ゴースト,4.7
セグレイブ,998,0,6,ほのお,3.8
セグレイブ,998,0,7,はがね,3.4
セグレイブ,998,0,8,ドラゴン,3.3
セグレイブ,998,0,9,どく,2.5
セグレイブ,998,0,10,みず,2.1
コレクレー,999,0,1,かくとう,66.7
コレクレー,999,0,2,ノーマル,33.3
コレクレー,999,1,1,かくとう,100.0
サーフゴー,1000,0,1,みず,31.7
サーフゴー,1000,0,2,ひこう,30.4
サーフゴー,1000,0,3,はがね,10.6
サーフゴー,1000,0,4,ノーマル,9.5
サーフゴー,1000,0,5,かくとう,5.0
サーフゴー,1000,0,6,ゴースト,4.8
サーフゴー,1000,0,7,フェアリー,3.9
サーフゴー,1000,0,8,あく,2.0
サーフゴー,1000,0,9,じめん,0.7
サーフゴー,1000,0,10,ドラゴン,0.4
チオンジェン,1001,0,1,フェアリー,33.3
チオンジェン,1001,0,2,どく,31.1
チオンジェン,1001,0,3,みず,23.4
チオンジェン,1001,0,4,ほのお,5.9
チオンジェン,1001,0,5,くさ,1.7
チオンジェン,1001,0,6,あく,1.6
チオンジェン,1001,0,7,ゴースト,1.1
チオンジェン,1001,0,8,はがね,0.7
チオンジェン,1001,0,9,むし,0.3
チオンジェン,1001,0,10,でんき,0.2
パオジアン,1002,0,1,でんき,33.8
パオジアン,1002,0,2,フェアリー,22.6
パオジアン,1002,0,3,ゴースト,16.5
パオジアン,1002,0,4,あく,9.4
パオジアン,1002,0,5,くさ,8.1
パオジアン,1002,0,6,こおり,5.8
パオジアン,1002,0,7,どく,0.9
パオジアン,1002,0,8,ほのお,0.9
パオジアン,1002,0,9,みず,0.6
パオジアン,1002,0,10,かくとう,0.5
ディンルー,1003,0,1,フェアリー,34.6
ディンルー,1003,0,2,どく,30.3
ディンルー,1003,0,3,みず,19.4
ディンルー,1003,0,4,はがね,8.2
ディンルー,1003,0,5,でんき,3.1
ディンルー,1003,0,6,じめん,1.6
ディンルー,1003,0,7,くさ,0.8
ディンルー,1003,0,8,あく,0.7
ディンルー,1003,0,9,ほのお,0.4
ディンルー,1003,0,10,ひこう,0.3
イーユイ,1004,0,1,ゴースト,22.8
イーユイ,1004,0,2,フェアリー,21.5
イーユイ,1004,0,3,くさ,17.6
イーユイ,1004,0,4,ほのお,15.2
イーユイ,1004,0,5,あく,10.5
イーユイ,1004,0,6,みず,7.7
イーユイ,1004,0,7,ひこう,1.4
イーユイ,1004,0,8,かくとう,0.8
イーユイ,1004,0,9,じめん,0.7
イーユイ,1004,0,10,でんき,0.7
トドロクツキ,1005,0,1,ひこう,41.5
トドロクツキ,1005,0,2,はがね,24.9
トドロクツキ,1005,0,3,フェアリー,9.0
トドロクツキ,1005,0,4,ほのお,8.7
トドロクツキ,1005,0,5,ドラゴン,5.4
トドロクツキ,1005,0,6,どく,3.9
トドロクツキ,1005,0,7,あく,2.0
トドロクツキ,1005,0,8,ゴースト,1.7
トドロクツキ,1005,0,9,みず,0.9
トドロクツキ,1005,0,10,でんき,0.6
テツノブジン,1006,0,1,ゴースト,32.6
テツノブジン,1006,0,2,はがね,26.6
テツノブジン,1006,0,3,フェアリー,19.1
テツノブジン,1006,0,4,かくとう,8.5
テツノブジン,1006,0,5,じめん,3.7
テツノブジン,1006,0,6,でんき,2.9
テツノブジン,1006,0,7,ほのお,2.1
テツノブジン,1006,0,8,みず,1.4
テツノブジン,1006,0,9,こおり,0.8
テツノブジン,1006,0,10,くさ,0.7
